{"type":"FeatureCollection","features":[{"type":"Feature","properties":{"mode":"bus","n":6,"arr":["35","38","osl:604","osl:605","osl:607","osl:608"],"lines":"35, 38, 604, 605, 607, 608"},"geometry":{"type":"LineString","coordinates":[[14.086715,51.784735],[14.086617,51.784865],[14.08662,51.784917],[14.086539,51.785059],[14.086542,51.785132],[14.086532,51.785165],[14.086498,51.78519],[14.086412,51.785231]]}},{"type":"Feature","properties":{"mode":"bus","n":5,"arr":["35","38","osl:604","osl:607","osl:608"],"lines":"35, 38, 604, 607, 608"},"geometry":{"type":"LineString","coordinates":[[14.086412,51.785231],[14.086311,51.785215],[14.086265,51.785201],[14.086233,51.785176],[14.086187,51.785118]]}},{"type":"Feature","properties":{"mode":"bus","n":5,"arr":["35","38","osl:604","osl:607","osl:608"],"lines":"35, 38, 604, 607, 608"},"geometry":{"type":"LineString","coordinates":[[14.086235,51.785039],[14.086335,51.785014],[14.086388,51.785009],[14.086438,51.78502],[14.086539,51.785059]]}},{"type":"Feature","properties":{"mode":"bus","n":5,"arr":["35","osl:604","osl:605","osl:607","osl:609"],"lines":"35, 604, 605, 607, 609"},"geometry":{"type":"LineString","coordinates":[[14.075784,51.782623],[14.07589,51.782622],[14.075922,51.782617],[14.075943,51.782606],[14.075952,51.782586],[14.075966,51.782484],[14.076134,51.782267],[14.076479,51.781929],[14.076746,51.781722],[14.077132,51.781458],[14.077727,51.781134],[14.077949,51.781046]]}},{"type":"Feature","properties":{"mode":"bus","n":5,"arr":["109","123","M21","N7","X21"],"lines":"109, 123, M21, N7, X21"},"geometry":{"type":"LineString","coordinates":[[13.294893,52.539636],[13.294588,52.539047],[13.293898,52.537876],[13.293797,52.537763],[13.293112,52.536701],[13.292988,52.536399],[13.292968,52.536136],[13.29341,52.535358],[13.29349,52.535078],[13.293489,52.534907],[13.293454,52.534827],[13.293374,52.534677],[13.293201,52.53456],[13.293151,52.534481],[13.293139,52.534366],[13.29324,52.534208],[13.293465,52.534099]]}},{"type":"Feature","properties":{"mode":"bus","n":5,"arr":["109","123","M21","N7","X21"],"lines":"109, 123, M21, N7, X21"},"geometry":{"type":"LineString","coordinates":[[13.294036,52.534151],[13.294172,52.534259]]}},{"type":"Feature","properties":{"mode":"bus","n":5,"arr":["109","123","M21","N7","X21"],"lines":"109, 123, M21, N7, X21"},"geometry":{"type":"LineString","coordinates":[[13.294023,52.534661],[13.293884,52.534711],[13.293759,52.534828],[13.293686,52.534956],[13.29364,52.535429],[13.29365,52.535997],[13.29369,52.536198],[13.293759,52.53643],[13.294278,52.537388],[13.294772,52.538509],[13.295371,52.539617]]}},{"type":"Feature","properties":{"mode":"bus","n":11,"arr":["134","136","137","671","M36","M37","M45","N7","X33","X36","X37"],"lines":"134, 136, 137, 671, M36, M37, M45, N7, X33, X36, X37"},"geometry":{"type":"LineString","coordinates":[[13.203232,52.540822],[13.203437,52.540821]]}},{"type":"Feature","properties":{"mode":"bus","n":11,"arr":["134","136","137","671","M36","M37","M45","N7","X33","X36","X37"],"lines":"134, 136, 137, 671, M36, M37, M45, N7, X33, X36, X37"},"geometry":{"type":"LineString","coordinates":[[13.20062,52.538644],[13.201048,52.539131],[13.201388,52.539378],[13.201958,52.539711],[13.202438,52.540029],[13.202503,52.540099],[13.20259,52.540287],[13.202574,52.540439]]}},{"type":"Feature","properties":{"mode":"bus","n":11,"arr":["134","136","137","671","M36","M37","M45","N7","X33","X36","X37"],"lines":"134, 136, 137, 671, M36, M37, M45, N7, X33, X36, X37"},"geometry":{"type":"LineString","coordinates":[[13.203469,52.539946],[13.203247,52.539942],[13.202729,52.539826],[13.20228,52.539664],[13.201779,52.539417],[13.20123,52.539059],[13.200801,52.538585]]}},{"type":"Feature","properties":{"mode":"bus","n":11,"arr":["134","136","137","671","M36","M37","M45","N7","X33","X36","X37"],"lines":"134, 136, 137, 671, M36, M37, M45, N7, X33, X36, X37"},"geometry":{"type":"LineString","coordinates":[[13.204098,52.540449],[13.204114,52.540343]]}},{"type":"Feature","properties":{"mode":"bus","n":8,"arr":["134","136","671","M36","M45","N7","X33","X36"],"lines":"134, 136, 671, M36, M45, N7, X33, X36"},"geometry":{"type":"LineString","coordinates":[[13.202574,52.540439],[13.202663,52.540591],[13.202775,52.540687],[13.203001,52.540781],[13.203232,52.540822]]}},{"type":"Feature","properties":{"mode":"bus","n":9,"arr":["134","136","137","671","M36","M37","M45","X36","X37"],"lines":"134, 136, 137, 671, M36, M37, M45, X36, X37"},"geometry":{"type":"LineString","coordinates":[[13.204114,52.540343],[13.20405,52.540181],[13.203913,52.540066],[13.203707,52.539987],[13.203469,52.539946]]}},{"type":"Feature","properties":{"mode":"bus","n":5,"arr":["137","M37","N7","X33","X37"],"lines":"137, M37, N7, X33, X37"},"geometry":{"type":"LineString","coordinates":[[13.203437,52.540821],[13.20369,52.540785],[13.20389,52.540703],[13.204024,52.540584],[13.204098,52.540449]]}},{"type":"Feature","properties":{"mode":"bus","n":7,"arr":["143","218","bvg:N2","M49","N43","X34","X49"],"lines":"143, 218, N2, M49, N43, X34, X49"},"geometry":{"type":"LineString","coordinates":[[13.271542,52.509727],[13.271448,52.509551]]}},{"type":"Feature","properties":{"mode":"bus","n":8,"arr":["143","218","349","bvg:N2","M49","N43","X34","X49"],"lines":"143, 218, 349, N2, M49, N43, X34, X49"},"geometry":{"type":"LineString","coordinates":[[13.271616,52.509036],[13.272045,52.508922],[13.272691,52.50884]]}},{"type":"Feature","properties":{"mode":"bus","n":8,"arr":["143","218","349","bvg:N2","M49","N43","X34","X49"],"lines":"143, 218, 349, N2, M49, N43, X34, X49"},"geometry":{"type":"LineString","coordinates":[[13.273727,52.509329],[13.273551,52.508992]]}},{"type":"Feature","properties":{"mode":"bus","n":8,"arr":["143","218","349","bvg:N2","M49","N43","X34","X49"],"lines":"143, 218, 349, N2, M49, N43, X34, X49"},"geometry":{"type":"LineString","coordinates":[[13.273635,52.509768],[13.272862,52.509894]]}},{"type":"Feature","properties":{"mode":"bus","n":7,"arr":["143","218","349","M49","N43","X34","X49"],"lines":"143, 218, 349, M49, N43, X34, X49"},"geometry":{"type":"LineString","coordinates":[[13.273635,52.509768],[13.273735,52.509669],[13.273781,52.509566],[13.273785,52.50945],[13.273727,52.509329]]}},{"type":"Feature","properties":{"mode":"bus","n":7,"arr":["143","218","349","M49","N43","X34","X49"],"lines":"143, 218, 349, M49, N43, X34, X49"},"geometry":{"type":"LineString","coordinates":[[13.272691,52.50884],[13.272874,52.508784],[13.274619,52.507909],[13.275209,52.507666],[13.276243,52.507291],[13.276965,52.507035],[13.278002,52.506752],[13.278458,52.506631],[13.279299,52.506471]]}},{"type":"Feature","properties":{"mode":"bus","n":7,"arr":["143","218","349","M49","N43","X34","X49"],"lines":"143, 218, 349, M49, N43, X34, X49"},"geometry":{"type":"LineString","coordinates":[[13.28053,52.506501],[13.279285,52.506672],[13.278357,52.506944],[13.273809,52.508588],[13.273634,52.508706],[13.273574,52.508785],[13.273539,52.508891],[13.273551,52.508992]]}},{"type":"Feature","properties":{"mode":"bus","n":5,"arr":["184","629","pm:620","pm:N13","X10"],"lines":"184, 629, 620, N13, X10"},"geometry":{"type":"LineString","coordinates":[[13.243565,52.397078],[13.242491,52.39821],[13.241504,52.399189],[13.241483,52.399204],[13.241455,52.399213],[13.241422,52.399216],[13.241323,52.399213],[13.241246,52.399256],[13.241226,52.399319],[13.24131,52.399396],[13.241409,52.399409],[13.241533,52.399368]]}},{"type":"Feature","properties":{"mode":"bus","n":7,"arr":["195","197","395","398","399","N62","N95"],"lines":"195, 197, 395, 398, 399, N62, N95"},"geometry":{"type":"LineString","coordinates":[[13.612014,52.514092],[13.612022,52.514177]]}},{"type":"Feature","properties":{"mode":"bus","n":5,"arr":["197","395","398","399","N62"],"lines":"197, 395, 398, 399, N62"},"geometry":{"type":"LineString","coordinates":[[13.612022,52.514177],[13.611964,52.514211],[13.61193,52.514224],[13.61189,52.514227],[13.611794,52.514222]]}},{"type":"Feature","properties":{"mode":"bus","n":6,"arr":["195","197","395","398","399","N62"],"lines":"195, 197, 395, 398, 399, N62"},"geometry":{"type":"LineString","coordinates":[[13.611794,52.514222],[13.611732,52.51418]]}},{"type":"Feature","properties":{"mode":"bus","n":5,"arr":["195","197","395","398","N62"],"lines":"195, 197, 395, 398, N62"},"geometry":{"type":"LineString","coordinates":[[13.611732,52.51418],[13.611745,52.514085]]}},{"type":"Feature","properties":{"mode":"bus","n":5,"arr":["263","735","736","lds:741","N36"],"lines":"263, 735, 736, 741, N36"},"geometry":{"type":"LineString","coordinates":[[13.550553,52.369634],[13.55042,52.369538],[13.550363,52.369418],[13.550394,52.369294],[13.550443,52.369236],[13.550596,52.369147],[13.550693,52.36912],[13.550903,52.369108],[13.551102,52.369151],[13.55124,52.369233],[13.551315,52.369341],[13.551318,52.369447],[13.551253,52.369553],[13.551118,52.369641],[13.550936,52.369687],[13.550739,52.369686],[13.550553,52.369634]]}},{"type":"Feature","properties":{"mode":"bus","n":5,"arr":["263","735","736","lds:741","N36"],"lines":"263, 735, 736, 741, N36"},"geometry":{"type":"LineString","coordinates":[[13.541084,52.369317],[13.540921,52.369363]]}},{"type":"Feature","properties":{"mode":"bus","n":5,"arr":["263","735","736","lds:741","N36"],"lines":"263, 735, 736, 741, N36"},"geometry":{"type":"LineString","coordinates":[[13.551464,52.368818],[13.551102,52.369151]]}},{"type":"Feature","properties":{"mode":"bus","n":7,"arr":["338","653","655","663","670","hvb:604","M32"],"lines":"338, 653, 655, 663, 670, 604, M32"},"geometry":{"type":"LineString","coordinates":[[13.085391,52.532154],[13.085079,52.532209],[13.084985,52.532254],[13.084843,52.532476],[13.084759,52.532538],[13.083654,52.532779],[13.083507,52.532789],[13.081013,52.532384],[13.080966,52.532369],[13.08094,52.53234],[13.08058,52.531551],[13.080525,52.53151],[13.080506,52.531487],[13.080505,52.53146],[13.080521,52.53141],[13.080536,52.531389],[13.080564,52.531373],[13.080594,52.531362],[13.080612,52.531352],[13.08062,52.53134],[13.080618,52.531325],[13.080598,52.531278],[13.080621,52.531227],[13.08073,52.531184],[13.081919,52.530995],[13.082098,52.530991],[13.08249,52.531055]]}},{"type":"Feature","properties":{"mode":"bus","n":6,"arr":["338","653","655","663","670","hvb:604"],"lines":"338, 653, 655, 663, 670, 604"},"geometry":{"type":"LineString","coordinates":[[13.080629,52.531349],[13.080739,52.531368],[13.080786,52.531384],[13.080813,52.531413],[13.080829,52.531446],[13.080832,52.531477],[13.080809,52.531506],[13.080778,52.531529],[13.080737,52.531549],[13.080685,52.531554],[13.08058,52.531551]]}},{"type":"Feature","properties":{"mode":"bus","n":6,"arr":["338","653","655","663","670","hvb:604"],"lines":"338, 653, 655, 663, 670, 604"},"geometry":{"type":"LineString","coordinates":[[13.08249,52.531055],[13.084221,52.531338]]}},{"type":"Feature","properties":{"mode":"bus","n":5,"arr":["400","402","los:401","los:459","los:462"],"lines":"400, 402, 401, 459, 462"},"geometry":{"type":"LineString","coordinates":[[14.258856,52.1673],[14.258821,52.167384],[14.258755,52.167427],[14.258316,52.167612],[14.256077,52.16841],[14.254289,52.168998],[14.253342,52.16928],[14.2511,52.170226],[14.250616,52.170545],[14.250252,52.170984],[14.250167,52.171029],[14.250147,52.171096],[14.250213,52.171164],[14.250262,52.171326],[14.250221,52.171444],[14.250009,52.171706],[14.249796,52.171837],[14.249519,52.171924],[14.246853,52.172495]]}},{"type":"Feature","properties":{"mode":"bus","n":5,"arr":["400","402","los:401","los:459","los:462"],"lines":"400, 402, 401, 459, 462"},"geometry":{"type":"LineString","coordinates":[[14.259125,52.167286],[14.258964,52.167258]]}},{"type":"Feature","properties":{"mode":"bus","n":5,"arr":["400","402","los:401","los:459","los:462"],"lines":"400, 402, 401, 459, 462"},"geometry":{"type":"LineString","coordinates":[[14.259165,52.167415],[14.259181,52.167368]]}},{"type":"Feature","properties":{"mode":"bus","n":5,"arr":["400","402","los:401","los:459","los:462"],"lines":"400, 402, 401, 459, 462"},"geometry":{"type":"LineString","coordinates":[[14.258316,52.167612],[14.258807,52.167485],[14.258921,52.167467],[14.259038,52.167476]]}},{"type":"Feature","properties":{"mode":"bus","n":5,"arr":["400","402","los:401","los:459","los:462"],"lines":"400, 402, 401, 459, 462"},"geometry":{"type":"LineString","coordinates":[[14.248268,52.174217],[14.249408,52.174129],[14.24977,52.174052],[14.250121,52.173917],[14.251039,52.17344],[14.251296,52.173255],[14.251487,52.17304],[14.251716,52.172628],[14.251743,52.172464],[14.251694,52.17229],[14.250619,52.171123],[14.250457,52.171023],[14.250428,52.170994],[14.250421,52.170961],[14.250456,52.170736]]}},{"type":"Feature","properties":{"mode":"bus","n":10,"arr":["400","402","404","409","430","440","los:401","los:403","los:459","los:462"],"lines":"400, 402, 404, 409, 430, 440, 401, 403, 459, 462"},"geometry":{"type":"LineString","coordinates":[[14.251169,52.177309],[14.250742,52.17729],[14.25001,52.177349],[14.249317,52.17728],[14.249173,52.177224],[14.248951,52.177],[14.248792,52.176887],[14.248604,52.176809],[14.248538,52.176747],[14.24852,52.176651],[14.248682,52.176468],[14.248758,52.176275],[14.248757,52.175654],[14.248627,52.175087],[14.248279,52.174569],[14.248194,52.1743],[14.248195,52.174276],[14.248215,52.174254],[14.248268,52.174217]]}},{"type":"Feature","properties":{"mode":"bus","n":10,"arr":["400","402","404","409","430","440","los:401","los:403","los:459","los:462"],"lines":"400, 402, 404, 409, 430, 440, 401, 403, 459, 462"},"geometry":{"type":"LineString","coordinates":[[14.247954,52.174119],[14.247926,52.174187]]}},{"type":"Feature","properties":{"mode":"bus","n":10,"arr":["400","402","404","409","430","440","los:401","los:403","los:459","los:462"],"lines":"400, 402, 404, 409, 430, 440, 401, 403, 459, 462"},"geometry":{"type":"LineString","coordinates":[[14.250559,52.177397],[14.250123,52.177348]]}},{"type":"Feature","properties":{"mode":"bus","n":9,"arr":["400","402","404","409","430","440","los:401","los:459","los:462"],"lines":"400, 402, 404, 409, 430, 440, 401, 459, 462"},"geometry":{"type":"LineString","coordinates":[[14.248279,52.174569],[14.248072,52.174285],[14.247993,52.174263]]}},{"type":"Feature","properties":{"mode":"bus","n":8,"arr":["400","402","404","409","430","los:401","los:459","los:462"],"lines":"400, 402, 404, 409, 430, 401, 459, 462"},"geometry":{"type":"LineString","coordinates":[[14.247993,52.174263],[14.247926,52.174187]]}},{"type":"Feature","properties":{"mode":"bus","n":8,"arr":["400","402","404","409","430","los:401","los:459","los:462"],"lines":"400, 402, 404, 409, 430, 401, 459, 462"},"geometry":{"type":"LineString","coordinates":[[14.246853,52.172495],[14.247472,52.173505],[14.247738,52.173847],[14.247851,52.173933],[14.247954,52.174119]]}},{"type":"Feature","properties":{"mode":"bus","n":5,"arr":["404","409","430","440","los:403"],"lines":"404, 409, 430, 440, 403"},"geometry":{"type":"LineString","coordinates":[[14.248268,52.174217],[14.248269,52.174142],[14.248175,52.174079],[14.248061,52.174072],[14.247954,52.174119]]}},{"type":"Feature","properties":{"mode":"bus","n":5,"arr":["404","409","430","440","los:403"],"lines":"404, 409, 430, 440, 403"},"geometry":{"type":"LineString","coordinates":[[14.247926,52.174187],[14.247134,52.174531],[14.246744,52.174651],[14.246574,52.174675],[14.246211,52.174662],[14.246041,52.174638],[14.24579,52.17456],[14.245152,52.174066],[14.244958,52.174019],[14.242634,52.174117],[14.242598,52.174114],[14.242568,52.174105],[14.242546,52.174088],[14.242118,52.173634]]}},{"type":"Feature","properties":{"mode":"bus","n":5,"arr":["405","406","407","438","los:435"],"lines":"405, 406, 407, 438, 435"},"geometry":{"type":"LineString","coordinates":[[13.920785,52.253114],[13.922122,52.2533],[13.923656,52.253586],[13.923975,52.253674],[13.924851,52.253986],[13.925094,52.254041],[13.92698,52.254015],[13.927324,52.25399],[13.92819,52.253874],[13.928591,52.253788],[13.928661,52.253729],[13.928654,52.253669],[13.92842,52.253259],[13.92843,52.253098],[13.92874,52.252601],[13.92958,52.251551],[13.929613,52.251386],[13.929462,52.251171],[13.929469,52.25109],[13.929517,52.251052],[13.929605,52.25103],[13.929686,52.251047],[13.929724,52.25106],[13.929749,52.251082],[13.929862,52.251236],[13.930141,52.251406]]}},{"type":"Feature","properties":{"mode":"bus","n":5,"arr":["405","406","407","438","los:435"],"lines":"405, 406, 407, 438, 435"},"geometry":{"type":"LineString","coordinates":[[13.932647,52.253819],[13.931616,52.252333],[13.931281,52.251928],[13.93095,52.25173],[13.930141,52.251406],[13.929972,52.251364],[13.929819,52.251352],[13.929775,52.251371],[13.92958,52.251551]]}},{"type":"Feature","properties":{"mode":"bus","n":5,"arr":["405","406","407","438","los:435"],"lines":"405, 406, 407, 438, 435"},"geometry":{"type":"LineString","coordinates":[[13.928618,52.252788],[13.928052,52.252617],[13.927853,52.25253],[13.925439,52.251175],[13.92541,52.251164],[13.925378,52.251162],[13.925346,52.25117],[13.921582,52.252565]]}},{"type":"Feature","properties":{"mode":"bus","n":6,"arr":["418","423","429","los:424","los:427","los:428"],"lines":"418, 423, 429, 424, 427, 428"},"geometry":{"type":"LineString","coordinates":[[13.754168,52.419258],[13.754062,52.419307],[13.75403,52.41938],[13.754149,52.419713],[13.754207,52.419745],[13.754323,52.419764],[13.754514,52.41971],[13.754824,52.419714]]}},{"type":"Feature","properties":{"mode":"bus","n":7,"arr":["418","423","429","los:421","los:424","los:427","los:428"],"lines":"418, 423, 429, 421, 424, 427, 428"},"geometry":{"type":"LineString","coordinates":[[13.759005,52.420892],[13.758429,52.420807],[13.75565,52.419867],[13.754824,52.419714],[13.754564,52.419631],[13.754536,52.419619],[13.754524,52.419612],[13.754518,52.419602],[13.754436,52.419333],[13.754339,52.419262]]}},{"type":"Feature","properties":{"mode":"bus","n":9,"arr":["450","494","uvg:451","uvg:452","uvg:456","uvg:457","uvg:460","uvg:462","uvg:468"],"lines":"450, 494, 451, 452, 456, 457, 460, 462, 468"},"geometry":{"type":"LineString","coordinates":[[13.998814,53.014746],[13.999114,53.014942],[13.999155,53.015032],[13.999405,53.015126],[13.999587,53.015264]]}},{"type":"Feature","properties":{"mode":"bus","n":6,"arr":["450","494","uvg:451","uvg:457","uvg:460","uvg:462"],"lines":"450, 494, 451, 457, 460, 462"},"geometry":{"type":"LineString","coordinates":[[13.999224,53.014849],[13.999157,53.014881],[13.999114,53.014942]]}},{"type":"Feature","properties":{"mode":"bus","n":6,"arr":["450","494","uvg:451","uvg:457","uvg:460","uvg:462"],"lines":"450, 494, 451, 457, 460, 462"},"geometry":{"type":"LineString","coordinates":[[13.999118,53.014986],[13.998853,53.015365],[13.998732,53.015683],[13.998753,53.016252],[13.998811,53.016601]]}},{"type":"Feature","properties":{"mode":"bus","n":6,"arr":["450","494","uvg:451","uvg:457","uvg:460","uvg:462"],"lines":"450, 494, 451, 457, 460, 462"},"geometry":{"type":"LineString","coordinates":[[13.999793,53.015439],[13.9996,53.015518],[13.999486,53.015659],[13.999452,53.015991],[13.999529,53.016491]]}},{"type":"Feature","properties":{"mode":"bus","n":6,"arr":["450","494","uvg:451","uvg:457","uvg:460","uvg:462"],"lines":"450, 494, 451, 457, 460, 462"},"geometry":{"type":"LineString","coordinates":[[13.999753,53.016641],[14.000448,53.016542]]}},{"type":"Feature","properties":{"mode":"bus","n":10,"arr":["450","479","494","uvg:451","uvg:452","uvg:456","uvg:457","uvg:460","uvg:462","uvg:468"],"lines":"450, 479, 494, 451, 452, 456, 457, 460, 462, 468"},"geometry":{"type":"LineString","coordinates":[[14.000117,53.015908],[13.999793,53.015439],[13.999587,53.015264],[13.999478,53.015029],[13.999516,53.014962],[13.999493,53.014901],[13.999397,53.014847],[13.999224,53.014849]]}},{"type":"Feature","properties":{"mode":"bus","n":10,"arr":["450","479","494","uvg:451","uvg:452","uvg:456","uvg:457","uvg:460","uvg:462","uvg:468"],"lines":"450, 479, 494, 451, 452, 456, 457, 460, 462, 468"},"geometry":{"type":"LineString","coordinates":[[13.998814,53.014746],[13.998586,53.014632],[13.997961,53.014663]]}},{"type":"Feature","properties":{"mode":"bus","n":5,"arr":["476","500","507","lds:472","lds:512"],"lines":"476, 500, 507, 472, 512"},"geometry":{"type":"LineString","coordinates":[[13.876929,51.94729],[13.876791,51.947308],[13.876706,51.947363],[13.876683,51.947448],[13.876754,51.94753],[13.876869,51.947563],[13.877,51.947552],[13.877099,51.947495],[13.877127,51.947412]]}},{"type":"Feature","properties":{"mode":"bus","n":7,"arr":["476","500","lds:472","lds:502","lds:506","lds:512","osl:601"],"lines":"476, 500, 472, 502, 506, 512, 601"},"geometry":{"type":"LineString","coordinates":[[13.876929,51.94729],[13.877062,51.947329],[13.877127,51.947412]]}},{"type":"Feature","properties":{"mode":"bus","n":5,"arr":["479","484","491","uvg:468","uvg:472"],"lines":"479, 484, 491, 468, 472"},"geometry":{"type":"LineString","coordinates":[[14.281007,53.055668],[14.281099,53.055635],[14.281164,53.055645],[14.281195,53.055653],[14.281217,53.055669],[14.281239,53.055693],[14.28125,53.055712],[14.281246,53.055733],[14.281225,53.055772]]}},{"type":"Feature","properties":{"mode":"bus","n":6,"arr":["481","484","491","uvg:465","uvg:468","uvg:472"],"lines":"481, 484, 491, 465, 468, 472"},"geometry":{"type":"LineString","coordinates":[[14.281007,53.055668],[14.280989,53.055707],[14.280987,53.055727],[14.280999,53.055747],[14.281038,53.055786],[14.281136,53.055801],[14.281225,53.055772]]}},{"type":"Feature","properties":{"mode":"bus","n":6,"arr":["500","lds:472","lds:502","lds:506","lds:511","osl:601"],"lines":"500, 472, 502, 506, 511, 601"},"geometry":{"type":"LineString","coordinates":[[13.893978,51.939615],[13.893904,51.939575],[13.893868,51.939519]]}},{"type":"Feature","properties":{"mode":"bus","n":5,"arr":["500","lds:472","lds:502","lds:506","osl:601"],"lines":"500, 472, 502, 506, 601"},"geometry":{"type":"LineString","coordinates":[[13.893868,51.939519],[13.893898,51.939431]]}},{"type":"Feature","properties":{"mode":"bus","n":5,"arr":["500","lds:472","lds:502","lds:506","osl:601"],"lines":"500, 472, 502, 506, 601"},"geometry":{"type":"LineString","coordinates":[[13.894026,51.939837],[13.893978,51.939615]]}},{"type":"Feature","properties":{"mode":"bus","n":6,"arr":["500","507","lds:472","lds:502","lds:506","lds:511"],"lines":"500, 507, 472, 502, 506, 511"},"geometry":{"type":"LineString","coordinates":[[13.894733,51.939537],[13.894276,51.939456],[13.894233,51.939412],[13.894125,51.939373],[13.893997,51.93938],[13.893898,51.939431]]}},{"type":"Feature","properties":{"mode":"bus","n":6,"arr":["500","507","lds:472","lds:502","lds:506","lds:511"],"lines":"500, 507, 472, 502, 506, 511"},"geometry":{"type":"LineString","coordinates":[[13.900602,51.940681],[13.899285,51.9406],[13.898592,51.940271],[13.898322,51.939992],[13.898106,51.939817],[13.89789,51.939704],[13.897647,51.939627],[13.897477,51.9396],[13.896889,51.939575],[13.896328,51.939614],[13.896065,51.939611],[13.895911,51.939573],[13.895262,51.939506],[13.894268,51.939556],[13.894141,51.939624]]}},{"type":"Feature","properties":{"mode":"bus","n":8,"arr":["520","524","536","565","575","577","ee:560","ee:570"],"lines":"520, 524, 536, 565, 575, 577, 560, 570"},"geometry":{"type":"LineString","coordinates":[[13.393437,51.514647],[13.393394,51.514694]]}},{"type":"Feature","properties":{"mode":"bus","n":8,"arr":["520","524","536","565","575","577","ee:560","ee:570"],"lines":"520, 524, 536, 565, 575, 577, 560, 570"},"geometry":{"type":"LineString","coordinates":[[13.394432,51.514727],[13.393787,51.51473],[13.393763,51.514727],[13.393746,51.514719],[13.393735,51.514706],[13.393726,51.514686],[13.393709,51.514665],[13.393679,51.51465],[13.393567,51.514613]]}},{"type":"Feature","properties":{"mode":"bus","n":8,"arr":["520","524","536","565","575","577","ee:560","ee:570"],"lines":"520, 524, 536, 565, 575, 577, 560, 570"},"geometry":{"type":"LineString","coordinates":[[13.403249,51.514374],[13.403255,51.514311],[13.403218,51.514276],[13.403203,51.514266],[13.403184,51.514261],[13.403162,51.514262],[13.402877,51.514304],[13.402844,51.514305],[13.40282,51.514297],[13.402805,51.514278],[13.402599,51.513808],[13.402393,51.513578],[13.402063,51.513329],[13.401692,51.513116],[13.401352,51.512946],[13.401155,51.512888],[13.40059,51.51278],[13.400385,51.512714],[13.399997,51.512542]]}},{"type":"Feature","properties":{"mode":"bus","n":7,"arr":["520","524","536","565","577","ee:560","ee:570"],"lines":"520, 524, 536, 565, 577, 560, 570"},"geometry":{"type":"LineString","coordinates":[[13.393567,51.514613],[13.393437,51.514647]]}},{"type":"Feature","properties":{"mode":"bus","n":6,"arr":["520","565","575","577","ee:560","ee:570"],"lines":"520, 565, 575, 577, 560, 570"},"geometry":{"type":"LineString","coordinates":[[13.393746,51.51473],[13.393711,51.514778],[13.393686,51.5148],[13.393648,51.514814],[13.393549,51.514836]]}},{"type":"Feature","properties":{"mode":"bus","n":7,"arr":["520","524","565","575","577","ee:560","ee:570"],"lines":"520, 524, 565, 575, 577, 560, 570"},"geometry":{"type":"LineString","coordinates":[[13.393549,51.514836],[13.393411,51.51478]]}},{"type":"Feature","properties":{"mode":"bus","n":7,"arr":["521","524","525","534","544","ee:542","ee:550"],"lines":"521, 524, 525, 534, 544, 542, 550"},"geometry":{"type":"LineString","coordinates":[[13.229039,51.692595],[13.230639,51.693205],[13.231452,51.693473],[13.232198,51.693652],[13.234639,51.694517],[13.236088,51.694893],[13.236666,51.695],[13.237073,51.695064],[13.238132,51.695165],[13.23987,51.695201],[13.240953,51.695192],[13.241741,51.69516],[13.244655,51.694912],[13.245458,51.69491],[13.24642,51.694973],[13.247134,51.695081],[13.247379,51.695137],[13.247778,51.695268],[13.24815,51.695449],[13.248709,51.695868],[13.248727,51.695887],[13.248732,51.695908],[13.248724,51.695929],[13.248703,51.695961],[13.248693,51.695994],[13.248707,51.696026],[13.248732,51.696057],[13.248764,51.696083],[13.248811,51.696098],[13.248858,51.696106],[13.248909,51.69611],[13.248958,51.6961],[13.249047,51.696071]]}},{"type":"Feature","properties":{"mode":"bus","n":6,"arr":["521","524","525","544","ee:542","ee:550"],"lines":"521, 524, 525, 544, 542, 550"},"geometry":{"type":"LineString","coordinates":[[13.248746,51.695896],[13.248841,51.695873],[13.248892,51.695868],[13.248942,51.695875],[13.248988,51.695888],[13.249031,51.695907],[13.249057,51.695935],[13.249093,51.696004],[13.249047,51.696071]]}},{"type":"Feature","properties":{"mode":"bus","n":5,"arr":["543","545","548","549","582"],"lines":"543, 545, 548, 549, 582"},"geometry":{"type":"LineString","coordinates":[[12.863477,52.09361],[12.863198,52.093526],[12.863033,52.093544],[12.862933,52.09351]]}},{"type":"Feature","properties":{"mode":"bus","n":5,"arr":["543","545","548","549","582"],"lines":"543, 545, 548, 549, 582"},"geometry":{"type":"LineString","coordinates":[[12.862892,52.093357],[12.862875,52.093447]]}},{"type":"Feature","properties":{"mode":"bus","n":7,"arr":["543","545","548","549","582","pm:546","pm:584"],"lines":"543, 545, 548, 549, 582, 546, 584"},"geometry":{"type":"LineString","coordinates":[[12.863004,52.093294],[12.863111,52.093286],[12.863225,52.093319]]}},{"type":"Feature","properties":{"mode":"bus","n":7,"arr":["543","545","548","549","582","pm:546","pm:584"],"lines":"543, 545, 548, 549, 582, 546, 584"},"geometry":{"type":"LineString","coordinates":[[12.863477,52.09361],[12.863945,52.093802],[12.864613,52.094132],[12.866807,52.095664],[12.867364,52.095878],[12.86783,52.096097],[12.86898,52.096445],[12.869516,52.09664],[12.870615,52.097182],[12.871575,52.097707],[12.8729,52.098308],[12.872922,52.098315],[12.872943,52.098316],[12.872963,52.098311],[12.87298,52.098299],[12.873089,52.098203],[12.873106,52.098191],[12.873126,52.098186],[12.873147,52.098187],[12.87317,52.098194],[12.873284,52.098244]]}},{"type":"Feature","properties":{"mode":"bus","n":6,"arr":["543","545","548","582","pm:546","pm:584"],"lines":"543, 545, 548, 582, 546, 584"},"geometry":{"type":"LineString","coordinates":[[12.863225,52.093319],[12.86329,52.093388],[12.863282,52.093462],[12.863477,52.09361]]}},{"type":"Feature","properties":{"mode":"bus","n":5,"arr":["567","B/522","brb:N1","H/528","W/540"],"lines":"567, B/522, N1, H/528, W/540"},"geometry":{"type":"LineString","coordinates":[[12.539836,52.419957],[12.539424,52.421367],[12.539399,52.421677],[12.539501,52.421778],[12.539805,52.421842],[12.539821,52.421846],[12.53983,52.421849],[12.539832,52.421851],[12.539829,52.421853],[12.539818,52.421854],[12.539802,52.421855],[12.539461,52.421861],[12.539316,52.421913],[12.53923,52.421908],[12.53911,52.421849],[12.539087,52.42176],[12.539184,52.421677],[12.539239,52.421665],[12.539264,52.421656],[12.539279,52.421641],[12.539424,52.421367]]}},{"type":"Feature","properties":{"mode":"bus","n":5,"arr":["567","B/522","brb:N1","H/528","W/540"],"lines":"567, B/522, N1, H/528, W/540"},"geometry":{"type":"LineString","coordinates":[[12.539861,52.421854],[12.544177,52.422324],[12.54508,52.422379],[12.546159,52.42236],[12.546792,52.422315],[12.547121,52.422281],[12.549245,52.42195],[12.54984,52.421915]]}},{"type":"Feature","properties":{"mode":"bus","n":5,"arr":["579","625","ee:550","ee:551","ee:570"],"lines":"579, 625, 550, 551, 570"},"geometry":{"type":"LineString","coordinates":[[13.714611,51.62795],[13.714494,51.627883],[13.714479,51.627785]]}},{"type":"Feature","properties":{"mode":"bus","n":6,"arr":["579","595","625","ee:550","ee:551","ee:570"],"lines":"579, 595, 625, 550, 551, 570"},"geometry":{"type":"LineString","coordinates":[[13.714765,51.62769],[13.714648,51.627696],[13.714595,51.627705],[13.714553,51.627727],[13.714479,51.627785]]}},{"type":"Feature","properties":{"mode":"bus","n":6,"arr":["579","595","625","ee:550","ee:558","ee:570"],"lines":"579, 595, 625, 550, 558, 570"},"geometry":{"type":"LineString","coordinates":[[13.714911,51.62785],[13.714887,51.627753],[13.714765,51.62769]]}},{"type":"Feature","properties":{"mode":"bus","n":5,"arr":["579","625","ee:550","ee:558","ee:570"],"lines":"579, 625, 550, 558, 570"},"geometry":{"type":"LineString","coordinates":[[13.714611,51.62795],[13.71472,51.627959],[13.714822,51.627934],[13.714911,51.62785]]}},{"type":"Feature","properties":{"mode":"bus","n":5,"arr":["579","625","ee:550","ee:558","ee:570"],"lines":"579, 625, 550, 558, 570"},"geometry":{"type":"LineString","coordinates":[[13.714718,51.633736],[13.714757,51.633607],[13.714525,51.63269]]}},{"type":"Feature","properties":{"mode":"bus","n":5,"arr":["579","595","ee:550","ee:551","ee:558"],"lines":"579, 595, 550, 551, 558"},"geometry":{"type":"LineString","coordinates":[[13.709143,51.626404],[13.70913,51.62635],[13.709115,51.626325],[13.709085,51.626306],[13.709013,51.626275],[13.708914,51.626281],[13.708818,51.62635]]}},{"type":"Feature","properties":{"mode":"bus","n":9,"arr":["579e","617","625","A/690","C/692","ee:581","G/693","osl:622","osl:626"],"lines":"579e, 617, 625, A/690, C/692, 581, G/693, 622, 626"},"geometry":{"type":"LineString","coordinates":[[13.753824,51.494421],[13.753733,51.4944],[13.753677,51.494351],[13.753677,51.49429],[13.753733,51.494241]]}},{"type":"Feature","properties":{"mode":"bus","n":9,"arr":["579e","617","625","A/690","C/692","ee:581","G/693","osl:622","osl:626"],"lines":"579e, 617, 625, A/690, C/692, 581, G/693, 622, 626"},"geometry":{"type":"LineString","coordinates":[[13.753992,51.494323],[13.754344,51.49427]]}},{"type":"Feature","properties":{"mode":"bus","n":8,"arr":["579e","617","625","B/691","C/692","G/693","osl:622","osl:626"],"lines":"579e, 617, 625, B/691, C/692, G/693, 622, 626"},"geometry":{"type":"LineString","coordinates":[[13.753733,51.494241],[13.753829,51.494221],[13.753926,51.49424]]}},{"type":"Feature","properties":{"mode":"bus","n":7,"arr":["579e","617","625","C/692","G/693","osl:622","osl:626"],"lines":"579e, 617, 625, C/692, G/693, 622, 626"},"geometry":{"type":"LineString","coordinates":[[13.753992,51.494323],[13.753926,51.49424]]}},{"type":"Feature","properties":{"mode":"bus","n":8,"arr":["579e","617","625","A/690","C/692","ee:581","G/693","osl:626"],"lines":"579e, 617, 625, A/690, C/692, 581, G/693, 626"},"geometry":{"type":"LineString","coordinates":[[13.753824,51.494421],[13.7539,51.494403],[13.753935,51.49439],[13.753959,51.49437],[13.753992,51.494323]]}},{"type":"Feature","properties":{"mode":"bus","n":5,"arr":["595","599","618","ee:546","ee:552"],"lines":"595, 599, 618, 546, 552"},"geometry":{"type":"LineString","coordinates":[[13.721145,51.635333],[13.722674,51.635579],[13.723028,51.63566],[13.725287,51.636403],[13.727361,51.637092],[13.728643,51.637568],[13.728732,51.637608],[13.728745,51.637617],[13.728749,51.637627],[13.728745,51.637638],[13.728721,51.637672],[13.728734,51.637785],[13.728782,51.637834],[13.728913,51.637889],[13.729144,51.637876],[13.729263,51.6378],[13.729291,51.637749],[13.72927,51.637642],[13.729154,51.637562],[13.729073,51.637541]]}},{"type":"Feature","properties":{"mode":"bus","n":5,"arr":["595","599","618","ee:546","ee:552"],"lines":"595, 599, 618, 546, 552"},"geometry":{"type":"LineString","coordinates":[[13.729144,51.637876],[13.72934,51.638127],[13.729524,51.638512],[13.730182,51.640614]]}},{"type":"Feature","properties":{"mode":"bus","n":5,"arr":["595","598","ee:551","ee:558","ee:560"],"lines":"595, 598, 551, 558, 560"},"geometry":{"type":"LineString","coordinates":[[13.707788,51.635594],[13.707922,51.635629],[13.708033,51.635609]]}},{"type":"Feature","properties":{"mode":"bus","n":6,"arr":["599","617","618","osl:621","osl:622","osl:642"],"lines":"599, 617, 618, 621, 622, 642"},"geometry":{"type":"LineString","coordinates":[[13.986453,51.513586],[13.986601,51.513616],[13.986731,51.513597],[13.986821,51.513553],[13.986863,51.513481],[13.986852,51.513404],[13.986725,51.513312],[13.986574,51.5133],[13.986462,51.513328]]}},{"type":"Feature","properties":{"mode":"bus","n":6,"arr":["606","lds:475","osl:601","osl:602","osl:603","osl:661"],"lines":"606, 475, 601, 602, 603, 661"},"geometry":{"type":"LineString","coordinates":[[13.94162,51.865159],[13.941463,51.865183],[13.941307,51.865142]]}},{"type":"Feature","properties":{"mode":"bus","n":6,"arr":["606","lds:475","osl:601","osl:602","osl:603","osl:661"],"lines":"606, 475, 601, 602, 603, 661"},"geometry":{"type":"LineString","coordinates":[[13.941575,51.864875],[13.941474,51.864642],[13.941435,51.864042]]}},{"type":"Feature","properties":{"mode":"bus","n":5,"arr":["lds:475","osl:602","osl:604","osl:607","osl:661"],"lines":"475, 602, 604, 607, 661"},"geometry":{"type":"LineString","coordinates":[[13.94134,51.8604],[13.941297,51.860441],[13.941158,51.860485]]}},{"type":"Feature","properties":{"mode":"bus","n":8,"arr":["606","lds:475","osl:601","osl:602","osl:603","osl:604","osl:607","osl:661"],"lines":"606, 475, 601, 602, 603, 604, 607, 661"},"geometry":{"type":"LineString","coordinates":[[13.941351,51.860315],[13.941232,51.860221],[13.941103,51.860207],[13.940984,51.860239],[13.940904,51.860346],[13.940954,51.860434],[13.941082,51.860483],[13.941131,51.860484],[13.941146,51.860486],[13.941156,51.860492],[13.941159,51.860501],[13.941316,51.862425]]}},{"type":"Feature","properties":{"mode":"bus","n":8,"arr":["606","lds:475","osl:601","osl:602","osl:603","osl:604","osl:607","osl:661"],"lines":"606, 475, 601, 602, 603, 604, 607, 661"},"geometry":{"type":"LineString","coordinates":[[13.952195,51.859796],[13.952077,51.859767],[13.952039,51.859763],[13.952003,51.85977],[13.951935,51.859792],[13.951908,51.859828],[13.951889,51.859843],[13.95186,51.859851],[13.95142,51.859903],[13.947299,51.86006],[13.945144,51.860178],[13.94451,51.860191]]}},{"type":"Feature","properties":{"mode":"bus","n":8,"arr":["606","lds:475","osl:601","osl:602","osl:603","osl:604","osl:607","osl:661"],"lines":"606, 475, 601, 602, 603, 604, 607, 661"},"geometry":{"type":"LineString","coordinates":[[13.941426,51.86389],[13.941433,51.864006],[13.941437,51.864022],[13.941449,51.864033],[13.941468,51.864039],[13.941494,51.86404],[13.94229,51.864019]]}},{"type":"Feature","properties":{"mode":"bus","n":8,"arr":["606","lds:475","osl:601","osl:602","osl:603","osl:604","osl:607","osl:661"],"lines":"606, 475, 601, 602, 603, 604, 607, 661"},"geometry":{"type":"LineString","coordinates":[[13.950711,51.857836],[13.951184,51.857775],[13.951218,51.857774],[13.951241,51.857783],[13.951255,51.857802],[13.951867,51.859486]]}},{"type":"Feature","properties":{"mode":"bus","n":6,"arr":["lds:475","osl:601","osl:602","osl:604","osl:607","osl:661"],"lines":"475, 601, 602, 604, 607, 661"},"geometry":{"type":"LineString","coordinates":[[13.952381,51.86097],[13.952379,51.860822],[13.952119,51.860066],[13.952117,51.859986],[13.952124,51.859964],[13.952147,51.859947],[13.952205,51.85992],[13.952231,51.859876]]}},{"type":"Feature","properties":{"mode":"bus","n":6,"arr":["lds:475","osl:601","osl:602","osl:604","osl:607","osl:661"],"lines":"475, 601, 602, 604, 607, 661"},"geometry":{"type":"LineString","coordinates":[[13.94229,51.864019],[13.944768,51.863945],[13.947442,51.863629]]}},{"type":"Feature","properties":{"mode":"bus","n":6,"arr":["lds:475","osl:601","osl:602","osl:604","osl:607","osl:661"],"lines":"475, 601, 602, 604, 607, 661"},"geometry":{"type":"LineString","coordinates":[[13.950653,51.857668],[13.950711,51.857836]]}},{"type":"Feature","properties":{"mode":"bus","n":6,"arr":["lds:475","osl:601","osl:602","osl:604","osl:607","osl:661"],"lines":"475, 601, 602, 604, 607, 661"},"geometry":{"type":"LineString","coordinates":[[13.951867,51.859486],[13.952039,51.859758]]}},{"type":"Feature","properties":{"mode":"bus","n":6,"arr":["lds:475","osl:601","osl:602","osl:604","osl:607","osl:661"],"lines":"475, 601, 602, 604, 607, 661"},"geometry":{"type":"LineString","coordinates":[[13.951242,51.857767],[13.951167,51.857546]]}},{"type":"Feature","properties":{"mode":"bus","n":7,"arr":["606","lds:465","osl:604","osl:605","osl:609","osl:610","osl:611"],"lines":"606, 465, 604, 605, 609, 610, 611"},"geometry":{"type":"LineString","coordinates":[[13.954145,51.746975],[13.954301,51.746947],[13.954358,51.74691],[13.954399,51.746818],[13.954341,51.746729],[13.954174,51.746678],[13.954034,51.746699],[13.953939,51.746766],[13.953922,51.746854]]}},{"type":"Feature","properties":{"mode":"bus","n":8,"arr":["606","lds:465","osl:604","osl:605","osl:609","osl:610","osl:611","osl:612"],"lines":"606, 465, 604, 605, 609, 610, 611, 612"},"geometry":{"type":"LineString","coordinates":[[13.954145,51.746975],[13.953977,51.746924],[13.953941,51.746878],[13.953926,51.746865],[13.953905,51.746859],[13.953878,51.746859],[13.953059,51.746957],[13.953027,51.746965],[13.953009,51.746979],[13.953004,51.747],[13.95303,51.747338],[13.952843,51.747781],[13.952799,51.74782],[13.952782,51.747831],[13.952761,51.747835],[13.952737,51.747832],[13.952412,51.747756]]}},{"type":"Feature","properties":{"mode":"bus","n":9,"arr":["628","629","BER2","bvg:623","N12","pm:601","pm:623","pm:N13","pm:X1"],"lines":"628, 629, BER2, 623, N12, 601, 623, N13, X1"},"geometry":{"type":"LineString","coordinates":[[13.210198,52.39354],[13.21003,52.393594]]}},{"type":"Feature","properties":{"mode":"bus","n":12,"arr":["628","629","BER2","bvg:622","bvg:623","N12","pm:601","pm:620","pm:622","pm:623","pm:N13","pm:X1"],"lines":"628, 629, BER2, 622, 623, N12, 601, 620, 622, 623, N13, X1"},"geometry":{"type":"LineString","coordinates":[[13.21003,52.393594],[13.209904,52.393575]]}},{"type":"Feature","properties":{"mode":"bus","n":12,"arr":["628","629","BER2","bvg:622","bvg:623","N12","pm:601","pm:620","pm:622","pm:623","pm:N13","pm:X1"],"lines":"628, 629, BER2, 622, 623, N12, 601, 620, 622, 623, N13, X1"},"geometry":{"type":"LineString","coordinates":[[13.209924,52.393332],[13.2098,52.393425],[13.209813,52.393512]]}},{"type":"Feature","properties":{"mode":"bus","n":7,"arr":["628","629","bvg:623","N12","pm:620","pm:623","pm:N13"],"lines":"628, 629, 623, N12, 620, 623, N13"},"geometry":{"type":"LineString","coordinates":[[13.210089,52.393326],[13.209924,52.393332]]}},{"type":"Feature","properties":{"mode":"bus","n":12,"arr":["628","629","bvg:622","bvg:623","N12","pm:601","pm:602","pm:620","pm:622","pm:623","pm:N13","pm:X1"],"lines":"628, 629, 622, 623, N12, 601, 602, 620, 622, 623, N13, X1"},"geometry":{"type":"LineString","coordinates":[[13.210203,52.393378],[13.210089,52.393326]]}},{"type":"Feature","properties":{"mode":"bus","n":10,"arr":["628","629","bvg:622","pm:601","pm:602","pm:620","pm:622","pm:623","pm:N13","pm:X1"],"lines":"628, 629, 622, 601, 602, 620, 622, 623, N13, X1"},"geometry":{"type":"LineString","coordinates":[[13.210244,52.393467],[13.210203,52.393378]]}},{"type":"Feature","properties":{"mode":"bus","n":7,"arr":["628","BER2","bvg:622","pm:601","pm:620","pm:N13","pm:X1"],"lines":"628, BER2, 622, 601, 620, N13, X1"},"geometry":{"type":"LineString","coordinates":[[13.210244,52.393467],[13.210198,52.39354]]}},{"type":"Feature","properties":{"mode":"bus","n":5,"arr":["629","BER2","pm:601","pm:624","pm:X1"],"lines":"629, BER2, 601, 624, X1"},"geometry":{"type":"LineString","coordinates":[[13.239116,52.395027],[13.239123,52.394962],[13.239068,52.394905],[13.238961,52.394886],[13.238918,52.394884],[13.238878,52.394892],[13.238844,52.394905],[13.238819,52.39491],[13.238795,52.394909],[13.238773,52.394899],[13.237615,52.394195],[13.236962,52.393887],[13.236514,52.393709],[13.234281,52.393117]]}},{"type":"Feature","properties":{"mode":"bus","n":6,"arr":["649","656","657","667","686","A"],"lines":"649, 656, 657, 667, 686, A"},"geometry":{"type":"LineString","coordinates":[[13.012394,52.582065],[13.012328,52.581995],[13.012356,52.581928],[13.012359,52.581906],[13.012349,52.581887],[13.012324,52.581871],[13.007635,52.579633],[13.007329,52.579455],[13.006514,52.578869],[13.005824,52.578493],[13.004951,52.578081]]}},{"type":"Feature","properties":{"mode":"bus","n":9,"arr":["650","658","659","663","664","667","680","C","hvb:661"],"lines":"650, 658, 659, 663, 664, 667, 680, C, 661"},"geometry":{"type":"LineString","coordinates":[[12.87851,52.604079],[12.878618,52.604104],[12.878663,52.604123],[12.878687,52.604152],[12.878699,52.604185],[12.878699,52.604218],[12.878672,52.604246],[12.87862,52.604278],[12.878586,52.604293],[12.878544,52.604297],[12.878461,52.604294]]}},{"type":"Feature","properties":{"mode":"bus","n":10,"arr":["650","658","660","663","664","666","667","669","680","hvb:661"],"lines":"650, 658, 660, 663, 664, 666, 667, 669, 680, 661"},"geometry":{"type":"LineString","coordinates":[[12.878461,52.604294],[12.878352,52.604209]]}},{"type":"Feature","properties":{"mode":"bus","n":8,"arr":["650","658","659","663","664","667","680","hvb:661"],"lines":"650, 658, 659, 663, 664, 667, 680, 661"},"geometry":{"type":"LineString","coordinates":[[12.87851,52.604079],[12.878428,52.604108],[12.878393,52.604128],[12.878373,52.604154],[12.878352,52.604209]]}},{"type":"Feature","properties":{"mode":"bus","n":14,"arr":["650","658","659","660","663","664","666","667","669","680","B","hvb:661","orp:758","X4"],"lines":"650, 658, 659, 660, 663, 664, 666, 667, 669, 680, B, 661, 758, X4"},"geometry":{"type":"LineString","coordinates":[[12.881057,52.610446],[12.880968,52.610421],[12.88091,52.610373],[12.880908,52.610284]]}},{"type":"Feature","properties":{"mode":"bus","n":12,"arr":["650","658","659","660","663","664","666","667","669","680","hvb:661","orp:758"],"lines":"650, 658, 659, 660, 663, 664, 666, 667, 669, 680, 661, 758"},"geometry":{"type":"LineString","coordinates":[[12.880908,52.610284],[12.881007,52.610218],[12.881106,52.610206]]}},{"type":"Feature","properties":{"mode":"bus","n":12,"arr":["650","658","659","660","663","664","666","667","669","680","hvb:661","orp:758"],"lines":"650, 658, 659, 660, 663, 664, 666, 667, 669, 680, 661, 758"},"geometry":{"type":"LineString","coordinates":[[12.882534,52.60877],[12.881238,52.606526],[12.880919,52.606146],[12.880541,52.605814]]}},{"type":"Feature","properties":{"mode":"bus","n":12,"arr":["650","658","659","660","663","664","666","667","680","C","hvb:661","orp:758"],"lines":"650, 658, 659, 660, 663, 664, 666, 667, 680, C, 661, 758"},"geometry":{"type":"LineString","coordinates":[[12.881057,52.610446],[12.881188,52.610435],[12.881278,52.610376],[12.881295,52.610318],[12.881233,52.610239]]}},{"type":"Feature","properties":{"mode":"bus","n":12,"arr":["650","658","659","660","663","664","666","667","680","C","hvb:661","orp:758"],"lines":"650, 658, 659, 660, 663, 664, 666, 667, 680, C, 661, 758"},"geometry":{"type":"LineString","coordinates":[[12.883131,52.612371],[12.883221,52.61235],[12.883317,52.612358],[12.883392,52.612395]]}},{"type":"Feature","properties":{"mode":"bus","n":15,"arr":["650","658","659","660","663","664","666","667","669","680","B","C","hvb:661","orp:758","X4"],"lines":"650, 658, 659, 660, 663, 664, 666, 667, 669, 680, B, C, 661, 758, X4"},"geometry":{"type":"LineString","coordinates":[[12.88474,52.612418],[12.884404,52.612493],[12.884313,52.61248],[12.883929,52.612305],[12.883898,52.612274],[12.883886,52.612266],[12.883871,52.612263],[12.883853,52.612266],[12.883446,52.61238],[12.883417,52.612392],[12.883402,52.612409],[12.8834,52.612431],[12.88341,52.612473],[12.883408,52.612496],[12.883392,52.612517],[12.883346,52.612553],[12.883235,52.612572],[12.883127,52.612547],[12.883059,52.612469],[12.883075,52.612414],[12.883111,52.612386],[12.88312,52.612376],[12.883122,52.612365],[12.883115,52.612355],[12.882963,52.612202],[12.881249,52.61075],[12.881093,52.610584],[12.881057,52.610446]]}},{"type":"Feature","properties":{"mode":"bus","n":8,"arr":["651","652","653","654","655","656","686","X37"],"lines":"651, 652, 653, 654, 655, 656, 686, X37"},"geometry":{"type":"LineString","coordinates":[[13.088928,52.560825],[13.088862,52.560876],[13.088837,52.560889],[13.088805,52.560895],[13.088739,52.560898],[13.088654,52.560864],[13.088634,52.560825],[13.08863,52.560804],[13.088641,52.560785],[13.088675,52.560749],[13.088698,52.560733],[13.08873,52.560724],[13.088798,52.560715],[13.088859,52.560735],[13.088886,52.560749],[13.088902,52.560768],[13.088928,52.560825]]}},{"type":"Feature","properties":{"mode":"bus","n":8,"arr":["651","652","653","654","655","656","686","X37"],"lines":"651, 652, 653, 654, 655, 656, 686, X37"},"geometry":{"type":"LineString","coordinates":[[13.088391,52.560596],[13.088477,52.560686],[13.088663,52.560745]]}},{"type":"Feature","properties":{"mode":"bus","n":7,"arr":["651","652","653","654","655","656","X37"],"lines":"651, 652, 653, 654, 655, 656, X37"},"geometry":{"type":"LineString","coordinates":[[13.091639,52.560346],[13.091737,52.560297],[13.091754,52.560216],[13.091701,52.560163],[13.091597,52.560144],[13.091556,52.560142],[13.091517,52.56015],[13.091485,52.560161],[13.091454,52.560177],[13.091437,52.5602],[13.091423,52.560236],[13.0914,52.560264],[13.091358,52.560281],[13.08977,52.560657],[13.089428,52.560729],[13.088929,52.560795]]}},{"type":"Feature","properties":{"mode":"bus","n":7,"arr":["651","652","653","654","655","656","X37"],"lines":"651, 652, 653, 654, 655, 656, X37"},"geometry":{"type":"LineString","coordinates":[[13.088771,52.560714],[13.088927,52.560513],[13.08921,52.560398]]}},{"type":"Feature","properties":{"mode":"bus","n":5,"arr":["651","652","653","655","X37"],"lines":"651, 652, 653, 655, X37"},"geometry":{"type":"LineString","coordinates":[[13.091639,52.560346],[13.091512,52.560332],[13.091476,52.560324],[13.09145,52.560307],[13.09141,52.560269]]}},{"type":"Feature","properties":{"mode":"bus","n":6,"arr":["653","655","663","670","A","C"],"lines":"653, 655, 663, 670, A, C"},"geometry":{"type":"LineString","coordinates":[[13.063031,52.54261],[13.062906,52.542668],[13.06289,52.542717],[13.062958,52.542784],[13.062985,52.542801],[13.06302,52.542809],[13.063055,52.542812],[13.063093,52.542811],[13.063127,52.542801],[13.063217,52.542759],[13.063234,52.542712],[13.063194,52.54266],[13.063165,52.542637],[13.063123,52.542624],[13.063031,52.54261]]}},{"type":"Feature","properties":{"mode":"bus","n":6,"arr":["653","655","663","670","A","C"],"lines":"653, 655, 663, 670, A, C"},"geometry":{"type":"LineString","coordinates":[[13.057883,52.543079],[13.057933,52.543],[13.057953,52.54284],[13.058029,52.54277],[13.058128,52.542752],[13.060747,52.542613],[13.061081,52.542611],[13.06227,52.542711],[13.06289,52.542717]]}},{"type":"Feature","properties":{"mode":"bus","n":6,"arr":["658","660","664","666","680","hvb:661"],"lines":"658, 660, 664, 666, 680, 661"},"geometry":{"type":"LineString","coordinates":[[12.874259,52.605135],[12.874243,52.605095],[12.874151,52.605036],[12.87404,52.605024],[12.873954,52.605043],[12.873892,52.605083],[12.873864,52.605147],[12.873934,52.605235]]}},{"type":"Feature","properties":{"mode":"bus","n":7,"arr":["658","660","664","666","669","680","hvb:661"],"lines":"658, 660, 664, 666, 669, 680, 661"},"geometry":{"type":"LineString","coordinates":[[12.876551,52.604884],[12.876324,52.604949],[12.876068,52.60498],[12.874294,52.605132],[12.874274,52.605136],[12.87426,52.605144],[12.874253,52.605156],[12.874241,52.605195],[12.874179,52.605243],[12.874052,52.605264],[12.873934,52.605235]]}},{"type":"Feature","properties":{"mode":"bus","n":6,"arr":["663","668","A","C","hvb:662","vip:662"],"lines":"663, 668, A, C, 662, 662"},"geometry":{"type":"LineString","coordinates":[[12.977,52.539973],[12.977607,52.54066],[12.977641,52.540738],[12.977677,52.542585],[12.977771,52.542781],[12.977787,52.542801],[12.977812,52.542813],[12.977847,52.542818],[12.977984,52.542823],[12.978077,52.542881]]}},{"type":"Feature","properties":{"mode":"bus","n":6,"arr":["663","668","A","C","hvb:662","vip:662"],"lines":"663, 668, A, C, 662, 662"},"geometry":{"type":"LineString","coordinates":[[12.99675,52.539796],[12.997233,52.539834],[13.001452,52.540457],[13.002492,52.540591]]}},{"type":"Feature","properties":{"mode":"bus","n":5,"arr":["663","A","C","hvb:662","vip:662"],"lines":"663, A, C, 662, 662"},"geometry":{"type":"LineString","coordinates":[[12.978077,52.542881],[12.978101,52.542967],[12.978038,52.543045],[12.97791,52.543085],[12.977768,52.543072],[12.977665,52.54301],[12.977645,52.542919],[12.977673,52.542875],[12.977788,52.542816]]}},{"type":"Feature","properties":{"mode":"bus","n":5,"arr":["663","A","C","hvb:662","vip:662"],"lines":"663, A, C, 662, 662"},"geometry":{"type":"LineString","coordinates":[[12.976575,52.537699],[12.976446,52.53808],[12.976421,52.538324],[12.976455,52.538911],[12.976677,52.539529],[12.977,52.539973]]}},{"type":"Feature","properties":{"mode":"bus","n":6,"arr":["664","666","680","B","hvb:661","X4"],"lines":"664, 666, 680, B, 661, X4"},"geometry":{"type":"LineString","coordinates":[[12.85835,52.609558],[12.858263,52.609604],[12.85825,52.609683]]}},{"type":"Feature","properties":{"mode":"bus","n":5,"arr":["664","680","B","hvb:661","X4"],"lines":"664, 680, B, 661, X4"},"geometry":{"type":"LineString","coordinates":[[12.858571,52.609627],[12.85851,52.609582],[12.858477,52.609566],[12.858435,52.60956],[12.85835,52.609558]]}},{"type":"Feature","properties":{"mode":"bus","n":6,"arr":["664","669","680","B","hvb:661","X4"],"lines":"664, 669, 680, B, 661, X4"},"geometry":{"type":"LineString","coordinates":[[12.864193,52.608584],[12.858619,52.609618],[12.858591,52.609626],[12.858572,52.609639],[12.858561,52.609657],[12.858543,52.609712],[12.858452,52.609749]]}},{"type":"Feature","properties":{"mode":"bus","n":6,"arr":["664","669","680","B","hvb:661","X4"],"lines":"664, 669, 680, B, 661, X4"},"geometry":{"type":"LineString","coordinates":[[12.872196,52.606332],[12.87102,52.607032],[12.870544,52.607259]]}},{"type":"Feature","properties":{"mode":"bus","n":6,"arr":["664","669","680","B","hvb:661","X4"],"lines":"664, 669, 680, B, 661, X4"},"geometry":{"type":"LineString","coordinates":[[12.85825,52.609683],[12.84443,52.612279],[12.842813,52.612557],[12.842487,52.612557],[12.842159,52.612514],[12.841529,52.612278],[12.841109,52.61206],[12.841079,52.61205],[12.84105,52.612051],[12.841022,52.612062],[12.840198,52.612547],[12.839421,52.612925],[12.838867,52.613132],[12.83779,52.613464],[12.836195,52.61381],[12.834505,52.614125],[12.832831,52.614409],[12.829496,52.614915],[12.828687,52.6151],[12.82693,52.615452],[12.825259,52.615751],[12.819061,52.616939],[12.801549,52.620114],[12.800687,52.6202],[12.798055,52.620298],[12.797318,52.620379],[12.797059,52.620383],[12.795675,52.620315],[12.79523,52.620271]]}},{"type":"Feature","properties":{"mode":"bus","n":7,"arr":["664","666","669","680","B","hvb:661","X4"],"lines":"664, 666, 669, 680, B, 661, X4"},"geometry":{"type":"LineString","coordinates":[[12.858452,52.609749],[12.858324,52.609739],[12.85825,52.609683]]}},{"type":"Feature","properties":{"mode":"bus","n":7,"arr":["664","666","669","680","B","hvb:661","X4"],"lines":"664, 666, 669, 680, B, 661, X4"},"geometry":{"type":"LineString","coordinates":[[12.870544,52.607259],[12.86986,52.607493],[12.869389,52.607603],[12.864193,52.608584]]}},{"type":"Feature","properties":{"mode":"bus","n":5,"arr":["665","669","683","687","hvb:661"],"lines":"665, 669, 683, 687, 661"},"geometry":{"type":"LineString","coordinates":[[12.579309,52.742332],[12.579158,52.741592],[12.578805,52.74094],[12.57875,52.740605],[12.578779,52.740457],[12.579662,52.738386],[12.579819,52.737809],[12.579818,52.737708],[12.579811,52.737687],[12.579792,52.737671],[12.579761,52.73766],[12.578546,52.737395],[12.578284,52.737358],[12.576518,52.73724],[12.575035,52.737079],[12.574993,52.73708],[12.574958,52.737095],[12.574901,52.737134],[12.57478,52.737147],[12.574678,52.737105],[12.574649,52.737086],[12.574634,52.737062],[12.57462,52.737011],[12.574666,52.736954],[12.574753,52.73692],[12.574883,52.736924],[12.574937,52.73695],[12.574951,52.736955],[12.574964,52.736956],[12.574977,52.736953],[12.574989,52.736946],[12.575112,52.736848],[12.575784,52.73654],[12.576525,52.736108],[12.579911,52.734281],[12.580294,52.734012],[12.580448,52.733858],[12.580961,52.733112],[12.580965,52.733102],[12.58096,52.733093],[12.580947,52.733085],[12.580899,52.733067],[12.58086,52.73302],[12.580867,52.732967],[12.58092,52.732924],[12.581049,52.732906],[12.581128,52.73293],[12.581174,52.732975],[12.581156,52.733052],[12.581464,52.733903]]}},{"type":"Feature","properties":{"mode":"bus","n":7,"arr":["672","674","678","679","680","683","685"],"lines":"672, 674, 678, 679, 680, 683, 685"},"geometry":{"type":"LineString","coordinates":[[12.342283,52.605466],[12.342281,52.605417],[12.342343,52.605373],[12.342611,52.605314],[12.342648,52.605311],[12.342682,52.605319],[12.342744,52.605346]]}},{"type":"Feature","properties":{"mode":"bus","n":9,"arr":["672","675","678","679","680","681","683","685","687"],"lines":"672, 675, 678, 679, 680, 681, 683, 685, 687"},"geometry":{"type":"LineString","coordinates":[[12.342283,52.605466],[12.342325,52.605498],[12.3424,52.605505],[12.34268,52.60544],[12.342736,52.605403],[12.342749,52.60539],[12.342751,52.605375],[12.342744,52.605346]]}},{"type":"Feature","properties":{"mode":"bus","n":9,"arr":["672","675","678","679","680","681","683","685","687"],"lines":"672, 675, 678, 679, 680, 681, 683, 685, 687"},"geometry":{"type":"LineString","coordinates":[[12.340026,52.605988],[12.340115,52.606033],[12.340145,52.606043],[12.340179,52.606044],[12.340246,52.606039],[12.340317,52.605999],[12.340329,52.605918]]}},{"type":"Feature","properties":{"mode":"bus","n":6,"arr":["672","674","678","679","680","683"],"lines":"672, 674, 678, 679, 680, 683"},"geometry":{"type":"LineString","coordinates":[[12.340026,52.605988],[12.340028,52.605937],[12.340037,52.605911],[12.340063,52.605891],[12.340096,52.605874],[12.340135,52.605861],[12.340179,52.60586],[12.340272,52.605871],[12.340329,52.605918]]}},{"type":"Feature","properties":{"mode":"bus","n":10,"arr":["672","673","674","675","676","678","679","680","683","685"],"lines":"672, 673, 674, 675, 676, 678, 679, 680, 683, 685"},"geometry":{"type":"LineString","coordinates":[[12.338179,52.606282],[12.338106,52.606322],[12.33809,52.606408]]}},{"type":"Feature","properties":{"mode":"bus","n":9,"arr":["672","673","674","675","676","678","679","680","683"],"lines":"672, 673, 674, 675, 676, 678, 679, 680, 683"},"geometry":{"type":"LineString","coordinates":[[12.338179,52.606282],[12.338304,52.606288],[12.338339,52.606294],[12.338367,52.606309],[12.338411,52.606345]]}},{"type":"Feature","properties":{"mode":"bus","n":12,"arr":["672","673","674","675","676","678","679","680","681","683","685","687"],"lines":"672, 673, 674, 675, 676, 678, 679, 680, 681, 683, 685, 687"},"geometry":{"type":"LineString","coordinates":[[12.33809,52.606408],[12.338163,52.606463],[12.338238,52.606471],[12.338276,52.606471],[12.338311,52.606462],[12.338359,52.606441],[12.338389,52.606422],[12.338402,52.606397],[12.338411,52.606345]]}},{"type":"Feature","properties":{"mode":"bus","n":5,"arr":["680","681","683","B","X4"],"lines":"680, 681, 683, B, X4"},"geometry":{"type":"LineString","coordinates":[[12.366459,52.603337],[12.366573,52.603418],[12.366747,52.603432],[12.366829,52.60341],[12.366932,52.603318],[12.366902,52.603208]]}},{"type":"Feature","properties":{"mode":"bus","n":5,"arr":["680","681","683","B","X4"],"lines":"680, 681, 683, B, X4"},"geometry":{"type":"LineString","coordinates":[[12.361569,52.603256],[12.362535,52.603247]]}},{"type":"Feature","properties":{"mode":"bus","n":6,"arr":["672","680","681","683","B","X4"],"lines":"672, 680, 681, 683, B, X4"},"geometry":{"type":"LineString","coordinates":[[12.362535,52.603247],[12.364396,52.603254],[12.364903,52.603282],[12.365925,52.603396],[12.366402,52.603343],[12.366434,52.603336],[12.366453,52.603322],[12.366459,52.603302],[12.366458,52.603237],[12.366498,52.603193],[12.36662,52.603143],[12.366748,52.60314],[12.366902,52.603208]]}},{"type":"Feature","properties":{"mode":"bus","n":11,"arr":["690","693","BER2","N14","N17","pm:601","pm:N13","pm:X1","tf:715","vip:N13","X19"],"lines":"690, 693, BER2, N14, N17, 601, N13, X1, 715, N13, X19"},"geometry":{"type":"LineString","coordinates":[[13.089901,52.390143],[13.089965,52.390179],[13.090051,52.390189]]}},{"type":"Feature","properties":{"mode":"bus","n":11,"arr":["690","693","BER2","N14","N17","pm:601","pm:N13","pm:X1","tf:715","vip:N13","X19"],"lines":"690, 693, BER2, N14, N17, 601, N13, X1, 715, N13, X19"},"geometry":{"type":"LineString","coordinates":[[13.090185,52.390129],[13.090184,52.390052],[13.090146,52.39002]]}},{"type":"Feature","properties":{"mode":"bus","n":10,"arr":["690","693","N14","N17","pm:601","pm:602","pm:N13","tf:715","vip:N13","X19"],"lines":"690, 693, N14, N17, 601, 602, N13, 715, N13, X19"},"geometry":{"type":"LineString","coordinates":[[13.089894,52.390049],[13.090015,52.389995]]}},{"type":"Feature","properties":{"mode":"bus","n":6,"arr":["BER2","pm:N13","pm:X1","tf:715","vip:N13","X19"],"lines":"BER2, N13, X1, 715, N13, X19"},"geometry":{"type":"LineString","coordinates":[[13.090051,52.390189],[13.090185,52.390129]]}},{"type":"Feature","properties":{"mode":"bus","n":5,"arr":["695","698","pm:612","vip:605","vip:612"],"lines":"695, 698, 612, 605, 612"},"geometry":{"type":"LineString","coordinates":[[12.971001,52.410739],[12.970964,52.410792],[12.970914,52.410813],[12.970892,52.410827],[12.970882,52.410845],[12.970825,52.411058],[12.971348,52.41288],[12.971329,52.413012],[12.971223,52.413118],[12.971038,52.4132],[12.968705,52.413784]]}},{"type":"Feature","properties":{"mode":"bus","n":5,"arr":["695","698","pm:612","vip:605","vip:612"],"lines":"695, 698, 612, 605, 612"},"geometry":{"type":"LineString","coordinates":[[12.970938,52.410646],[12.970813,52.410625],[12.970739,52.41065],[12.970706,52.410667],[12.970689,52.410691],[12.970667,52.410749],[12.970714,52.410801]]}},{"type":"Feature","properties":{"mode":"bus","n":5,"arr":["695","698","pm:612","vip:605","vip:612"],"lines":"695, 698, 612, 605, 612"},"geometry":{"type":"LineString","coordinates":[[12.972021,52.410553],[12.971087,52.410645]]}},{"type":"Feature","properties":{"mode":"bus","n":10,"arr":["708","720","750","pm:621","tf:701","tf:702","tf:714","tf:715","tf:721","X19"],"lines":"708, 720, 750, 621, 701, 702, 714, 715, 721, X19"},"geometry":{"type":"LineString","coordinates":[[13.265568,52.297593],[13.265498,52.297701],[13.265393,52.297732],[13.265276,52.297725]]}},{"type":"Feature","properties":{"mode":"bus","n":14,"arr":["708","709","720","750","pm:621","tf:701","tf:702","tf:703","tf:705","tf:714","tf:715","tf:721","tf:751","X19"],"lines":"708, 709, 720, 750, 621, 701, 702, 703, 705, 714, 715, 721, 751, X19"},"geometry":{"type":"LineString","coordinates":[[13.265276,52.297725],[13.265153,52.297644],[13.265156,52.297586],[13.265167,52.297558],[13.265196,52.297534],[13.265257,52.297501],[13.265299,52.297485],[13.265349,52.297481],[13.265446,52.297486]]}},{"type":"Feature","properties":{"mode":"bus","n":12,"arr":["708","720","750","pm:621","tf:701","tf:702","tf:705","tf:714","tf:715","tf:721","tf:751","X19"],"lines":"708, 720, 750, 621, 701, 702, 705, 714, 715, 721, 751, X19"},"geometry":{"type":"LineString","coordinates":[[13.265568,52.297593],[13.26553,52.297529],[13.265446,52.297486]]}},{"type":"Feature","properties":{"mode":"bus","n":6,"arr":["708","709","tf:701","tf:703","tf:705","tf:751"],"lines":"708, 709, 701, 703, 705, 751"},"geometry":{"type":"LineString","coordinates":[[13.260527,52.301422],[13.261045,52.301738],[13.261629,52.302018],[13.262801,52.302449],[13.266206,52.303618],[13.266318,52.30376],[13.26648,52.30385],[13.266501,52.303867],[13.266507,52.303885],[13.266496,52.303906],[13.265873,52.304626],[13.265855,52.30464],[13.265831,52.304648],[13.265802,52.304649],[13.26576,52.304647],[13.265715,52.304649],[13.265675,52.304663],[13.265606,52.304698],[13.265588,52.30477],[13.265627,52.30482],[13.2657,52.304852],[13.265819,52.304854],[13.265896,52.304825],[13.265945,52.304759],[13.265916,52.304689],[13.26585,52.304652]]}},{"type":"Feature","properties":{"mode":"bus","n":6,"arr":["708","709","tf:701","tf:703","tf:705","tf:751"],"lines":"708, 709, 701, 703, 705, 751"},"geometry":{"type":"LineString","coordinates":[[13.265673,52.304844],[13.264226,52.306443],[13.263943,52.306605],[13.263761,52.306656],[13.26254,52.306798],[13.262276,52.306861],[13.261662,52.306947],[13.261357,52.30696],[13.260297,52.306923],[13.258498,52.307106]]}},{"type":"Feature","properties":{"mode":"bus","n":5,"arr":["708","pm:621","tf:715","tf:721","X19"],"lines":"708, 621, 715, 721, X19"},"geometry":{"type":"LineString","coordinates":[[13.231894,52.318264],[13.231688,52.318274],[13.231578,52.318237],[13.231503,52.318174],[13.231501,52.318041],[13.231651,52.317945],[13.231739,52.31793],[13.231874,52.317942],[13.231985,52.317989],[13.232034,52.318037],[13.232038,52.318167],[13.231894,52.318264]]}},{"type":"Feature","properties":{"mode":"bus","n":5,"arr":["708","pm:621","tf:715","tf:721","X19"],"lines":"708, 621, 715, 721, X19"},"geometry":{"type":"LineString","coordinates":[[13.235914,52.316035],[13.236554,52.315588],[13.237561,52.314721]]}},{"type":"Feature","properties":{"mode":"bus","n":5,"arr":["708","pm:621","tf:715","tf:721","X19"],"lines":"708, 621, 715, 721, X19"},"geometry":{"type":"LineString","coordinates":[[13.232034,52.318037],[13.232243,52.317974],[13.232687,52.317775],[13.235413,52.316279]]}},{"type":"Feature","properties":{"mode":"bus","n":5,"arr":["708","pm:621","tf:715","tf:721","X19"],"lines":"708, 621, 715, 721, X19"},"geometry":{"type":"LineString","coordinates":[[13.235914,52.316035],[13.235656,52.31612],[13.235453,52.316253],[13.235442,52.31626],[13.235437,52.316265],[13.235436,52.316268],[13.23544,52.316268],[13.235449,52.316265],[13.235464,52.316261],[13.235721,52.316167],[13.235914,52.316035]]}},{"type":"Feature","properties":{"mode":"bus","n":12,"arr":["724","727","728","729","730","732","735","736","737","739","N36","T3"],"lines":"724, 727, 728, 729, 730, 732, 735, 736, 737, 739, N36, T3"},"geometry":{"type":"LineString","coordinates":[[13.630856,52.297942],[13.630914,52.297866],[13.630897,52.297811],[13.630839,52.297767],[13.630707,52.297744]]}},{"type":"Feature","properties":{"mode":"bus","n":12,"arr":["724","727","728","729","730","732","735","736","737","739","N36","T3"],"lines":"724, 727, 728, 729, 730, 732, 735, 736, 737, 739, N36, T3"},"geometry":{"type":"LineString","coordinates":[[13.628861,52.298491],[13.629547,52.298193],[13.630554,52.297904]]}},{"type":"Feature","properties":{"mode":"bus","n":11,"arr":["724","727","728","729","730","735","736","737","739","N36","T3"],"lines":"724, 727, 728, 729, 730, 735, 736, 737, 739, N36, T3"},"geometry":{"type":"LineString","coordinates":[[13.630554,52.297904],[13.630665,52.297967],[13.630767,52.297971],[13.630856,52.297942]]}},{"type":"Feature","properties":{"mode":"bus","n":11,"arr":["724","727","728","729","730","735","736","737","739","N36","T3"],"lines":"724, 727, 728, 729, 730, 735, 736, 737, 739, N36, T3"},"geometry":{"type":"LineString","coordinates":[[13.630707,52.297744],[13.630632,52.297321]]}},{"type":"Feature","properties":{"mode":"bus","n":7,"arr":["730","732","735","736","737","N36","T3"],"lines":"730, 732, 735, 736, 737, N36, T3"},"geometry":{"type":"LineString","coordinates":[[13.630554,52.297904],[13.630553,52.297814],[13.630615,52.297766],[13.630707,52.297744]]}},{"type":"Feature","properties":{"mode":"bus","n":5,"arr":["735","736","737","738","N36"],"lines":"735, 736, 737, 738, N36"},"geometry":{"type":"LineString","coordinates":[[13.615234,52.323027],[13.61511,52.323087],[13.61509,52.323162],[13.615137,52.323212],[13.615169,52.323234],[13.615213,52.323245],[13.61528,52.323253],[13.615331,52.323253],[13.615376,52.32324],[13.615413,52.323223],[13.615446,52.3232],[13.615461,52.32317],[13.615471,52.323104],[13.615396,52.323044],[13.615234,52.323027]]}},{"type":"Feature","properties":{"mode":"bus","n":5,"arr":["735","736","737","738","N36"],"lines":"735, 736, 737, 738, N36"},"geometry":{"type":"LineString","coordinates":[[13.615189,52.323248],[13.6149,52.323572],[13.613434,52.32547],[13.612276,52.327158],[13.612269,52.327178],[13.61228,52.327194],[13.612307,52.327205],[13.613592,52.327537],[13.613723,52.327614],[13.613769,52.327683],[13.613742,52.32782],[13.613138,52.328737],[13.613125,52.328841],[13.61328,52.329188]]}},{"type":"Feature","properties":{"mode":"bus","n":5,"arr":["740","745","746","747","orp:741"],"lines":"740, 745, 746, 747, 741"},"geometry":{"type":"LineString","coordinates":[[12.492543,53.163661],[12.492389,53.163646],[12.4923,53.163681],[12.492273,53.163719],[12.49226,53.163731],[12.492243,53.163737],[12.492221,53.163738],[12.491626,53.163698],[12.491214,53.163636],[12.490468,53.163568],[12.489699,53.163608],[12.489035,53.163609],[12.488904,53.163632],[12.485984,53.163202],[12.485954,53.163194],[12.485939,53.163179],[12.48594,53.163159],[12.486224,53.162384],[12.48646,53.16147],[12.486459,53.161448],[12.486444,53.161431],[12.486415,53.161419],[12.485175,53.161064],[12.485141,53.161058],[12.485109,53.161061],[12.485079,53.161073],[12.484998,53.161117]]}},{"type":"Feature","properties":{"mode":"bus","n":7,"arr":["748","762","787","orp:764","orp:770","orp:771","orp:794"],"lines":"748, 762, 787, 764, 770, 771, 794"},"geometry":{"type":"LineString","coordinates":[[12.808631,52.939921],[12.808746,52.939878]]}},{"type":"Feature","properties":{"mode":"bus","n":7,"arr":["748","762","787","orp:764","orp:770","orp:771","orp:794"],"lines":"748, 762, 787, 764, 770, 771, 794"},"geometry":{"type":"LineString","coordinates":[[12.808396,52.939888],[12.808311,52.939805],[12.808326,52.939707],[12.808407,52.939652],[12.808509,52.939625]]}},{"type":"Feature","properties":{"mode":"bus","n":7,"arr":["748","762","787","orp:764","orp:770","orp:771","orp:794"],"lines":"748, 762, 787, 764, 770, 771, 794"},"geometry":{"type":"LineString","coordinates":[[12.808813,52.93975],[12.808724,52.939606],[12.808788,52.93932],[12.809637,52.937673],[12.810155,52.936495],[12.811337,52.934011]]}},{"type":"Feature","properties":{"mode":"bus","n":5,"arr":["748","762","787","orp:771","orp:794"],"lines":"748, 762, 787, 771, 794"},"geometry":{"type":"LineString","coordinates":[[12.808746,52.939878],[12.808804,52.939833],[12.808813,52.93975]]}},{"type":"Feature","properties":{"mode":"bus","n":5,"arr":["748","762","787","orp:771","orp:794"],"lines":"748, 762, 787, 771, 794"},"geometry":{"type":"LineString","coordinates":[[12.805695,52.945732],[12.808336,52.940234],[12.808449,52.940132],[12.80855,52.939967],[12.808631,52.939921]]}},{"type":"Feature","properties":{"mode":"bus","n":6,"arr":["748","777","778","orp:764","orp:770","orp:791"],"lines":"748, 777, 778, 764, 770, 791"},"geometry":{"type":"LineString","coordinates":[[12.817318,52.938161],[12.817368,52.938077]]}},{"type":"Feature","properties":{"mode":"bus","n":6,"arr":["748","777","778","orp:764","orp:770","orp:791"],"lines":"748, 777, 778, 764, 770, 791"},"geometry":{"type":"LineString","coordinates":[[12.817429,52.938291],[12.817536,52.938315],[12.817626,52.938369],[12.817849,52.938597],[12.821065,52.943492],[12.822522,52.945628],[12.822719,52.945857],[12.823053,52.946133],[12.823408,52.946337],[12.827363,52.948178]]}},{"type":"Feature","properties":{"mode":"bus","n":5,"arr":["748","777","778","orp:764","orp:770"],"lines":"748, 777, 778, 764, 770"},"geometry":{"type":"LineString","coordinates":[[12.817611,52.93802],[12.817738,52.938059],[12.817805,52.938128],[12.817755,52.93834],[12.817849,52.938597]]}},{"type":"Feature","properties":{"mode":"bus","n":6,"arr":["750","753","755","tf:719","tf:770","tf:772"],"lines":"750, 753, 755, 719, 770, 772"},"geometry":{"type":"LineString","coordinates":[[13.176905,52.090041],[13.176805,52.090087],[13.176699,52.090093],[13.176597,52.090065],[13.17653,52.090006]]}},{"type":"Feature","properties":{"mode":"bus","n":7,"arr":["750","753","755","tf:719","tf:752","tf:770","tf:772"],"lines":"750, 753, 755, 719, 752, 770, 772"},"geometry":{"type":"LineString","coordinates":[[13.176905,52.090041],[13.176947,52.089961],[13.176902,52.089883],[13.17679,52.089837],[13.176666,52.08985],[13.176618,52.089861],[13.176581,52.089883],[13.176524,52.089934],[13.17653,52.090006],[13.176226,52.090253],[13.175527,52.090632]]}},{"type":"Feature","properties":{"mode":"bus","n":5,"arr":["750","753","755","tf:719","tf:770"],"lines":"750, 753, 755, 719, 770"},"geometry":{"type":"LineString","coordinates":[[13.16504,52.094238],[13.165099,52.094193],[13.165135,52.094175],[13.165181,52.09417],[13.165448,52.094175],[13.167291,52.094063],[13.167333,52.094079],[13.167347,52.094082],[13.167361,52.094081],[13.167374,52.094076],[13.167487,52.094008],[13.167757,52.093908],[13.173833,52.091773]]}},{"type":"Feature","properties":{"mode":"bus","n":7,"arr":["750","753","755","tf:719","tf:752","tf:757","tf:770"],"lines":"750, 753, 755, 719, 752, 757, 770"},"geometry":{"type":"LineString","coordinates":[[13.16504,52.094238],[13.164942,52.094241],[13.164863,52.094204],[13.164842,52.094137],[13.164874,52.094104],[13.164881,52.094092],[13.164879,52.094081],[13.164868,52.094071],[13.164531,52.093841],[13.163265,52.092832]]}},{"type":"Feature","properties":{"mode":"bus","n":7,"arr":["750","753","755","tf:719","tf:752","tf:757","tf:770"],"lines":"750, 753, 755, 719, 752, 757, 770"},"geometry":{"type":"LineString","coordinates":[[13.175463,52.090666],[13.174831,52.091001],[13.174641,52.091128],[13.174474,52.091388],[13.174277,52.09159],[13.174113,52.091684],[13.173833,52.091773]]}},{"type":"Feature","properties":{"mode":"bus","n":7,"arr":["830","833","835","836","837","841","845"],"lines":"830, 833, 835, 836, 837, 841, 845"},"geometry":{"type":"LineString","coordinates":[[13.163515,53.006205],[13.163564,53.006145],[13.163644,53.006116],[13.163737,53.006115],[13.16382,53.006143],[13.163871,53.006204],[13.163862,53.006244],[13.163851,53.006264],[13.163828,53.006279],[13.163758,53.00631],[13.163715,53.006321],[13.163669,53.00632],[13.163579,53.006304],[13.163521,53.006252],[13.163517,53.006221],[13.163515,53.006216],[13.163512,53.006213],[13.163508,53.006211],[13.163501,53.006212],[13.163494,53.006215],[13.163276,53.006317],[13.163021,53.00636],[13.160672,53.006601],[13.159012,53.006749],[13.155194,53.007037],[13.152674,53.007266],[13.152567,53.007251],[13.152137,53.007059],[13.151721,53.006909],[13.151244,53.006818],[13.151091,53.006765],[13.151066,53.006752],[13.151055,53.006735],[13.151059,53.006715],[13.151088,53.006655],[13.151055,53.006473],[13.151106,53.006067],[13.151414,53.005092],[13.151945,53.004358],[13.153743,53.002027],[13.153902,53.001629],[13.153974,53.001303],[13.154312,52.999547],[13.154471,52.998531],[13.154582,52.998209],[13.154767,52.998095],[13.155014,52.998038],[13.155039,52.998034],[13.15506,52.998037],[13.155077,52.998045],[13.155089,52.998059],[13.155418,52.998632],[13.155853,52.999158],[13.159058,53.002234],[13.159985,53.003053],[13.160423,53.003387],[13.160728,53.003605],[13.162273,53.00451],[13.1627,53.004855],[13.163276,53.005571],[13.163513,53.005961],[13.163564,53.006145]]}},{"type":"Feature","properties":{"mode":"bus","n":7,"arr":["830","833","835","836","837","841","845"],"lines":"830, 833, 835, 836, 837, 841, 845"},"geometry":{"type":"LineString","coordinates":[[13.16815,53.004359],[13.167043,53.004604],[13.166355,53.004817],[13.165913,53.004991],[13.165446,53.005216],[13.1648,53.005592],[13.163871,53.006204]]}},{"type":"Feature","properties":{"mode":"bus","n":7,"arr":["830","833","835","836","837","841","845"],"lines":"830, 833, 835, 836, 837, 841, 845"},"geometry":{"type":"LineString","coordinates":[[13.162856,53.00504],[13.163475,53.004676],[13.164485,53.004031]]}},{"type":"Feature","properties":{"mode":"bus","n":7,"arr":["830","833","835","836","837","841","845"],"lines":"830, 833, 835, 836, 837, 841, 845"},"geometry":{"type":"LineString","coordinates":[[13.157357,53.006873],[13.157552,53.007478]]}},{"type":"Feature","properties":{"mode":"bus","n":7,"arr":["830","833","835","836","837","841","845"],"lines":"830, 833, 835, 836, 837, 841, 845"},"geometry":{"type":"LineString","coordinates":[[13.153542,53.001427],[13.153933,53.001453]]}},{"type":"Feature","properties":{"mode":"bus","n":5,"arr":["852","853","cb:850","cb:851","cb:854"],"lines":"852, 853, 850, 851, 854"},"geometry":{"type":"LineString","coordinates":[[14.641695,51.739808],[14.640594,51.73856],[14.640211,51.738164],[14.640115,51.738021],[14.640092,51.737775],[14.639916,51.737599],[14.639841,51.737439],[14.639757,51.737394],[14.639652,51.737379],[14.639547,51.737396],[14.639472,51.737436],[14.639341,51.737434],[14.638894,51.737262],[14.636933,51.736032],[14.628771,51.731059],[14.628563,51.730907],[14.628546,51.730887],[14.628548,51.730864],[14.628569,51.730819],[14.628542,51.730749]]}},{"type":"Feature","properties":{"mode":"bus","n":5,"arr":["852","853","cb:850","cb:851","cb:854"],"lines":"852, 853, 850, 851, 854"},"geometry":{"type":"LineString","coordinates":[[14.637921,51.73934],[14.641109,51.739164]]}},{"type":"Feature","properties":{"mode":"bus","n":5,"arr":["852","853","cb:850","cb:851","cb:854"],"lines":"852, 853, 850, 851, 854"},"geometry":{"type":"LineString","coordinates":[[14.63857,51.741442],[14.640521,51.741222]]}},{"type":"Feature","properties":{"mode":"bus","n":5,"arr":["864","910","bbg:866","bbg:912","bbg:915"],"lines":"864, 910, 866, 912, 915"},"geometry":{"type":"LineString","coordinates":[[13.790168,52.846844],[13.790307,52.846813],[13.790362,52.846749],[13.790378,52.846716],[13.790371,52.846683],[13.790351,52.846649],[13.790323,52.84662],[13.790278,52.8466],[13.790223,52.846585],[13.790193,52.846573],[13.790175,52.846556],[13.790169,52.846534],[13.790174,52.845698],[13.790231,52.845323],[13.790365,52.845036],[13.790889,52.844444],[13.791051,52.844143],[13.791084,52.843856],[13.791058,52.843671],[13.790572,52.842628],[13.790325,52.842149],[13.790072,52.841841],[13.789197,52.840906],[13.788841,52.840679],[13.788639,52.840585],[13.784514,52.839484],[13.783796,52.839275],[13.783619,52.839173],[13.783424,52.839015],[13.782438,52.838134]]}},{"type":"Feature","properties":{"mode":"bus","n":7,"arr":["869","898","907","908","bbg:868","bbg:870","bbg:892"],"lines":"869, 898, 907, 908, 868, 870, 892"},"geometry":{"type":"LineString","coordinates":[[13.597732,52.67729],[13.597638,52.677356],[13.597529,52.677364],[13.597467,52.677345],[13.597434,52.677339],[13.5974,52.677343],[13.596405,52.677609]]}},{"type":"Feature","properties":{"mode":"bus","n":7,"arr":["869","898","907","908","bbg:868","bbg:870","bbg:892"],"lines":"869, 898, 907, 908, 868, 870, 892"},"geometry":{"type":"LineString","coordinates":[[13.597725,52.677215],[13.597608,52.677153],[13.597505,52.677155],[13.597421,52.677191]]}},{"type":"Feature","properties":{"mode":"bus","n":7,"arr":["869","898","907","908","bbg:868","bbg:870","bbg:892"],"lines":"869, 898, 907, 908, 868, 870, 892"},"geometry":{"type":"LineString","coordinates":[[13.595957,52.677711],[13.59569,52.677834],[13.595178,52.678128]]}},{"type":"Feature","properties":{"mode":"bus","n":6,"arr":["869","898","907","908","bbg:868","bbg:892"],"lines":"869, 898, 907, 908, 868, 892"},"geometry":{"type":"LineString","coordinates":[[13.597421,52.677191],[13.597383,52.677258]]}},{"type":"Feature","properties":{"mode":"bus","n":10,"arr":["874","882","bbg:873","bbg:879","bbg:881","bbg:886","bbg:887","bbg:889","bbg:958","mol:889"],"lines":"874, 882, 873, 879, 881, 886, 887, 889, 958, 889"},"geometry":{"type":"LineString","coordinates":[[14.035041,52.783924],[14.035071,52.783838],[14.035007,52.783777]]}},{"type":"Feature","properties":{"mode":"bus","n":5,"arr":["bbg:879","bbg:886","bbg:889","bbg:958","mol:889"],"lines":"879, 886, 889, 958, 889"},"geometry":{"type":"LineString","coordinates":[[14.03475,52.783926],[14.034803,52.783957],[14.034917,52.783971],[14.035041,52.783924]]}},{"type":"Feature","properties":{"mode":"bus","n":5,"arr":["875","bbg:879","bbg:886","bbg:958","mol:889"],"lines":"875, 879, 886, 958, 889"},"geometry":{"type":"LineString","coordinates":[[14.03475,52.783926],[14.034715,52.783862]]}},{"type":"Feature","properties":{"mode":"bus","n":10,"arr":["874","875","882","bbg:873","bbg:879","bbg:881","bbg:886","bbg:887","bbg:958","mol:889"],"lines":"874, 875, 882, 873, 879, 881, 886, 887, 958, 889"},"geometry":{"type":"LineString","coordinates":[[14.034715,52.783862],[14.034744,52.783802],[14.034804,52.783774],[14.034838,52.783764],[14.034876,52.783763],[14.035007,52.783777]]}},{"type":"Feature","properties":{"mode":"bus","n":6,"arr":["875","bbg:876","bbg:879","bbg:889","bbg:958","mol:889"],"lines":"875, 876, 879, 889, 958, 889"},"geometry":{"type":"LineString","coordinates":[[14.137918,52.720482],[14.137822,52.720504],[14.137772,52.720508],[14.137725,52.720496],[14.137682,52.720478],[14.137652,52.720457],[14.137641,52.72043],[14.13764,52.720403],[14.137648,52.720376],[14.137674,52.720355],[14.137703,52.720338],[14.137721,52.720324],[14.137729,52.720309],[14.137725,52.720291],[14.137702,52.72024],[14.137699,52.720219],[14.137711,52.720201],[14.137738,52.720188],[14.138335,52.72],[14.140418,52.71947],[14.140652,52.719341],[14.140719,52.719256],[14.14071,52.71919],[14.140417,52.718778],[14.14041,52.718758],[14.140419,52.71874],[14.140444,52.718726],[14.141204,52.718439],[14.14123,52.718425],[14.14124,52.718407],[14.141235,52.718386],[14.139936,52.716108]]}},{"type":"Feature","properties":{"mode":"bus","n":5,"arr":["875","bbg:879","bbg:889","bbg:958","mol:889"],"lines":"875, 879, 889, 958, 889"},"geometry":{"type":"LineString","coordinates":[[14.137918,52.720482],[14.137959,52.720422],[14.137931,52.720359],[14.137846,52.720319],[14.137738,52.720319]]}},{"type":"Feature","properties":{"mode":"bus","n":5,"arr":["878","895","898","906","bbg:887"],"lines":"878, 895, 898, 906, 887"},"geometry":{"type":"LineString","coordinates":[[13.745286,52.636248],[13.745371,52.636288],[13.745479,52.636293]]}},{"type":"Feature","properties":{"mode":"bus","n":5,"arr":["897","900","bbg:825","bbg:894","ohv:825"],"lines":"897, 900, 825, 894, 825"},"geometry":{"type":"LineString","coordinates":[[13.579411,52.68261],[13.579529,52.682584],[13.579616,52.682482],[13.579866,52.682376],[13.579924,52.682331],[13.579933,52.682323],[13.579936,52.682317],[13.579933,52.682315],[13.579924,52.682315],[13.579908,52.682318],[13.579609,52.682389],[13.579408,52.682344],[13.57924,52.682383]]}},{"type":"Feature","properties":{"mode":"bus","n":5,"arr":["897","900","bbg:825","bbg:894","ohv:825"],"lines":"897, 900, 825, 894, 825"},"geometry":{"type":"LineString","coordinates":[[13.579177,52.682484],[13.579231,52.682565]]}},{"type":"Feature","properties":{"mode":"bus","n":5,"arr":["897","900","bbg:825","bbg:894","ohv:825"],"lines":"897, 900, 825, 894, 825"},"geometry":{"type":"LineString","coordinates":[[13.583575,52.680871],[13.580869,52.681827],[13.580358,52.68207],[13.579955,52.682307]]}},{"type":"Feature","properties":{"mode":"bus","n":5,"arr":["897","bbg:825","bbg:872","bbg:894","ohv:825"],"lines":"897, 825, 872, 894, 825"},"geometry":{"type":"LineString","coordinates":[[13.538034,52.706996],[13.537846,52.706986],[13.537759,52.706923],[13.537752,52.706842],[13.537832,52.706785],[13.537875,52.706765],[13.537929,52.706759],[13.538013,52.706762],[13.538063,52.706769],[13.538101,52.70679],[13.538129,52.706812],[13.538152,52.706841],[13.538154,52.706872],[13.538134,52.706948],[13.538034,52.706996]]}},{"type":"Feature","properties":{"mode":"bus","n":5,"arr":["897","bbg:825","bbg:872","bbg:894","ohv:825"],"lines":"897, 825, 872, 894, 825"},"geometry":{"type":"LineString","coordinates":[[13.538068,52.706763],[13.539362,52.705439],[13.540655,52.703804],[13.540939,52.703522],[13.541121,52.703395],[13.541451,52.7032],[13.544142,52.7018],[13.546582,52.700432],[13.551285,52.697566],[13.552745,52.696625],[13.553175,52.696288],[13.554109,52.695483],[13.554642,52.694986],[13.555499,52.693568],[13.55586,52.693144]]}},{"type":"Feature","properties":{"mode":"bus","n":5,"arr":["911","921","bbg:915","bbg:917","bbg:920"],"lines":"911, 921, 915, 917, 920"},"geometry":{"type":"LineString","coordinates":[[13.755627,52.972363],[13.755749,52.972311],[13.755825,52.972306],[13.755947,52.972335],[13.756021,52.972401]]}},{"type":"Feature","properties":{"mode":"bus","n":5,"arr":["911","921","bbg:915","bbg:917","bbg:920"],"lines":"911, 921, 915, 917, 920"},"geometry":{"type":"LineString","coordinates":[[13.756026,52.972466],[13.755955,52.972539],[13.755822,52.972573],[13.755282,52.973226],[13.754923,52.97387],[13.75438,52.975243],[13.753715,52.976055],[13.753264,52.976831],[13.753032,52.977008],[13.751407,52.977837]]}},{"type":"Feature","properties":{"mode":"bus","n":5,"arr":["928","los:432","mol:936","mol:939","mol:955"],"lines":"928, 432, 936, 939, 955"},"geometry":{"type":"LineString","coordinates":[[14.135987,52.505558],[14.136094,52.505496],[14.136131,52.505481],[14.136175,52.505477],[14.136261,52.505478],[14.136329,52.505511],[14.136353,52.505519],[14.136379,52.50552],[14.136405,52.505513],[14.1367,52.505404],[14.13727,52.505134],[14.138168,52.504628],[14.138311,52.504518],[14.138433,52.504328]]}},{"type":"Feature","properties":{"mode":"bus","n":5,"arr":["928","los:432","mol:936","mol:939","mol:955"],"lines":"928, 432, 936, 939, 955"},"geometry":{"type":"LineString","coordinates":[[14.139075,52.502712],[14.139454,52.502717],[14.139957,52.50267]]}},{"type":"Feature","properties":{"mode":"bus","n":8,"arr":["929","966","bbg:889","mol:889","mol:937","mol:946","mol:947","R931"],"lines":"929, 966, 889, 889, 937, 946, 947, R931"},"geometry":{"type":"LineString","coordinates":[[13.909773,52.591559],[13.909884,52.591587],[13.909957,52.591681]]}},{"type":"Feature","properties":{"mode":"bus","n":8,"arr":["929","966","bbg:889","mol:889","mol:937","mol:946","mol:947","R931"],"lines":"929, 966, 889, 889, 937, 946, 947, R931"},"geometry":{"type":"LineString","coordinates":[[13.908871,52.591269],[13.908922,52.591356],[13.908893,52.591418],[13.908891,52.591438],[13.908903,52.591453],[13.908931,52.591463],[13.909365,52.591561],[13.909622,52.591591]]}},{"type":"Feature","properties":{"mode":"bus","n":7,"arr":["966","bbg:889","mol:889","mol:937","mol:946","mol:947","R931"],"lines":"966, 889, 889, 937, 946, 947, R931"},"geometry":{"type":"LineString","coordinates":[[13.909957,52.591681],[13.909941,52.591734],[13.909864,52.591788],[13.909691,52.591801],[13.909597,52.591761],[13.909553,52.591698],[13.90957,52.591631],[13.909622,52.591591]]}},{"type":"Feature","properties":{"mode":"bus","n":7,"arr":["929","bbg:889","mol:889","mol:937","mol:946","mol:947","R931"],"lines":"929, 889, 889, 937, 946, 947, R931"},"geometry":{"type":"LineString","coordinates":[[13.909622,52.591591],[13.909773,52.591559]]}},{"type":"Feature","properties":{"mode":"bus","n":7,"arr":["929","bbg:889","mol:889","mol:937","mol:946","mol:947","R931"],"lines":"929, 889, 889, 937, 946, 947, R931"},"geometry":{"type":"LineString","coordinates":[[13.915338,52.593299],[13.915222,52.59323],[13.915211,52.593223],[13.915205,52.593218],[13.915204,52.593216],[13.915208,52.593216],[13.915217,52.593218],[13.915232,52.593222],[13.915627,52.593355],[13.916091,52.593469],[13.916204,52.593473],[13.916325,52.593434],[13.916438,52.593441],[13.916526,52.593472],[13.916587,52.593563],[13.916679,52.593588],[13.9175,52.593711],[13.920564,52.594505]]}},{"type":"Feature","properties":{"mode":"bus","n":7,"arr":["929","bbg:889","mol:889","mol:937","mol:946","mol:947","R931"],"lines":"929, 889, 889, 937, 946, 947, R931"},"geometry":{"type":"LineString","coordinates":[[13.909957,52.591681],[13.910074,52.591739],[13.910592,52.591904],[13.914674,52.592976],[13.91518,52.593205]]}},{"type":"Feature","properties":{"mode":"bus","n":7,"arr":["929","bbg:889","mol:889","mol:937","mol:946","mol:947","R931"],"lines":"929, 889, 889, 937, 946, 947, R931"},"geometry":{"type":"LineString","coordinates":[[13.916534,52.593417],[13.916526,52.593472]]}},{"type":"Feature","properties":{"mode":"bus","n":6,"arr":["bbg:889","mol:889","mol:937","mol:946","mol:947","R931"],"lines":"889, 889, 937, 946, 947, R931"},"geometry":{"type":"LineString","coordinates":[[13.916587,52.593563],[13.916563,52.593632],[13.916498,52.593679],[13.916354,52.593707],[13.916256,52.593691],[13.916175,52.593647],[13.916137,52.593584],[13.916152,52.593518],[13.916204,52.593473]]}},{"type":"Feature","properties":{"mode":"bus","n":6,"arr":["952","953","971","vgp:946","vgp:948","vgp:951"],"lines":"952, 953, 971, 946, 948, 951"},"geometry":{"type":"LineString","coordinates":[[11.746789,53.161342],[11.746863,53.161299],[11.746888,53.16129],[11.746918,53.161288],[11.746977,53.161291],[11.74704,53.161327],[11.747053,53.161379],[11.747028,53.161408],[11.74701,53.161421],[11.746986,53.161429],[11.746889,53.161444]]}},{"type":"Feature","properties":{"mode":"bus","n":7,"arr":["952","953","971","974","vgp:946","vgp:948","vgp:951"],"lines":"952, 953, 971, 974, 946, 948, 951"},"geometry":{"type":"LineString","coordinates":[[11.740181,53.159887],[11.74031,53.159892],[11.7423,53.160542],[11.742723,53.160644],[11.743663,53.16085],[11.746759,53.161337],[11.746776,53.161342],[11.746786,53.16135],[11.746791,53.161361],[11.746792,53.161377],[11.7468,53.161394],[11.746818,53.161408],[11.746889,53.161444]]}},{"type":"Feature","properties":{"mode":"bus","n":5,"arr":["956","966","969","bbg:958","mol:958"],"lines":"956, 966, 969, 958, 958"},"geometry":{"type":"LineString","coordinates":[[14.381102,52.533921],[14.38102,52.533906],[14.380966,52.533865],[14.380976,52.533805],[14.380984,52.533788],[14.381003,52.533774],[14.381048,52.533752],[14.381136,52.533748],[14.381213,52.533778],[14.381245,52.533832],[14.381216,52.533886]]}},{"type":"Feature","properties":{"mode":"bus","n":5,"arr":["956","966","969","bbg:958","mol:958"],"lines":"956, 966, 969, 958, 958"},"geometry":{"type":"LineString","coordinates":[[14.378336,52.532162],[14.378145,52.532147]]}},{"type":"Feature","properties":{"mode":"bus","n":5,"arr":["956","966","969","bbg:958","mol:958"],"lines":"956, 966, 969, 958, 958"},"geometry":{"type":"LineString","coordinates":[[14.381178,52.533759],[14.381487,52.533284],[14.381897,52.532516]]}},{"type":"Feature","properties":{"mode":"bus","n":8,"arr":["966","bbg:923","mol:923","mol:931","mol:937","mol:946","mol:947","R931"],"lines":"966, 923, 923, 931, 937, 946, 947, R931"},"geometry":{"type":"LineString","coordinates":[[13.894652,52.587706],[13.894525,52.587715],[13.89443,52.587767],[13.894402,52.587837],[13.894465,52.587919]]}},{"type":"Feature","properties":{"mode":"bus","n":8,"arr":["966","bbg:923","mol:923","mol:931","mol:937","mol:946","mol:947","R931"],"lines":"966, 923, 923, 931, 937, 946, 947, R931"},"geometry":{"type":"LineString","coordinates":[[13.894678,52.58795],[13.894741,52.587929]]}},{"type":"Feature","properties":{"mode":"bus","n":7,"arr":["966","bbg:923","mol:923","mol:931","mol:946","mol:947","R931"],"lines":"966, 923, 923, 931, 946, 947, R931"},"geometry":{"type":"LineString","coordinates":[[13.894652,52.587706],[13.894764,52.587745],[13.894817,52.587816]]}},{"type":"Feature","properties":{"mode":"bus","n":6,"arr":["966","bbg:923","mol:923","mol:931","mol:946","R931"],"lines":"966, 923, 923, 931, 946, R931"},"geometry":{"type":"LineString","coordinates":[[13.894817,52.587816],[13.894807,52.587869],[13.894741,52.587929]]}},{"type":"Feature","properties":{"mode":"bus","n":5,"arr":["966","bbg:923","mol:923","mol:937","mol:946"],"lines":"966, 923, 923, 937, 946"},"geometry":{"type":"LineString","coordinates":[[13.894465,52.587919],[13.894538,52.587949],[13.894678,52.58795]]}},{"type":"Feature","properties":{"mode":"bus","n":7,"arr":["974","977","978","vgp:935","vgp:946","vgp:947","vgp:955"],"lines":"974, 977, 978, 935, 946, 947, 955"},"geometry":{"type":"LineString","coordinates":[[11.86001,53.082082],[11.860004,53.082032],[11.85991,53.081936],[11.859907,53.081846]]}},{"type":"Feature","properties":{"mode":"bus","n":7,"arr":["974","977","978","vgp:935","vgp:946","vgp:947","vgp:955"],"lines":"974, 977, 978, 935, 946, 947, 955"},"geometry":{"type":"LineString","coordinates":[[11.856803,53.075185],[11.856962,53.074939],[11.857163,53.074761]]}},{"type":"Feature","properties":{"mode":"bus","n":8,"arr":["974","975","978","vgp:935","vgp:945","vgp:946","vgp:947","vgp:955"],"lines":"974, 975, 978, 935, 945, 946, 947, 955"},"geometry":{"type":"LineString","coordinates":[[11.859976,53.082123],[11.859961,53.082129]]}},{"type":"Feature","properties":{"mode":"bus","n":8,"arr":["974","975","978","vgp:935","vgp:945","vgp:946","vgp:947","vgp:955"],"lines":"974, 975, 978, 935, 945, 946, 947, 955"},"geometry":{"type":"LineString","coordinates":[[11.859866,53.082148],[11.859781,53.082128]]}},{"type":"Feature","properties":{"mode":"bus","n":8,"arr":["974","975","978","vgp:935","vgp:945","vgp:946","vgp:947","vgp:955"],"lines":"974, 975, 978, 935, 945, 946, 947, 955"},"geometry":{"type":"LineString","coordinates":[[11.859907,53.081846],[11.859739,53.082034]]}},{"type":"Feature","properties":{"mode":"bus","n":8,"arr":["974","975","978","vgp:935","vgp:945","vgp:946","vgp:947","vgp:955"],"lines":"974, 975, 978, 935, 945, 946, 947, 955"},"geometry":{"type":"LineString","coordinates":[[11.856803,53.075185],[11.857267,53.075239],[11.85736,53.07522],[11.857419,53.075173]]}},{"type":"Feature","properties":{"mode":"bus","n":6,"arr":["974","975","vgp:935","vgp:945","vgp:946","vgp:955"],"lines":"974, 975, 935, 945, 946, 955"},"geometry":{"type":"LineString","coordinates":[[11.859961,53.082129],[11.859866,53.082148]]}},{"type":"Feature","properties":{"mode":"bus","n":6,"arr":["975","978","vgp:935","vgp:945","vgp:947","vgp:955"],"lines":"975, 978, 935, 945, 947, 955"},"geometry":{"type":"LineString","coordinates":[[11.859739,53.082034],[11.859735,53.082085],[11.859781,53.082128]]}},{"type":"Feature","properties":{"mode":"bus","n":7,"arr":["974","977","978","vgp:935","vgp:947","vgp:950","vgp:955"],"lines":"974, 977, 978, 935, 947, 950, 955"},"geometry":{"type":"LineString","coordinates":[[11.866367,53.074249],[11.866256,53.07429]]}},{"type":"Feature","properties":{"mode":"bus","n":7,"arr":["974","977","978","vgp:935","vgp:947","vgp:950","vgp:955"],"lines":"974, 977, 978, 935, 947, 950, 955"},"geometry":{"type":"LineString","coordinates":[[11.866222,53.074287],[11.866142,53.074249]]}},{"type":"Feature","properties":{"mode":"bus","n":8,"arr":["974","977","978","vgp:935","vgp:941","vgp:947","vgp:950","vgp:955"],"lines":"974, 977, 978, 935, 941, 947, 950, 955"},"geometry":{"type":"LineString","coordinates":[[11.866256,53.07429],[11.866222,53.074287]]}},{"type":"Feature","properties":{"mode":"bus","n":8,"arr":["974","977","978","vgp:935","vgp:941","vgp:947","vgp:950","vgp:955"],"lines":"974, 977, 978, 935, 941, 947, 950, 955"},"geometry":{"type":"LineString","coordinates":[[11.866142,53.074249],[11.866136,53.074185],[11.866033,53.07402],[11.865645,53.073578],[11.865189,53.073144],[11.864907,53.073009],[11.861974,53.071959],[11.861068,53.071465],[11.859551,53.070314]]}},{"type":"Feature","properties":{"mode":"bus","n":8,"arr":["974","975","977","978","vgp:935","vgp:947","vgp:950","vgp:955"],"lines":"974, 975, 977, 978, 935, 947, 950, 955"},"geometry":{"type":"LineString","coordinates":[[11.869182,53.073268],[11.868599,53.07346],[11.866912,53.073954],[11.866445,53.074118],[11.866367,53.074249]]}},{"type":"Feature","properties":{"mode":"bus","n":5,"arr":["bbg:825","bbg:894","bbg:902","bbg:903","ohv:825"],"lines":"825, 894, 902, 903, 825"},"geometry":{"type":"LineString","coordinates":[[13.458064,52.742104],[13.45804,52.742154],[13.45818,52.742357],[13.46339,52.74669]]}},{"type":"Feature","properties":{"mode":"bus","n":5,"arr":["bbg:923","mol:923","mol:931","mol:947","R931"],"lines":"923, 923, 931, 947, R931"},"geometry":{"type":"LineString","coordinates":[[13.891209,52.593501],[13.891172,52.593424],[13.89123,52.593357],[13.891265,52.593331],[13.891315,52.593318],[13.891438,52.593304],[13.891549,52.593348],[13.891579,52.593397],[13.891586,52.593423],[13.891576,52.593448],[13.891539,52.593497],[13.891506,52.593523],[13.891456,52.593536],[13.891365,52.593546],[13.89132,52.593545],[13.89128,52.593534],[13.891209,52.593501]]}},{"type":"Feature","properties":{"mode":"bus","n":5,"arr":["bbg:923","mol:923","mol:931","mol:947","R931"],"lines":"923, 923, 931, 947, R931"},"geometry":{"type":"LineString","coordinates":[[13.894465,52.587919],[13.894447,52.588052],[13.894312,52.588318],[13.893602,52.589256],[13.89336,52.589696],[13.893206,52.59025],[13.893132,52.590896],[13.892978,52.591314],[13.892629,52.591819],[13.891558,52.593082],[13.891438,52.593304]]}},{"type":"Feature","properties":{"mode":"bus","n":7,"arr":["BER2","bvg:622","N12","pm:601","pm:622","pm:N13","pm:X1"],"lines":"BER2, 622, N12, 601, 622, N13, X1"},"geometry":{"type":"LineString","coordinates":[[13.210182,52.39222],[13.210195,52.392275],[13.210296,52.39233]]}},{"type":"Feature","properties":{"mode":"bus","n":7,"arr":["BER2","bvg:622","N12","pm:601","pm:622","pm:N13","pm:X1"],"lines":"BER2, 622, N12, 601, 622, N13, X1"},"geometry":{"type":"LineString","coordinates":[[13.210055,52.393015],[13.209924,52.393332]]}},{"type":"Feature","properties":{"mode":"bus","n":7,"arr":["BER2","bvg:622","pm:601","pm:602","pm:622","pm:N13","pm:X1"],"lines":"BER2, 622, 601, 602, 622, N13, X1"},"geometry":{"type":"LineString","coordinates":[[13.210244,52.392155],[13.21035,52.392133],[13.210453,52.392158],[13.210508,52.392217],[13.210489,52.392284]]}},{"type":"Feature","properties":{"mode":"bus","n":6,"arr":["bvg:622","N12","pm:601","pm:622","pm:N13","pm:X1"],"lines":"622, N12, 601, 622, N13, X1"},"geometry":{"type":"LineString","coordinates":[[13.209904,52.393575],[13.209813,52.393512]]}},{"type":"Feature","properties":{"mode":"bus","n":6,"arr":["bvg:622","N12","pm:601","pm:622","pm:N13","pm:X1"],"lines":"622, N12, 601, 622, N13, X1"},"geometry":{"type":"LineString","coordinates":[[13.195523,52.385349],[13.195569,52.385342],[13.195593,52.385341],[13.195616,52.385346],[13.19601,52.385491],[13.197247,52.385998],[13.198916,52.386693],[13.198932,52.386704],[13.198939,52.386717],[13.198943,52.386746],[13.198974,52.386767],[13.198992,52.386775],[13.199015,52.386777],[13.199115,52.386772]]}},{"type":"Feature","properties":{"mode":"bus","n":6,"arr":["bvg:622","N12","pm:601","pm:622","pm:N13","pm:X1"],"lines":"622, N12, 601, 622, N13, X1"},"geometry":{"type":"LineString","coordinates":[[13.205758,52.390569],[13.206164,52.390774],[13.206509,52.390916],[13.209176,52.391844],[13.210182,52.39222]]}},{"type":"Feature","properties":{"mode":"bus","n":6,"arr":["bvg:622","pm:601","pm:602","pm:622","pm:N13","pm:X1"],"lines":"622, 601, 602, 622, N13, X1"},"geometry":{"type":"LineString","coordinates":[[13.195562,52.385204],[13.19565,52.385267],[13.196826,52.385734],[13.198985,52.386661],[13.19908,52.386661],[13.199103,52.386664],[13.199121,52.386673],[13.19915,52.386695],[13.199151,52.38674]]}},{"type":"Feature","properties":{"mode":"bus","n":6,"arr":["bvg:622","pm:601","pm:602","pm:622","pm:N13","pm:X1"],"lines":"622, 601, 602, 622, N13, X1"},"geometry":{"type":"LineString","coordinates":[[13.210489,52.392284],[13.210406,52.392328],[13.210296,52.39233]]}},{"type":"Feature","properties":{"mode":"bus","n":6,"arr":["bvg:622","pm:601","pm:602","pm:622","pm:N13","pm:X1"],"lines":"622, 601, 602, 622, N13, X1"},"geometry":{"type":"LineString","coordinates":[[13.205826,52.390521],[13.206254,52.390737],[13.206648,52.390897],[13.210244,52.392155]]}},{"type":"Feature","properties":{"mode":"bus","n":6,"arr":["bvg:622","pm:601","pm:602","pm:622","pm:N13","pm:X1"],"lines":"622, 601, 602, 622, N13, X1"},"geometry":{"type":"LineString","coordinates":[[13.210075,52.393295],[13.210055,52.393015]]}},{"type":"Feature","properties":{"mode":"bus","n":7,"arr":["bvg:622","N12","pm:601","pm:622","pm:624","pm:N13","pm:X1"],"lines":"622, N12, 601, 622, 624, N13, X1"},"geometry":{"type":"LineString","coordinates":[[13.195409,52.38528],[13.195433,52.38532],[13.195523,52.385349]]}},{"type":"Feature","properties":{"mode":"bus","n":8,"arr":["bvg:622","N12","pm:601","pm:602","pm:622","pm:624","pm:N13","pm:X1"],"lines":"622, N12, 601, 602, 622, 624, N13, X1"},"geometry":{"type":"LineString","coordinates":[[13.195461,52.385215],[13.195562,52.385204]]}},{"type":"Feature","properties":{"mode":"bus","n":5,"arr":["cb:800","cb:872","cb:873","cb:884","cb:886"],"lines":"800, 872, 873, 884, 886"},"geometry":{"type":"LineString","coordinates":[[14.373825,51.56852],[14.374021,51.568582],[14.374208,51.568578]]}},{"type":"Feature","properties":{"mode":"bus","n":5,"arr":["cb:800","cb:872","cb:873","cb:884","cb:886"],"lines":"800, 872, 873, 884, 886"},"geometry":{"type":"LineString","coordinates":[[14.373961,51.568065],[14.374107,51.568047],[14.374317,51.56808],[14.374397,51.568115],[14.374509,51.568214],[14.37453,51.56838],[14.374415,51.568507],[14.374415,51.568545],[14.374478,51.56873],[14.374595,51.568816]]}},{"type":"Feature","properties":{"mode":"bus","n":5,"arr":["cb:800","cb:872","cb:873","cb:884","cb:886"],"lines":"800, 872, 873, 884, 886"},"geometry":{"type":"LineString","coordinates":[[14.369431,51.56806],[14.369716,51.567822],[14.369956,51.567501],[14.370091,51.567461],[14.370172,51.567468],[14.371517,51.567903]]}},{"type":"Feature","properties":{"mode":"bus","n":5,"arr":["cb:800","cb:872","cb:879","cb:880","cb:885"],"lines":"800, 872, 879, 880, 885"},"geometry":{"type":"LineString","coordinates":[[14.381631,51.57071],[14.38158,51.570785],[14.381466,51.570826],[14.381399,51.570827],[14.381323,51.570804],[14.381289,51.570788],[14.381268,51.570764],[14.381224,51.570683],[14.381275,51.570615],[14.381389,51.570587],[14.381443,51.570582],[14.381494,51.570593],[14.3816,51.570633],[14.381631,51.57071]]}},{"type":"Feature","properties":{"mode":"bus","n":5,"arr":["cb:800","cb:872","cb:879","cb:880","cb:885"],"lines":"800, 872, 879, 880, 885"},"geometry":{"type":"LineString","coordinates":[[14.375309,51.568477],[14.37545,51.568478],[14.375486,51.568474],[14.375514,51.568464],[14.375535,51.568446],[14.375573,51.568397],[14.375594,51.568381],[14.37562,51.568375],[14.375653,51.56838],[14.3763,51.568562],[14.376393,51.568622],[14.377355,51.56887],[14.378178,51.569111],[14.379293,51.569563],[14.38063,51.570176],[14.381126,51.570435],[14.381322,51.570592]]}},{"type":"Feature","properties":{"mode":"bus","n":6,"arr":["orp:701","orp:702","orp:711","orp:714","orp:717","orp:744"],"lines":"701, 702, 711, 714, 717, 744"},"geometry":{"type":"LineString","coordinates":[[12.403741,52.940821],[12.40362,52.940828],[12.40329,52.940669],[12.403082,52.9406]]}},{"type":"Feature","properties":{"mode":"bus","n":6,"arr":["orp:701","orp:702","orp:711","orp:714","orp:717","orp:744"],"lines":"701, 702, 711, 714, 717, 744"},"geometry":{"type":"LineString","coordinates":[[12.403892,52.94104],[12.403864,52.940883]]}},{"type":"Feature","properties":{"mode":"bus","n":6,"arr":["orp:701","orp:707","orp:711","orp:714","orp:717","orp:744"],"lines":"701, 707, 711, 714, 717, 744"},"geometry":{"type":"LineString","coordinates":[[12.40378,52.94113],[12.403678,52.941133]]}},{"type":"Feature","properties":{"mode":"bus","n":5,"arr":["orp:701","orp:707","orp:711","orp:714","orp:744"],"lines":"701, 707, 711, 714, 744"},"geometry":{"type":"LineString","coordinates":[[12.403678,52.941133],[12.403603,52.941102],[12.403571,52.941083],[12.403557,52.941057],[12.403522,52.940897],[12.403082,52.9406]]}},{"type":"Feature","properties":{"mode":"bus","n":5,"arr":["pm:601","pm:602","pm:622","pm:N13","pm:X1"],"lines":"601, 602, 622, N13, X1"},"geometry":{"type":"LineString","coordinates":[[13.1931,52.384548],[13.193154,52.384596]]}},{"type":"Feature","properties":{"mode":"bus","n":6,"arr":["vgp:903","vgp:904","vgp:915","vgp:917","vgp:919","vgp:933"],"lines":"903, 904, 915, 917, 919, 933"},"geometry":{"type":"LineString","coordinates":[[12.172218,53.14926],[12.172168,53.149301],[12.172136,53.149318],[12.172096,53.149324],[12.17201,53.149325]]}},{"type":"Feature","properties":{"mode":"bus","n":8,"arr":["vgp:901","vgp:902","vgp:903","vgp:915","vgp:917","vgp:919","vgp:933","vgp:936"],"lines":"901, 902, 903, 915, 917, 919, 933, 936"},"geometry":{"type":"LineString","coordinates":[[12.172218,53.14926],[12.172185,53.149206],[12.172159,53.149183],[12.172117,53.149171],[12.172022,53.149161],[12.171785,53.149025],[12.171141,53.148756],[12.169986,53.148201],[12.168594,53.147413]]}},{"type":"Feature","properties":{"mode":"bus","n":5,"arr":["vgp:942","vgp:944","vgp:945","vgp:957","vgp:958"],"lines":"942, 944, 945, 957, 958"},"geometry":{"type":"LineString","coordinates":[[11.752388,52.995077],[11.752529,52.995097],[11.752619,52.995072],[11.752672,52.994999],[11.75268,52.994976],[11.752672,52.994953],[11.752643,52.99491]]}},{"type":"Feature","properties":{"mode":"bus","n":5,"arr":["vgp:942","vgp:944","vgp:945","vgp:957","vgp:958"],"lines":"942, 944, 945, 957, 958"},"geometry":{"type":"LineString","coordinates":[[11.754205,52.997837],[11.754817,52.999405]]}},{"type":"Feature","properties":{"mode":"bus","n":5,"arr":["vgp:942","vgp:944","vgp:945","vgp:957","vgp:958"],"lines":"942, 944, 945, 957, 958"},"geometry":{"type":"LineString","coordinates":[[11.761355,53.001876],[11.762339,53.001863],[11.762359,53.001865],[11.762377,53.001872],[11.762406,53.00189],[11.762437,53.002021],[11.76222,53.002373],[11.762133,53.002468],[11.762035,53.002514],[11.761693,53.002551],[11.761454,53.002552],[11.761357,53.002514],[11.761331,53.00246],[11.761355,53.001876]]}},{"type":"Feature","properties":{"mode":"bus","n":21,"arr":["2N","3N","4N","10","15","22","23","25","26","29","32","39","44","47","849","cb:16","cb:21","cb:37","cb:800","cb:877","osl:607"],"lines":"2N, 3N, 4N, 10, 15, 22, 23, 25, 26, 29, 32, 39, 44, 47, 849, 16, 21, 37, 800, 877, 607"},"geometry":{"type":"LineString","coordinates":[[14.326336,51.74963],[14.326298,51.749476],[14.326299,51.749455],[14.326316,51.749441],[14.326347,51.749432],[14.327144,51.749329],[14.32833,51.749217]]}},{"type":"Feature","properties":{"mode":"bus","n":22,"arr":["2N","3N","4N","10","15","22","23","25","26","29","32","33","39","44","47","849","cb:16","cb:21","cb:37","cb:800","cb:877","osl:607"],"lines":"2N, 3N, 4N, 10, 15, 22, 23, 25, 26, 29, 32, 33, 39, 44, 47, 849, 16, 21, 37, 800, 877, 607"},"geometry":{"type":"LineString","coordinates":[[14.326336,51.74963],[14.326325,51.749902]]}},{"type":"Feature","properties":{"mode":"bus","n":17,"arr":["2N","3N","4N","10","15","22","23","26","29","33","39","47","849","cb:16","cb:21","cb:37","cb:877"],"lines":"2N, 3N, 4N, 10, 15, 22, 23, 26, 29, 33, 39, 47, 849, 16, 21, 37, 877"},"geometry":{"type":"LineString","coordinates":[[14.326325,51.749902],[14.326303,51.750158],[14.326308,51.750178],[14.326327,51.750191],[14.326359,51.750196],[14.326487,51.750201]]}},{"type":"Feature","properties":{"mode":"bus","n":14,"arr":["2N","3N","4N","10","15","23","26","33","39","47","849","cb:16","cb:37","cb:877"],"lines":"2N, 3N, 4N, 10, 15, 23, 26, 33, 39, 47, 849, 16, 37, 877"},"geometry":{"type":"LineString","coordinates":[[14.326487,51.750201],[14.326754,51.750211]]}},{"type":"Feature","properties":{"mode":"bus","n":11,"arr":["2N","3N","4N","15","23","26","33","47","849","cb:16","cb:877"],"lines":"2N, 3N, 4N, 15, 23, 26, 33, 47, 849, 16, 877"},"geometry":{"type":"LineString","coordinates":[[14.326754,51.750211],[14.326949,51.750218]]}},{"type":"Feature","properties":{"mode":"bus","n":10,"arr":["2N","3N","4N","15","23","33","47","849","cb:16","cb:877"],"lines":"2N, 3N, 4N, 15, 23, 33, 47, 849, 16, 877"},"geometry":{"type":"LineString","coordinates":[[14.326949,51.750218],[14.327102,51.750224]]}},{"type":"Feature","properties":{"mode":"bus","n":17,"arr":["2N","3N","4N","10","15","22","25","29","32","44","47","849","cb:16","cb:21","cb:37","cb:877","osl:607"],"lines":"2N, 3N, 4N, 10, 15, 22, 25, 29, 32, 44, 47, 849, 16, 21, 37, 877, 607"},"geometry":{"type":"LineString","coordinates":[[14.32833,51.749217],[14.328638,51.749196]]}},{"type":"Feature","properties":{"mode":"bus","n":10,"arr":["2N","3N","4N","15","25","29","32","44","849","cb:877"],"lines":"2N, 3N, 4N, 15, 25, 29, 32, 44, 849, 877"},"geometry":{"type":"LineString","coordinates":[[14.328638,51.749196],[14.332068,51.748896]]}},{"type":"Feature","properties":{"mode":"bus","n":7,"arr":["2N","4N","15","29","44","849","cb:877"],"lines":"2N, 4N, 15, 29, 44, 849, 877"},"geometry":{"type":"LineString","coordinates":[[14.332068,51.748896],[14.332214,51.748884]]}},{"type":"Feature","properties":{"mode":"bus","n":8,"arr":["2N","3N","4N","15","29","44","849","cb:877"],"lines":"2N, 3N, 4N, 15, 29, 44, 849, 877"},"geometry":{"type":"LineString","coordinates":[[14.332214,51.748884],[14.332439,51.748868]]}},{"type":"Feature","properties":{"mode":"bus","n":5,"arr":["2N","4N","15","29","44"],"lines":"2N, 4N, 15, 29, 44"},"geometry":{"type":"LineString","coordinates":[[14.333024,51.750507],[14.333353,51.75314],[14.333354,51.753488],[14.333347,51.754046],[14.333298,51.754367],[14.333001,51.755335],[14.332981,51.756087],[14.33326,51.756674],[14.333304,51.757141],[14.333142,51.757288],[14.332599,51.757606],[14.332463,51.75773],[14.331084,51.759627],[14.330957,51.75991],[14.330886,51.760218],[14.330905,51.760695]]}},{"type":"Feature","properties":{"mode":"bus","n":6,"arr":["2N","3N","15","44","cb:16","EV1"],"lines":"2N, 3N, 15, 44, 16, EV1"},"geometry":{"type":"LineString","coordinates":[[14.329733,51.761204],[14.330412,51.761135]]}},{"type":"Feature","properties":{"mode":"bus","n":5,"arr":["2N","3N","15","44","cb:16"],"lines":"2N, 3N, 15, 44, 16"},"geometry":{"type":"LineString","coordinates":[[14.327614,51.761321],[14.328967,51.761278],[14.329733,51.761204]]}},{"type":"Feature","properties":{"mode":"bus","n":5,"arr":["2N","3N","15","19","cb:37"],"lines":"2N, 3N, 15, 19, 37"},"geometry":{"type":"LineString","coordinates":[[14.327489,51.761287],[14.327487,51.761321]]}},{"type":"Feature","properties":{"mode":"bus","n":6,"arr":["2N","3N","10","33","cb:21","cb:37"],"lines":"2N, 3N, 10, 33, 21, 37"},"geometry":{"type":"LineString","coordinates":[[14.327957,51.757015],[14.328233,51.754762],[14.328268,51.754172]]}},{"type":"Feature","properties":{"mode":"bus","n":8,"arr":["2N","3N","10","33","47","cb:16","cb:21","cb:37"],"lines":"2N, 3N, 10, 33, 47, 16, 21, 37"},"geometry":{"type":"LineString","coordinates":[[14.328268,51.754172],[14.328264,51.753247],[14.328468,51.750197],[14.328459,51.749859],[14.328372,51.749466]]}},{"type":"Feature","properties":{"mode":"bus","n":19,"arr":["2N","3N","4N","10","15","23","25","26","29","32","33","39","47","849","cb:16","cb:21","cb:37","cb:800","cb:877"],"lines":"2N, 3N, 4N, 10, 15, 23, 25, 26, 29, 32, 33, 39, 47, 849, 16, 21, 37, 800, 877"},"geometry":{"type":"LineString","coordinates":[[14.328372,51.749466],[14.326336,51.74963]]}},{"type":"Feature","properties":{"mode":"bus","n":12,"arr":["2N","3N","4N","15","23","25","32","44","47","cb:16","cb:800","osl:607"],"lines":"2N, 3N, 4N, 15, 23, 25, 32, 44, 47, 16, 800, 607"},"geometry":{"type":"LineString","coordinates":[[14.326325,51.749902],[14.326537,51.749907]]}},{"type":"Feature","properties":{"mode":"bus","n":11,"arr":["2N","3N","15","23","25","32","44","47","cb:16","cb:800","osl:607"],"lines":"2N, 3N, 15, 23, 25, 32, 44, 47, 16, 800, 607"},"geometry":{"type":"LineString","coordinates":[[14.326537,51.749907],[14.327005,51.74992]]}},{"type":"Feature","properties":{"mode":"bus","n":10,"arr":["2N","3N","15","23","33","44","47","cb:16","cb:800","osl:607"],"lines":"2N, 3N, 15, 23, 33, 44, 47, 16, 800, 607"},"geometry":{"type":"LineString","coordinates":[[14.327005,51.74992],[14.327331,51.74993]]}},{"type":"Feature","properties":{"mode":"bus","n":10,"arr":["3N","4N","15","23","33","47","849","cb:16","cb:877","osl:607"],"lines":"3N, 4N, 15, 23, 33, 47, 849, 16, 877, 607"},"geometry":{"type":"LineString","coordinates":[[14.327102,51.750224],[14.327297,51.750231]]}},{"type":"Feature","properties":{"mode":"bus","n":7,"arr":["3N","15","23","33","47","cb:16","osl:607"],"lines":"3N, 15, 23, 33, 47, 16, 607"},"geometry":{"type":"LineString","coordinates":[[14.327465,51.750237],[14.327297,51.750231]]}},{"type":"Feature","properties":{"mode":"bus","n":9,"arr":["3N","15","23","33","44","47","cb:16","cb:800","osl:607"],"lines":"3N, 15, 23, 33, 44, 47, 16, 800, 607"},"geometry":{"type":"LineString","coordinates":[[14.327331,51.74993],[14.327667,51.749939],[14.327691,51.749943],[14.327708,51.749955],[14.327733,51.749982],[14.327706,51.75019],[14.327697,51.750208],[14.327676,51.750221],[14.327626,51.750242],[14.327465,51.750237]]}},{"type":"Feature","properties":{"mode":"bus","n":5,"arr":["3N","17","25","32","33"],"lines":"3N, 17, 25, 32, 33"},"geometry":{"type":"LineString","coordinates":[[14.344065,51.720424],[14.344399,51.720546],[14.34477,51.720639],[14.345099,51.720682],[14.345445,51.720697],[14.346563,51.720666]]}},{"type":"Feature","properties":{"mode":"bus","n":8,"arr":["3N","9","17","25","32","33","cb:16","cb:800"],"lines":"3N, 9, 17, 25, 32, 33, 16, 800"},"geometry":{"type":"LineString","coordinates":[[14.346307,51.720961],[14.346563,51.720666]]}},{"type":"Feature","properties":{"mode":"bus","n":8,"arr":["3N","9","17","25","29","32","33","cb:16"],"lines":"3N, 9, 17, 25, 29, 32, 33, 16"},"geometry":{"type":"LineString","coordinates":[[14.347079,51.721187],[14.346307,51.720961]]}},{"type":"Feature","properties":{"mode":"bus","n":7,"arr":["3N","9","17","25","32","33","cb:16"],"lines":"3N, 9, 17, 25, 32, 33, 16"},"geometry":{"type":"LineString","coordinates":[[14.347277,51.721393],[14.347079,51.721187]]}},{"type":"Feature","properties":{"mode":"bus","n":6,"arr":["3N","4N","15","29","849","cb:877"],"lines":"3N, 4N, 15, 29, 849, 877"},"geometry":{"type":"LineString","coordinates":[[14.332373,51.749121],[14.330375,51.749303]]}},{"type":"Feature","properties":{"mode":"bus","n":8,"arr":["3N","4N","15","23","25","29","849","cb:877"],"lines":"3N, 4N, 15, 23, 25, 29, 849, 877"},"geometry":{"type":"LineString","coordinates":[[14.330375,51.749303],[14.329179,51.749419],[14.32866,51.749446]]}},{"type":"Feature","properties":{"mode":"bus","n":12,"arr":["3N","4N","15","23","25","26","29","32","39","849","cb:800","cb:877"],"lines":"3N, 4N, 15, 23, 25, 26, 29, 32, 39, 849, 800, 877"},"geometry":{"type":"LineString","coordinates":[[14.32866,51.749446],[14.328372,51.749466]]}},{"type":"Feature","properties":{"mode":"bus","n":13,"arr":["3N","4N","10","22","26","32","39","47","cb:16","cb:21","cb:37","cb:800","osl:607"],"lines":"3N, 4N, 10, 22, 26, 32, 39, 47, 16, 21, 37, 800, 607"},"geometry":{"type":"LineString","coordinates":[[14.32866,51.749446],[14.328638,51.749196]]}},{"type":"Feature","properties":{"mode":"bus","n":8,"arr":["3N","10","22","47","cb:16","cb:21","cb:37","osl:607"],"lines":"3N, 10, 22, 47, 16, 21, 37, 607"},"geometry":{"type":"LineString","coordinates":[[14.328436,51.75418],[14.32858,51.752106],[14.328683,51.74989],[14.32866,51.749446]]}},{"type":"Feature","properties":{"mode":"bus","n":5,"arr":["3N","10","22","cb:21","cb:37"],"lines":"3N, 10, 22, 21, 37"},"geometry":{"type":"LineString","coordinates":[[14.328092,51.757022],[14.328436,51.75418]]}},{"type":"Feature","properties":{"mode":"bus","n":5,"arr":["4N","19","20","22","24"],"lines":"4N, 19, 20, 22, 24"},"geometry":{"type":"LineString","coordinates":[[14.343483,51.78659],[14.343872,51.785321]]}},{"type":"Feature","properties":{"mode":"bus","n":5,"arr":["4N","23","26","39","cb:800"],"lines":"4N, 23, 26, 39, 800"},"geometry":{"type":"LineString","coordinates":[[14.32422,51.740485],[14.324913,51.741956],[14.325036,51.742154],[14.326808,51.744203],[14.326892,51.7444],[14.327043,51.744608],[14.327867,51.746001],[14.328026,51.746373],[14.328132,51.746739],[14.328287,51.747635],[14.328268,51.748462],[14.32833,51.749217]]}},{"type":"Feature","properties":{"mode":"bus","n":6,"arr":["4N","23","26","39","cb:16","cb:800"],"lines":"4N, 23, 26, 39, 16, 800"},"geometry":{"type":"LineString","coordinates":[[14.324129,51.736899],[14.324051,51.736868],[14.324031,51.736862],[14.324015,51.736862],[14.324001,51.736868],[14.323991,51.736879],[14.32381,51.737158],[14.323564,51.737723],[14.323463,51.73819],[14.323511,51.738742],[14.323601,51.739033],[14.323985,51.739992],[14.32422,51.740485]]}},{"type":"Feature","properties":{"mode":"bus","n":5,"arr":["4N","23","26","32","39"],"lines":"4N, 23, 26, 32, 39"},"geometry":{"type":"LineString","coordinates":[[14.322256,51.727972],[14.322828,51.728587],[14.324,51.729574],[14.324501,51.730146],[14.324671,51.730438],[14.32479,51.730739],[14.325515,51.733363],[14.325554,51.733564],[14.325544,51.734169],[14.325413,51.734616],[14.325267,51.734898],[14.324607,51.735918],[14.324593,51.736157],[14.324129,51.736899]]}},{"type":"Feature","properties":{"mode":"bus","n":6,"arr":["4N","17","23","26","32","39"],"lines":"4N, 17, 23, 26, 32, 39"},"geometry":{"type":"LineString","coordinates":[[14.322187,51.727881],[14.322256,51.727972]]}},{"type":"Feature","properties":{"mode":"bus","n":5,"arr":["4N","17","23","39","cb:16"],"lines":"4N, 17, 23, 39, 16"},"geometry":{"type":"LineString","coordinates":[[14.322387,51.727845],[14.323816,51.727617],[14.325298,51.727484],[14.326325,51.727421]]}},{"type":"Feature","properties":{"mode":"bus","n":6,"arr":["4N","9","13","14","17","32"],"lines":"4N, 9, 13, 14, 17, 32"},"geometry":{"type":"LineString","coordinates":[[14.325779,51.721461],[14.325757,51.721038],[14.325821,51.720685],[14.325862,51.720124],[14.325287,51.716926]]}},{"type":"Feature","properties":{"mode":"bus","n":7,"arr":["4N","9","13","14","17","32","33"],"lines":"4N, 9, 13, 14, 17, 32, 33"},"geometry":{"type":"LineString","coordinates":[[14.321453,51.716345],[14.322079,51.716567],[14.322739,51.716736],[14.32331,51.716847],[14.323813,51.716909],[14.324198,51.71693],[14.325025,51.716943],[14.325287,51.716926]]}},{"type":"Feature","properties":{"mode":"bus","n":5,"arr":["4N","9","13","14","17"],"lines":"4N, 9, 13, 14, 17"},"geometry":{"type":"LineString","coordinates":[[14.31833,51.717704],[14.318891,51.717651],[14.320763,51.717588],[14.320952,51.717511],[14.320999,51.717456],[14.321144,51.716722],[14.321238,51.716575],[14.321453,51.716345]]}},{"type":"Feature","properties":{"mode":"bus","n":7,"arr":["4N","17","23","25","26","32","39"],"lines":"4N, 17, 23, 25, 26, 32, 39"},"geometry":{"type":"LineString","coordinates":[[14.31833,51.717704],[14.318402,51.718381],[14.318284,51.718801],[14.318276,51.719116],[14.318336,51.719334],[14.318903,51.72034],[14.318973,51.720721],[14.318939,51.722031]]}},{"type":"Feature","properties":{"mode":"bus","n":5,"arr":["4N","26","29","32","39"],"lines":"4N, 26, 29, 32, 39"},"geometry":{"type":"LineString","coordinates":[[14.322455,51.727938],[14.322907,51.728475],[14.32385,51.729246],[14.324419,51.729778],[14.324666,51.730105],[14.324882,51.730471],[14.324986,51.730731],[14.325926,51.734181],[14.325937,51.734516],[14.325837,51.734812],[14.32563,51.735101],[14.32528,51.735475],[14.324958,51.735943],[14.324637,51.736167],[14.324164,51.736913]]}},{"type":"Feature","properties":{"mode":"bus","n":7,"arr":["4N","26","29","32","39","cb:16","cb:800"],"lines":"4N, 26, 29, 32, 39, 16, 800"},"geometry":{"type":"LineString","coordinates":[[14.324164,51.736913],[14.324254,51.736949],[14.324278,51.736963],[14.324288,51.736981],[14.324283,51.737001],[14.32402,51.737449],[14.323803,51.738035],[14.323767,51.738279],[14.323778,51.738619],[14.324088,51.739888],[14.324377,51.740464]]}},{"type":"Feature","properties":{"mode":"bus","n":5,"arr":["4N","26","32","39","cb:800"],"lines":"4N, 26, 32, 39, 800"},"geometry":{"type":"LineString","coordinates":[[14.324717,51.741343],[14.325099,51.742094],[14.326337,51.743538],[14.326356,51.743611],[14.326845,51.744191],[14.327065,51.744401],[14.327175,51.744635],[14.327928,51.745888],[14.32817,51.746522],[14.328355,51.747363],[14.3285,51.747817],[14.328638,51.749196]]}},{"type":"Feature","properties":{"mode":"bus","n":5,"arr":["9","13","17","25","32"],"lines":"9, 13, 17, 25, 32"},"geometry":{"type":"LineString","coordinates":[[14.322676,51.713641],[14.324948,51.713361]]}},{"type":"Feature","properties":{"mode":"bus","n":7,"arr":["9","13","23","25","26","32","39"],"lines":"9, 13, 23, 25, 26, 32, 39"},"geometry":{"type":"LineString","coordinates":[[14.317957,51.71495],[14.31833,51.717704]]}},{"type":"Feature","properties":{"mode":"bus","n":7,"arr":["10","19","22","33","35","cb:12","cb:21"],"lines":"10, 19, 22, 33, 35, 12, 21"},"geometry":{"type":"LineString","coordinates":[[14.329644,51.757104],[14.328092,51.757022]]}},{"type":"Feature","properties":{"mode":"bus","n":5,"arr":["10","19","22","cb:12","cb:21"],"lines":"10, 19, 22, 12, 21"},"geometry":{"type":"LineString","coordinates":[[14.33903,51.75816],[14.338856,51.75807],[14.33808,51.757793],[14.337898,51.757754],[14.337005,51.757673],[14.336472,51.757574],[14.335739,51.757391],[14.335052,51.757293],[14.334625,51.757262],[14.332967,51.757236],[14.329644,51.757104]]}},{"type":"Feature","properties":{"mode":"bus","n":6,"arr":["10","19","22","33","cb:12","cb:21"],"lines":"10, 19, 22, 33, 12, 21"},"geometry":{"type":"LineString","coordinates":[[14.344601,51.759639],[14.342976,51.759171],[14.340502,51.758533],[14.339708,51.758357],[14.33903,51.75816]]}},{"type":"Feature","properties":{"mode":"bus","n":5,"arr":["10","19","33","cb:12","cb:21"],"lines":"10, 19, 33, 12, 21"},"geometry":{"type":"LineString","coordinates":[[14.33903,51.75816],[14.338128,51.757903],[14.337655,51.757825],[14.337132,51.757789],[14.336796,51.757743],[14.335813,51.757505],[14.335175,51.757407],[14.334151,51.757356],[14.332887,51.757352],[14.330274,51.75723]]}},{"type":"Feature","properties":{"mode":"bus","n":6,"arr":["10","19","33","35","cb:12","cb:21"],"lines":"10, 19, 33, 35, 12, 21"},"geometry":{"type":"LineString","coordinates":[[14.329644,51.757104],[14.330274,51.75723]]}},{"type":"Feature","properties":{"mode":"bus","n":6,"arr":["10","19","33","35","cb:12","cb:21"],"lines":"10, 19, 33, 35, 12, 21"},"geometry":{"type":"LineString","coordinates":[[14.328092,51.757022],[14.327957,51.757015]]}},{"type":"Feature","properties":{"mode":"bus","n":5,"arr":["11","15","19","44","47"],"lines":"11, 15, 19, 44, 47"},"geometry":{"type":"LineString","coordinates":[[14.327737,51.771898],[14.328616,51.771058],[14.328861,51.770761]]}},{"type":"Feature","properties":{"mode":"bus","n":7,"arr":["14","23","25","26","32","33","39"],"lines":"14, 23, 25, 26, 32, 33, 39"},"geometry":{"type":"LineString","coordinates":[[14.291935,51.718129],[14.294134,51.717801],[14.303782,51.715932],[14.305226,51.715715],[14.307908,51.715405]]}},{"type":"Feature","properties":{"mode":"bus","n":6,"arr":["14","23","25","32","33","39"],"lines":"14, 23, 25, 32, 33, 39"},"geometry":{"type":"LineString","coordinates":[[14.28617,51.718895],[14.285506,51.719006],[14.285463,51.719008],[14.285423,51.718999],[14.285383,51.718985],[14.285356,51.71897],[14.285341,51.71895],[14.285325,51.718908],[14.285346,51.718846],[14.285443,51.718795],[14.286467,51.71855],[14.28663,51.718548],[14.286663,51.718551],[14.286684,51.718563],[14.286692,51.718583],[14.286706,51.718738],[14.286787,51.718906],[14.286803,51.718925],[14.286828,51.718933],[14.286861,51.718932],[14.291935,51.718129]]}},{"type":"Feature","properties":{"mode":"bus","n":5,"arr":["14","23","25","32","39"],"lines":"14, 23, 25, 32, 39"},"geometry":{"type":"LineString","coordinates":[[14.286706,51.718738],[14.286448,51.718795],[14.28617,51.718895]]}},{"type":"Feature","properties":{"mode":"bus","n":6,"arr":["14","35","39","46","cb:12","osl:607"],"lines":"14, 35, 39, 46, 12, 607"},"geometry":{"type":"LineString","coordinates":[[14.260909,51.749726],[14.258659,51.749554],[14.25742,51.74951],[14.24459,51.74985]]}},{"type":"Feature","properties":{"mode":"bus","n":5,"arr":["15","19","44","cb:16","cb:37"],"lines":"15, 19, 44, 16, 37"},"geometry":{"type":"LineString","coordinates":[[14.328093,51.765726],[14.327471,51.763824],[14.327635,51.761871],[14.327586,51.761649],[14.327614,51.761321]]}},{"type":"Feature","properties":{"mode":"bus","n":5,"arr":["15","29","44","849","cb:877"],"lines":"15, 29, 44, 849, 877"},"geometry":{"type":"LineString","coordinates":[[14.332651,51.748852],[14.332439,51.748868]]}},{"type":"Feature","properties":{"mode":"bus","n":6,"arr":["17","25","29","32","33","cb:16"],"lines":"17, 25, 29, 32, 33, 16"},"geometry":{"type":"LineString","coordinates":[[14.347277,51.721393],[14.347511,51.721596],[14.347582,51.721614],[14.347683,51.721614],[14.347784,51.721569],[14.347816,51.721509],[14.347792,51.721455],[14.347364,51.72125],[14.347079,51.721187]]}},{"type":"Feature","properties":{"mode":"bus","n":5,"arr":["22","29","43","cb:21","cb:877"],"lines":"22, 29, 43, 21, 877"},"geometry":{"type":"LineString","coordinates":[[14.386657,51.826103],[14.386186,51.819368],[14.386289,51.818802],[14.386424,51.818388],[14.386698,51.8178],[14.386913,51.817455],[14.38729,51.81694],[14.389817,51.813802],[14.390059,51.813454],[14.390356,51.812844],[14.390463,51.812538],[14.390464,51.812523],[14.390457,51.812511],[14.390441,51.812504],[14.390416,51.8125],[14.388924,51.812434]]}},{"type":"Feature","properties":{"mode":"bus","n":5,"arr":["22","40","43","852","cb:876"],"lines":"22, 40, 43, 852, 876"},"geometry":{"type":"LineString","coordinates":[[14.503889,51.807798],[14.503429,51.807451],[14.502711,51.807058],[14.502341,51.806888],[14.50189,51.806702],[14.5015,51.806573],[14.500668,51.806342],[14.499432,51.806098],[14.495746,51.805551],[14.495184,51.805402],[14.494219,51.805032],[14.493659,51.804884],[14.49337,51.804847],[14.4928,51.804824],[14.491469,51.804868],[14.491005,51.804856]]}},{"type":"Feature","properties":{"mode":"bus","n":6,"arr":["22","40","43","852","cb:876","cb:881"],"lines":"22, 40, 43, 852, 876, 881"},"geometry":{"type":"LineString","coordinates":[[14.507472,51.81305],[14.506909,51.812574],[14.506344,51.811941],[14.505948,51.811287],[14.50534,51.809669],[14.505032,51.809062],[14.504477,51.808337],[14.503889,51.807798]]}},{"type":"Feature","properties":{"mode":"bus","n":5,"arr":["22","43","852","cb:876","cb:881"],"lines":"22, 43, 852, 876, 881"},"geometry":{"type":"LineString","coordinates":[[14.50741,51.815505],[14.507303,51.815123],[14.507303,51.81511],[14.507313,51.8151],[14.507331,51.815094],[14.507395,51.815082],[14.507478,51.815025],[14.507524,51.814961],[14.507512,51.814918],[14.507467,51.814881],[14.507361,51.814868],[14.507235,51.814908]]}},{"type":"Feature","properties":{"mode":"bus","n":5,"arr":["22","43","852","cb:876","cb:881"],"lines":"22, 43, 852, 876, 881"},"geometry":{"type":"LineString","coordinates":[[14.507267,51.814892],[14.507475,51.815822],[14.507605,51.816964],[14.507648,51.819664],[14.507812,51.820182],[14.508272,51.820732],[14.508343,51.820853]]}},{"type":"Feature","properties":{"mode":"bus","n":5,"arr":["22","43","852","cb:876","cb:881"],"lines":"22, 43, 852, 876, 881"},"geometry":{"type":"LineString","coordinates":[[14.507298,51.814877],[14.506995,51.814272],[14.506743,51.813606],[14.506743,51.813573],[14.506769,51.813544],[14.507472,51.81305]]}},{"type":"Feature","properties":{"mode":"bus","n":6,"arr":["23","25","26","32","33","39"],"lines":"23, 25, 26, 32, 33, 39"},"geometry":{"type":"LineString","coordinates":[[14.307908,51.715405],[14.312124,51.714888],[14.314951,51.714579],[14.315494,51.714571],[14.316071,51.714606],[14.316535,51.714666],[14.317957,51.71495]]}},{"type":"Feature","properties":{"mode":"bus","n":5,"arr":["23","26","30","cb:27","cb:883"],"lines":"23, 26, 30, 27, 883"},"geometry":{"type":"LineString","coordinates":[[14.225297,51.655416],[14.225116,51.655409],[14.224987,51.655445],[14.223727,51.655947],[14.223582,51.655957],[14.223375,51.655927],[14.223276,51.655867],[14.223085,51.655505],[14.223004,51.655416]]}},{"type":"Feature","properties":{"mode":"bus","n":5,"arr":["23","30","cb:27","cb:883","cb:884"],"lines":"23, 30, 27, 883, 884"},"geometry":{"type":"LineString","coordinates":[[14.226102,51.655],[14.227439,51.654472],[14.228669,51.653953],[14.228932,51.653797],[14.22926,51.653473],[14.229456,51.653165],[14.231016,51.649466]]}},{"type":"Feature","properties":{"mode":"bus","n":5,"arr":["25","33","34","849","cb:880"],"lines":"25, 33, 34, 849, 880"},"geometry":{"type":"LineString","coordinates":[[14.507538,51.686994],[14.50756,51.686922]]}},{"type":"Feature","properties":{"mode":"bus","n":5,"arr":["29","42","43","cb:21","cb:876"],"lines":"29, 42, 43, 21, 876"},"geometry":{"type":"LineString","coordinates":[[14.426804,51.85486],[14.425443,51.85532],[14.425194,51.855379],[14.424035,51.855604],[14.418904,51.856517],[14.41887,51.856519],[14.418844,51.856511],[14.418825,51.856494],[14.417811,51.854922],[14.417792,51.854905],[14.417767,51.854898],[14.417734,51.854902],[14.414356,51.855672],[14.412921,51.855969],[14.411562,51.856221],[14.410956,51.856377],[14.410829,51.856432]]}},{"type":"Feature","properties":{"mode":"bus","n":5,"arr":["35","47","cb:12","cb:16","osl:607"],"lines":"35, 47, 12, 16, 607"},"geometry":{"type":"LineString","coordinates":[[14.324871,51.753995],[14.323688,51.753599],[14.323366,51.753551],[14.322904,51.753562],[14.322389,51.753673],[14.321115,51.754051],[14.320088,51.754294],[14.318428,51.754642],[14.315862,51.755008],[14.315514,51.755115],[14.315285,51.75523],[14.315077,51.755403],[14.314913,51.75572],[14.314711,51.756474]]}},{"type":"Feature","properties":{"mode":"bus","n":7,"arr":["35","38","osl:604","osl:605","osl:607","osl:608","osl:609"],"lines":"35, 38, 604, 605, 607, 608, 609"},"geometry":{"type":"LineString","coordinates":[[14.086298,51.778462],[14.086453,51.78032],[14.086861,51.782516],[14.087005,51.78284],[14.087804,51.78395],[14.087812,51.78397],[14.087802,51.783987],[14.087775,51.783999],[14.087272,51.784155],[14.087035,51.784256],[14.086922,51.784371],[14.086715,51.784735]]}},{"type":"Feature","properties":{"mode":"bus","n":7,"arr":["35","38","osl:604","osl:605","osl:607","osl:608","osl:609"],"lines":"35, 38, 604, 605, 607, 608, 609"},"geometry":{"type":"LineString","coordinates":[[14.077854,51.780879],[14.078086,51.780812],[14.078111,51.780807],[14.078132,51.780808],[14.07815,51.780815],[14.078164,51.780829],[14.078242,51.780932]]}},{"type":"Feature","properties":{"mode":"bus","n":5,"arr":["35","38","osl:604","osl:605","osl:608"],"lines":"35, 38, 604, 605, 608"},"geometry":{"type":"LineString","coordinates":[[14.086412,51.785231],[14.086331,51.785885],[14.085922,51.78694],[14.085692,51.787155],[14.085258,51.787361],[14.084957,51.78745],[14.081862,51.788053],[14.081833,51.788063],[14.08182,51.788078],[14.081823,51.788098],[14.082334,51.789103],[14.082338,51.789124],[14.082326,51.789141],[14.0823,51.789155],[14.081326,51.789492]]}},{"type":"Feature","properties":{"mode":"bus","n":6,"arr":["44","46","47","cb:37","lds:508","lds:509"],"lines":"44, 46, 47, 37, 508, 509"},"geometry":{"type":"LineString","coordinates":[[14.149375,51.832001],[14.149266,51.832181],[14.149105,51.832327],[14.148891,51.83247]]}},{"type":"Feature","properties":{"mode":"bus","n":5,"arr":["38","44","45","46","47"],"lines":"38, 44, 45, 46, 47"},"geometry":{"type":"LineString","coordinates":[[14.148891,51.83247],[14.148688,51.832589],[14.148448,51.832667]]}},{"type":"Feature","properties":{"mode":"bus","n":8,"arr":["38","44","45","46","47","48","cb:37","lds:508"],"lines":"38, 44, 45, 46, 47, 48, 37, 508"},"geometry":{"type":"LineString","coordinates":[[14.148448,51.832667],[14.148376,51.832822]]}},{"type":"Feature","properties":{"mode":"bus","n":8,"arr":["38","44","45","46","47","48","lds:508","lds:509"],"lines":"38, 44, 45, 46, 47, 48, 508, 509"},"geometry":{"type":"LineString","coordinates":[[14.148376,51.832822],[14.148186,51.833122],[14.148049,51.83346],[14.14804,51.833867],[14.148126,51.834218]]}},{"type":"Feature","properties":{"mode":"bus","n":7,"arr":["38","44","45","46","47","48","lds:508"],"lines":"38, 44, 45, 46, 47, 48, 508"},"geometry":{"type":"LineString","coordinates":[[14.142532,51.836491],[14.144335,51.835803],[14.144843,51.835636],[14.145253,51.835449],[14.146587,51.83493],[14.147967,51.834253],[14.148126,51.834218]]}},{"type":"Feature","properties":{"mode":"bus","n":6,"arr":["38","44","45","46","47","48"],"lines":"38, 44, 45, 46, 47, 48"},"geometry":{"type":"LineString","coordinates":[[14.142235,51.836604],[14.142532,51.836491]]}},{"type":"Feature","properties":{"mode":"bus","n":5,"arr":["38","45","46","47","48"],"lines":"38, 45, 46, 47, 48"},"geometry":{"type":"LineString","coordinates":[[14.141915,51.836721],[14.142235,51.836604]]}},{"type":"Feature","properties":{"mode":"bus","n":5,"arr":["38","osl:604","osl:605","osl:608","osl:609"],"lines":"38, 604, 605, 608, 609"},"geometry":{"type":"LineString","coordinates":[[14.078242,51.780932],[14.086298,51.778462]]}},{"type":"Feature","properties":{"mode":"bus","n":6,"arr":["38","44","45","46","47","lds:508"],"lines":"38, 44, 45, 46, 47, 508"},"geometry":{"type":"LineString","coordinates":[[14.141851,51.836572],[14.142276,51.83641],[14.142322,51.8364],[14.14237,51.836405],[14.142462,51.836427],[14.142532,51.836491]]}},{"type":"Feature","properties":{"mode":"bus","n":5,"arr":["44","45","48","lds:508","lds:509"],"lines":"44, 45, 48, 508, 509"},"geometry":{"type":"LineString","coordinates":[[14.148126,51.834218],[14.148342,51.834886],[14.148686,51.836509],[14.149058,51.837879],[14.14929,51.83831],[14.151098,51.841022]]}},{"type":"Feature","properties":{"mode":"bus","n":17,"arr":["100","109","110","200","204","245","249","bvg:N1","bvg:N2","M45","M46","M49","N9","N10","N26","X10","X34"],"lines":"100, 109, 110, 200, 204, 245, 249, N1, N2, M45, M46, M49, N9, N10, N26, X10, X34"},"geometry":{"type":"LineString","coordinates":[[13.332126,52.509272],[13.334315,52.508562],[13.334341,52.508549],[13.33435,52.508532],[13.334342,52.508512],[13.333604,52.507568]]}},{"type":"Feature","properties":{"mode":"bus","n":8,"arr":["100","200","204","249","bvg:N1","bvg:N2","M46","N26"],"lines":"100, 200, 204, 249, N1, N2, M46, N26"},"geometry":{"type":"LineString","coordinates":[[13.333604,52.507568],[13.333632,52.507346],[13.33322,52.506809],[13.333068,52.506696],[13.332677,52.50658]]}},{"type":"Feature","properties":{"mode":"bus","n":18,"arr":["100","109","110","200","204","245","249","bvg:N1","bvg:N2","M45","M46","M49","N7X","N9","N10","N26","X10","X34"],"lines":"100, 109, 110, 200, 204, 245, 249, N1, N2, M45, M46, M49, N7X, N9, N10, N26, X10, X34"},"geometry":{"type":"LineString","coordinates":[[13.332677,52.50658],[13.332327,52.506279]]}},{"type":"Feature","properties":{"mode":"bus","n":17,"arr":["100","109","110","200","204","249","bvg:N1","bvg:N2","M46","M49","N3","N7X","N9","N10","N26","X10","X34"],"lines":"100, 109, 110, 200, 204, 249, N1, N2, M46, M49, N3, N7X, N9, N10, N26, X10, X34"},"geometry":{"type":"LineString","coordinates":[[13.332327,52.506279],[13.332215,52.506181]]}},{"type":"Feature","properties":{"mode":"bus","n":6,"arr":["100","200","245","M45","M49","X34"],"lines":"100, 200, 245, M45, M49, X34"},"geometry":{"type":"LineString","coordinates":[[13.332432,52.506087],[13.332215,52.506181]]}},{"type":"Feature","properties":{"mode":"bus","n":5,"arr":["100","106","187","M29","M46"],"lines":"100, 106, 187, M29, M46"},"geometry":{"type":"LineString","coordinates":[[13.350039,52.502986],[13.350194,52.503154]]}},{"type":"Feature","properties":{"mode":"bus","n":5,"arr":["100","106","187","M29","N26"],"lines":"100, 106, 187, M29, N26"},"geometry":{"type":"LineString","coordinates":[[13.351396,52.504559],[13.35198,52.505177]]}},{"type":"Feature","properties":{"mode":"bus","n":5,"arr":["100","106","187","M29","N26"],"lines":"100, 106, 187, M29, N26"},"geometry":{"type":"LineString","coordinates":[[13.35193,52.506254],[13.351849,52.505789],[13.351723,52.505407],[13.351447,52.504971],[13.35118,52.504629]]}},{"type":"Feature","properties":{"mode":"bus","n":6,"arr":["100","200","bvg:N2","N5","N8","N40"],"lines":"100, 200, N2, N5, N8, N40"},"geometry":{"type":"LineString","coordinates":[[13.404987,52.520013],[13.406302,52.520698],[13.410171,52.522634],[13.411036,52.523201],[13.411535,52.52348],[13.412151,52.523893]]}},{"type":"Feature","properties":{"mode":"bus","n":8,"arr":["100","200","bvg:N2","N5","N8","N40","N60","N65"],"lines":"100, 200, N2, N5, N8, N40, N60, N65"},"geometry":{"type":"LineString","coordinates":[[13.411736,52.523895],[13.4119,52.524027]]}},{"type":"Feature","properties":{"mode":"bus","n":8,"arr":["100","200","bvg:N2","N5","N8","N40","N60","N65"],"lines":"100, 200, N2, N5, N8, N40, N60, N65"},"geometry":{"type":"LineString","coordinates":[[13.409664,52.522573],[13.408829,52.522138],[13.404817,52.520155]]}},{"type":"Feature","properties":{"mode":"bus","n":9,"arr":["100","200","bvg:N2","N5","N8","N40","N42","N60","N65"],"lines":"100, 200, N2, N5, N8, N40, N42, N60, N65"},"geometry":{"type":"LineString","coordinates":[[13.409986,52.522749],[13.409664,52.522573]]}},{"type":"Feature","properties":{"mode":"bus","n":9,"arr":["100","200","300","bvg:N2","N5","N8","N40","N60","N65"],"lines":"100, 200, 300, N2, N5, N8, N40, N60, N65"},"geometry":{"type":"LineString","coordinates":[[13.404817,52.520155],[13.404628,52.520044]]}},{"type":"Feature","properties":{"mode":"bus","n":5,"arr":["100","bvg:N1","bvg:N2","M46","N3"],"lines":"100, N1, N2, M46, N3"},"geometry":{"type":"LineString","coordinates":[[13.341299,52.505138],[13.341151,52.505181]]}},{"type":"Feature","properties":{"mode":"bus","n":6,"arr":["100","200","bvg:N1","bvg:N2","M46","N3"],"lines":"100, 200, N1, N2, M46, N3"},"geometry":{"type":"LineString","coordinates":[[13.341151,52.505181],[13.340595,52.505321],[13.340246,52.505366],[13.339914,52.505378],[13.339041,52.505313],[13.33801,52.50516],[13.337385,52.505155],[13.334487,52.50542],[13.334104,52.505483],[13.333774,52.50559],[13.332541,52.506178]]}},{"type":"Feature","properties":{"mode":"bus","n":5,"arr":["100","200","bvg:N2","N3","N9"],"lines":"100, 200, N2, N3, N9"},"geometry":{"type":"LineString","coordinates":[[13.332541,52.506178],[13.332327,52.506279]]}},{"type":"Feature","properties":{"mode":"bus","n":6,"arr":["100","200","245","bvg:N2","M45","N9"],"lines":"100, 200, 245, N2, M45, N9"},"geometry":{"type":"LineString","coordinates":[[13.331663,52.506589],[13.332327,52.506279]]}},{"type":"Feature","properties":{"mode":"bus","n":5,"arr":["101","115","143","N7","N43"],"lines":"101, 115, 143, N7, N43"},"geometry":{"type":"LineString","coordinates":[[13.314199,52.490305],[13.314643,52.490044],[13.314761,52.490031]]}},{"type":"Feature","properties":{"mode":"bus","n":5,"arr":["101","115","143","N7","N43"],"lines":"101, 115, 143, N7, N43"},"geometry":{"type":"LineString","coordinates":[[13.314229,52.490485],[13.314757,52.490106],[13.314772,52.490089],[13.314773,52.490069],[13.314767,52.490052],[13.314769,52.490032],[13.314785,52.490016],[13.314991,52.489892],[13.315519,52.48943],[13.316026,52.48915]]}},{"type":"Feature","properties":{"mode":"bus","n":6,"arr":["101","112","bvg:623","M48","N84","X11"],"lines":"101, 112, 623, M48, N84, X11"},"geometry":{"type":"LineString","coordinates":[[13.260387,52.435143],[13.260591,52.435107]]}},{"type":"Feature","properties":{"mode":"bus","n":5,"arr":["101","115","285","N10","X10"],"lines":"101, 115, 285, N10, X10"},"geometry":{"type":"LineString","coordinates":[[13.260321,52.435022],[13.260387,52.435143]]}},{"type":"Feature","properties":{"mode":"bus","n":6,"arr":["101","112","115","285","N10","X10"],"lines":"101, 112, 115, 285, N10, X10"},"geometry":{"type":"LineString","coordinates":[[13.260255,52.434673],[13.260237,52.434816],[13.260321,52.435022]]}},{"type":"Feature","properties":{"mode":"bus","n":10,"arr":["101","112","115","118","285","bvg:623","N10","N84","pm:623","X10"],"lines":"101, 112, 115, 118, 285, 623, N10, N84, 623, X10"},"geometry":{"type":"LineString","coordinates":[[13.260521,52.434989],[13.260414,52.434826],[13.260255,52.434673],[13.26016,52.434416]]}},{"type":"Feature","properties":{"mode":"bus","n":11,"arr":["101","112","115","118","285","bvg:623","N10","N12","N84","pm:623","X10"],"lines":"101, 112, 115, 118, 285, 623, N10, N12, N84, 623, X10"},"geometry":{"type":"LineString","coordinates":[[13.26016,52.434416],[13.259952,52.433911],[13.259562,52.433166]]}},{"type":"Feature","properties":{"mode":"bus","n":10,"arr":["101","112","115","285","bvg:623","N10","N12","N84","pm:623","X10"],"lines":"101, 112, 115, 285, 623, N10, N12, N84, 623, X10"},"geometry":{"type":"LineString","coordinates":[[13.259562,52.433166],[13.258989,52.432281],[13.258914,52.432021],[13.258936,52.431786],[13.259282,52.430824]]}},{"type":"Feature","properties":{"mode":"bus","n":6,"arr":["101","115","bvg:623","N10","N12","pm:623"],"lines":"101, 115, 623, N10, N12, 623"},"geometry":{"type":"LineString","coordinates":[[13.259282,52.430824],[13.257697,52.430354],[13.257529,52.430284],[13.257394,52.430181],[13.257078,52.429803]]}},{"type":"Feature","properties":{"mode":"bus","n":7,"arr":["106","187","bvg:N1","bvg:N2","M19","M29","N26"],"lines":"106, 187, N1, N2, M19, M29, N26"},"geometry":{"type":"LineString","coordinates":[[13.346234,52.501031],[13.3469,52.500893]]}},{"type":"Feature","properties":{"mode":"bus","n":6,"arr":["106","187","bvg:N1","bvg:N2","M19","N26"],"lines":"106, 187, N1, N2, M19, N26"},"geometry":{"type":"LineString","coordinates":[[13.3469,52.500893],[13.351269,52.5],[13.353487,52.499279],[13.353731,52.499226],[13.354213,52.499177]]}},{"type":"Feature","properties":{"mode":"bus","n":6,"arr":["106","187","bvg:N1","bvg:N2","M19","N26"],"lines":"106, 187, N1, N2, M19, N26"},"geometry":{"type":"LineString","coordinates":[[13.353924,52.499855],[13.35328,52.49996],[13.352072,52.500028],[13.351744,52.500067],[13.349131,52.500607],[13.348707,52.500722],[13.347127,52.501056]]}},{"type":"Feature","properties":{"mode":"bus","n":5,"arr":["106","187","bvg:N1","bvg:N2","M19"],"lines":"106, 187, N1, N2, M19"},"geometry":{"type":"LineString","coordinates":[[13.354213,52.499177],[13.354863,52.49917],[13.355424,52.499094],[13.361968,52.497691]]}},{"type":"Feature","properties":{"mode":"bus","n":5,"arr":["106","187","bvg:N1","bvg:N2","M19"],"lines":"106, 187, N1, N2, M19"},"geometry":{"type":"LineString","coordinates":[[13.362072,52.497927],[13.36132,52.49806],[13.355686,52.499253],[13.355148,52.499411],[13.354413,52.499716],[13.353924,52.499855]]}},{"type":"Feature","properties":{"mode":"bus","n":5,"arr":["106","187","M48","M85","N7"],"lines":"106, 187, M48, M85, N7"},"geometry":{"type":"LineString","coordinates":[[13.360956,52.494433],[13.360941,52.494248]]}},{"type":"Feature","properties":{"mode":"bus","n":6,"arr":["106","187","204","M48","M85","N7"],"lines":"106, 187, 204, M48, M85, N7"},"geometry":{"type":"LineString","coordinates":[[13.360941,52.494248],[13.360948,52.49372],[13.36098,52.49366]]}},{"type":"Feature","properties":{"mode":"bus","n":6,"arr":["106","187","204","M48","M85","N7"],"lines":"106, 187, 204, M48, M85, N7"},"geometry":{"type":"LineString","coordinates":[[13.3602,52.490503],[13.360515,52.490847],[13.360633,52.490899],[13.360746,52.491109],[13.360976,52.493635],[13.361085,52.493831],[13.361151,52.494227]]}},{"type":"Feature","properties":{"mode":"bus","n":6,"arr":["106","187","204","M48","M85","N7"],"lines":"106, 187, 204, M48, M85, N7"},"geometry":{"type":"LineString","coordinates":[[13.360633,52.490899],[13.360651,52.490809],[13.36048,52.490532],[13.360316,52.490338]]}},{"type":"Feature","properties":{"mode":"bus","n":5,"arr":["106","187","204","M48","M85"],"lines":"106, 187, 204, M48, M85"},"geometry":{"type":"LineString","coordinates":[[13.356971,52.486925],[13.357446,52.487423],[13.3602,52.490503]]}},{"type":"Feature","properties":{"mode":"bus","n":5,"arr":["106","187","204","M48","M85"],"lines":"106, 187, 204, M48, M85"},"geometry":{"type":"LineString","coordinates":[[13.360316,52.490338],[13.357141,52.486862]]}},{"type":"Feature","properties":{"mode":"bus","n":5,"arr":["106","187","204","M48","M85"],"lines":"106, 187, 204, M48, M85"},"geometry":{"type":"LineString","coordinates":[[13.361151,52.494227],[13.361162,52.494413]]}},{"type":"Feature","properties":{"mode":"bus","n":6,"arr":["106","248","M46","N7X","N42","T6"],"lines":"106, 248, M46, N7X, N42, T6"},"geometry":{"type":"LineString","coordinates":[[13.361435,52.47463],[13.361874,52.474495],[13.363365,52.474129],[13.363794,52.473989],[13.366481,52.472743]]}},{"type":"Feature","properties":{"mode":"bus","n":5,"arr":["106","248","M46","N42","T6"],"lines":"106, 248, M46, N42, T6"},"geometry":{"type":"LineString","coordinates":[[13.366581,52.472823],[13.363632,52.47416],[13.362864,52.474414],[13.36175,52.474685]]}},{"type":"Feature","properties":{"mode":"bus","n":6,"arr":["106","187","bvg:N1","bvg:N2","M48","M85"],"lines":"106, 187, N1, N2, M48, M85"},"geometry":{"type":"LineString","coordinates":[[13.361968,52.497691],[13.362072,52.497927]]}},{"type":"Feature","properties":{"mode":"bus","n":5,"arr":["108","154","169","190","398"],"lines":"108, 154, 169, 190, 398"},"geometry":{"type":"LineString","coordinates":[[13.5612,52.506026],[13.561647,52.506015]]}},{"type":"Feature","properties":{"mode":"bus","n":5,"arr":["108","169","190","398","X69"],"lines":"108, 169, 190, 398, X69"},"geometry":{"type":"LineString","coordinates":[[13.561688,52.504259],[13.561647,52.506015]]}},{"type":"Feature","properties":{"mode":"bus","n":5,"arr":["108","169","190","398","X69"],"lines":"108, 169, 190, 398, X69"},"geometry":{"type":"LineString","coordinates":[[13.561646,52.503075],[13.561692,52.503603],[13.561658,52.503849],[13.561688,52.504259],[13.561802,52.505091],[13.561813,52.505986]]}},{"type":"Feature","properties":{"mode":"bus","n":5,"arr":["108","169","269","N64","X69"],"lines":"108, 169, 269, N64, X69"},"geometry":{"type":"LineString","coordinates":[[13.573579,52.484988],[13.57388,52.48544],[13.574924,52.487295]]}},{"type":"Feature","properties":{"mode":"bus","n":5,"arr":["109","M19","M29","N10","X10"],"lines":"109, M19, M29, N10, X10"},"geometry":{"type":"LineString","coordinates":[[13.306932,52.499894],[13.307202,52.499934]]}},{"type":"Feature","properties":{"mode":"bus","n":6,"arr":["109","110","M19","M29","N10","X10"],"lines":"109, 110, M19, M29, N10, X10"},"geometry":{"type":"LineString","coordinates":[[13.307202,52.499934],[13.313162,52.500547],[13.321825,52.501886],[13.325245,52.502432],[13.327431,52.502883],[13.33121,52.50371]]}},{"type":"Feature","properties":{"mode":"bus","n":6,"arr":["109","110","M19","M29","N10","X10"],"lines":"109, 110, M19, M29, N10, X10"},"geometry":{"type":"LineString","coordinates":[[13.307149,52.500098],[13.312966,52.500681],[13.322082,52.502085],[13.324961,52.50254],[13.325696,52.502675],[13.331235,52.503875]]}},{"type":"Feature","properties":{"mode":"bus","n":10,"arr":["109","110","bvg:N1","bvg:N2","M19","M29","M46","N10","N26","X10"],"lines":"109, 110, N1, N2, M19, M29, M46, N10, N26, X10"},"geometry":{"type":"LineString","coordinates":[[13.33121,52.50371],[13.331418,52.503753]]}},{"type":"Feature","properties":{"mode":"bus","n":7,"arr":["109","110","204","249","N9","N10","X10"],"lines":"109, 110, 204, 249, N9, N10, X10"},"geometry":{"type":"LineString","coordinates":[[13.331418,52.503753],[13.331446,52.503917]]}},{"type":"Feature","properties":{"mode":"bus","n":8,"arr":["109","110","204","249","N9","N10","N26","X10"],"lines":"109, 110, 204, 249, N9, N10, N26, X10"},"geometry":{"type":"LineString","coordinates":[[13.331446,52.503917],[13.331538,52.504736],[13.33162,52.505093],[13.331726,52.505337],[13.332026,52.505744],[13.332432,52.506087]]}},{"type":"Feature","properties":{"mode":"bus","n":12,"arr":["109","110","204","245","249","M45","M49","N9","N10","N26","X10","X34"],"lines":"109, 110, 204, 245, 249, M45, M49, N9, N10, N26, X10, X34"},"geometry":{"type":"LineString","coordinates":[[13.332432,52.506087],[13.332541,52.506178]]}},{"type":"Feature","properties":{"mode":"bus","n":13,"arr":["109","110","204","245","249","bvg:N1","M45","M46","M49","N10","N26","X10","X34"],"lines":"109, 110, 204, 245, 249, N1, M45, M46, M49, N10, N26, X10, X34"},"geometry":{"type":"LineString","coordinates":[[13.332541,52.506178],[13.332913,52.50647],[13.333239,52.506584],[13.333448,52.506746]]}},{"type":"Feature","properties":{"mode":"bus","n":12,"arr":["109","110","204","245","249","M45","M46","M49","N10","N26","X10","X34"],"lines":"109, 110, 204, 245, 249, M45, M46, M49, N10, N26, X10, X34"},"geometry":{"type":"LineString","coordinates":[[13.333448,52.506746],[13.33458,52.508233],[13.334595,52.508352],[13.334558,52.508432],[13.334367,52.508545]]}},{"type":"Feature","properties":{"mode":"bus","n":9,"arr":["109","110","245","M45","M49","N9","N10","X10","X34"],"lines":"109, 110, 245, M45, M49, N9, N10, X10, X34"},"geometry":{"type":"LineString","coordinates":[[13.333604,52.507568],[13.333009,52.506825]]}},{"type":"Feature","properties":{"mode":"bus","n":10,"arr":["109","110","245","M45","M49","N7X","N9","N10","X10","X34"],"lines":"109, 110, 245, M45, M49, N7X, N9, N10, X10, X34"},"geometry":{"type":"LineString","coordinates":[[13.333009,52.506825],[13.332925,52.50674],[13.332677,52.50658]]}},{"type":"Feature","properties":{"mode":"bus","n":15,"arr":["109","110","204","249","bvg:N1","bvg:N2","M46","M49","N3","N7X","N9","N10","N26","X10","X34"],"lines":"109, 110, 204, 249, N1, N2, M46, M49, N3, N7X, N9, N10, N26, X10, X34"},"geometry":{"type":"LineString","coordinates":[[13.332215,52.506181],[13.331538,52.505347]]}},{"type":"Feature","properties":{"mode":"bus","n":13,"arr":["109","110","204","249","bvg:N1","bvg:N2","M46","N3","N7X","N9","N10","N26","X10"],"lines":"109, 110, 204, 249, N1, N2, M46, N3, N7X, N9, N10, N26, X10"},"geometry":{"type":"LineString","coordinates":[[13.331538,52.505347],[13.33144,52.505104],[13.331235,52.503875]]}},{"type":"Feature","properties":{"mode":"bus","n":5,"arr":["110","M19","M29","N10","X10"],"lines":"110, M19, M29, N10, X10"},"geometry":{"type":"LineString","coordinates":[[13.306875,52.500046],[13.307149,52.500098]]}},{"type":"Feature","properties":{"mode":"bus","n":5,"arr":["110","215","249","310","N10"],"lines":"110, 215, 249, 310, N10"},"geometry":{"type":"LineString","coordinates":[[13.285201,52.479643],[13.285688,52.479233]]}},{"type":"Feature","properties":{"mode":"bus","n":5,"arr":["112","285","N84","pm:623","X10"],"lines":"112, 285, N84, 623, X10"},"geometry":{"type":"LineString","coordinates":[[13.259282,52.430824],[13.259543,52.430265]]}},{"type":"Feature","properties":{"mode":"bus","n":5,"arr":["112","M11","M77","X11","X83"],"lines":"112, M11, M77, X11, X83"},"geometry":{"type":"LineString","coordinates":[[13.350216,52.414272],[13.351959,52.413923],[13.354447,52.413367],[13.355489,52.413229],[13.358894,52.412939],[13.36028,52.412695],[13.361448,52.412421]]}},{"type":"Feature","properties":{"mode":"bus","n":5,"arr":["112","277","M11","X11","X83"],"lines":"112, 277, M11, X11, X83"},"geometry":{"type":"LineString","coordinates":[[13.361448,52.412421],[13.362066,52.412257],[13.362997,52.411959],[13.364551,52.411364]]}},{"type":"Feature","properties":{"mode":"bus","n":5,"arr":["112","277","M11","X11","X83"],"lines":"112, 277, M11, X11, X83"},"geometry":{"type":"LineString","coordinates":[[13.365801,52.41086],[13.366346,52.41064]]}},{"type":"Feature","properties":{"mode":"bus","n":5,"arr":["112","277","M11","X11","X83"],"lines":"112, 277, M11, X11, X83"},"geometry":{"type":"LineString","coordinates":[[13.366447,52.41073],[13.366609,52.410667]]}},{"type":"Feature","properties":{"mode":"bus","n":7,"arr":["112","277","710","M11","tf:711","X11","X83"],"lines":"112, 277, 710, M11, 711, X11, X83"},"geometry":{"type":"LineString","coordinates":[[13.361513,52.412527],[13.362496,52.412255],[13.363102,52.412045],[13.366447,52.41073]]}},{"type":"Feature","properties":{"mode":"bus","n":5,"arr":["112","184","186","N84","N88"],"lines":"112, 184, 186, N84, N88"},"geometry":{"type":"LineString","coordinates":[[13.310689,52.421301],[13.310533,52.421211]]}},{"type":"Feature","properties":{"mode":"bus","n":9,"arr":["112","115","118","285","bvg:623","N10","N84","pm:623","X10"],"lines":"112, 115, 118, 285, 623, N10, N84, 623, X10"},"geometry":{"type":"LineString","coordinates":[[13.260591,52.435107],[13.260521,52.434989]]}},{"type":"Feature","properties":{"mode":"bus","n":6,"arr":["112","118","bvg:623","M48","N84","X11"],"lines":"112, 118, 623, M48, N84, X11"},"geometry":{"type":"LineString","coordinates":[[13.259629,52.435275],[13.260387,52.435143]]}},{"type":"Feature","properties":{"mode":"bus","n":5,"arr":["112","118","M48","N18","X11"],"lines":"112, 118, M48, N18, X11"},"geometry":{"type":"LineString","coordinates":[[13.258287,52.435522],[13.259629,52.435275]]}},{"type":"Feature","properties":{"mode":"bus","n":7,"arr":["114","118","218","316","318","N16","pm:620"],"lines":"114, 118, 218, 316, 318, N16, 620"},"geometry":{"type":"LineString","coordinates":[[13.177348,52.421328],[13.177709,52.421432]]}},{"type":"Feature","properties":{"mode":"bus","n":7,"arr":["114","118","218","316","318","N16","pm:620"],"lines":"114, 118, 218, 316, 318, N16, 620"},"geometry":{"type":"LineString","coordinates":[[13.17527,52.419995],[13.17548,52.420208]]}},{"type":"Feature","properties":{"mode":"bus","n":7,"arr":["114","118","218","316","318","N16","pm:620"],"lines":"114, 118, 218, 316, 318, N16, 620"},"geometry":{"type":"LineString","coordinates":[[13.175413,52.419948],[13.17595,52.420503],[13.176242,52.420767],[13.17643,52.420884],[13.176829,52.421063],[13.177042,52.421132],[13.178416,52.421501]]}},{"type":"Feature","properties":{"mode":"bus","n":7,"arr":["114","118","218","316","318","N16","pm:620"],"lines":"114, 118, 218, 316, 318, N16, 620"},"geometry":{"type":"LineString","coordinates":[[13.175318,52.419849],[13.175177,52.419896]]}},{"type":"Feature","properties":{"mode":"bus","n":6,"arr":["114","118","218","316","318","N16"],"lines":"114, 118, 218, 316, 318, N16"},"geometry":{"type":"LineString","coordinates":[[13.17548,52.420208],[13.175939,52.420651],[13.176342,52.420934],[13.176758,52.421135],[13.177348,52.421328]]}},{"type":"Feature","properties":{"mode":"bus","n":6,"arr":["114","118","218","316","318","N16"],"lines":"114, 118, 218, 316, 318, N16"},"geometry":{"type":"LineString","coordinates":[[13.175413,52.419948],[13.175318,52.419849]]}},{"type":"Feature","properties":{"mode":"bus","n":6,"arr":["114","118","218","316","318","N16"],"lines":"114, 118, 218, 316, 318, N16"},"geometry":{"type":"LineString","coordinates":[[13.178416,52.421501],[13.179657,52.421827]]}},{"type":"Feature","properties":{"mode":"bus","n":6,"arr":["114","118","218","316","318","N16"],"lines":"114, 118, 218, 316, 318, N16"},"geometry":{"type":"LineString","coordinates":[[13.17959,52.421928],[13.178438,52.421624]]}},{"type":"Feature","properties":{"mode":"bus","n":6,"arr":["114","118","218","316","318","N16"],"lines":"114, 118, 218, 316, 318, N16"},"geometry":{"type":"LineString","coordinates":[[13.17527,52.419995],[13.174325,52.420305],[13.17336,52.420586],[13.172498,52.420753],[13.17184,52.420824],[13.171035,52.420869],[13.170331,52.42086],[13.167167,52.420526]]}},{"type":"Feature","properties":{"mode":"bus","n":6,"arr":["114","118","218","316","318","N16"],"lines":"114, 118, 218, 316, 318, N16"},"geometry":{"type":"LineString","coordinates":[[13.175177,52.419896],[13.173792,52.420386],[13.172991,52.420595],[13.172472,52.420688],[13.171845,52.420754],[13.171024,52.420793],[13.170527,52.420793],[13.16789,52.420521],[13.163507,52.419964],[13.161611,52.419745]]}},{"type":"Feature","properties":{"mode":"bus","n":6,"arr":["115","118","285","N10","pm:623","X10"],"lines":"115, 118, 285, N10, 623, X10"},"geometry":{"type":"LineString","coordinates":[[13.262998,52.439186],[13.262573,52.438619],[13.262429,52.438376],[13.261015,52.435927],[13.260591,52.435107]]}},{"type":"Feature","properties":{"mode":"bus","n":5,"arr":["115","285","N10","pm:623","X10"],"lines":"115, 285, N10, 623, X10"},"geometry":{"type":"LineString","coordinates":[[13.270596,52.450489],[13.268945,52.447825],[13.268325,52.446758],[13.267609,52.445315],[13.26626,52.443097],[13.265506,52.44215],[13.265179,52.441805],[13.263677,52.440057],[13.262998,52.439186]]}},{"type":"Feature","properties":{"mode":"bus","n":5,"arr":["115","285","N10","pm:623","X10"],"lines":"115, 285, N10, 623, X10"},"geometry":{"type":"LineString","coordinates":[[13.27028,52.450383],[13.270049,52.449964]]}},{"type":"Feature","properties":{"mode":"bus","n":5,"arr":["115","285","N10","pm:623","X10"],"lines":"115, 285, N10, 623, X10"},"geometry":{"type":"LineString","coordinates":[[13.268935,52.448148],[13.268794,52.447928]]}},{"type":"Feature","properties":{"mode":"bus","n":5,"arr":["115","285","N10","pm:623","X10"],"lines":"115, 285, N10, 623, X10"},"geometry":{"type":"LineString","coordinates":[[13.2649,52.44166],[13.265449,52.442336]]}},{"type":"Feature","properties":{"mode":"bus","n":5,"arr":["115","118","285","N10","X10"],"lines":"115, 118, 285, N10, X10"},"geometry":{"type":"LineString","coordinates":[[13.260387,52.435143],[13.261046,52.436211],[13.262321,52.438449],[13.262812,52.439225]]}},{"type":"Feature","properties":{"mode":"bus","n":5,"arr":["118","218","316","318","N16"],"lines":"118, 218, 316, 318, N16"},"geometry":{"type":"LineString","coordinates":[[13.167167,52.420526],[13.163483,52.420041],[13.156284,52.419218],[13.152957,52.418865]]}},{"type":"Feature","properties":{"mode":"bus","n":5,"arr":["118","218","316","318","N16"],"lines":"118, 218, 316, 318, N16"},"geometry":{"type":"LineString","coordinates":[[13.161611,52.419745],[13.155406,52.419039],[13.152983,52.418787]]}},{"type":"Feature","properties":{"mode":"bus","n":5,"arr":["118","694","N17","pm:601","vip:N13"],"lines":"118, 694, N17, 601, N13"},"geometry":{"type":"LineString","coordinates":[[13.13199,52.381],[13.130779,52.381059]]}},{"type":"Feature","properties":{"mode":"bus","n":6,"arr":["118","694","N17","pm:601","pm:N13","vip:N13"],"lines":"118, 694, N17, 601, N13, N13"},"geometry":{"type":"LineString","coordinates":[[13.130779,52.381059],[13.130468,52.380386],[13.130104,52.37974],[13.12923,52.378388],[13.12875,52.377732],[13.128412,52.376949],[13.128357,52.376704],[13.128298,52.37558]]}},{"type":"Feature","properties":{"mode":"bus","n":6,"arr":["118","694","N17","pm:601","pm:N13","vip:N13"],"lines":"118, 694, N17, 601, N13, N13"},"geometry":{"type":"LineString","coordinates":[[13.12815,52.375672],[13.12815,52.37558]]}},{"type":"Feature","properties":{"mode":"bus","n":5,"arr":["118","694","N17","pm:N13","vip:N13"],"lines":"118, 694, N17, N13, N13"},"geometry":{"type":"LineString","coordinates":[[13.12875,52.377732],[13.128569,52.377517],[13.128464,52.377325],[13.128233,52.376712],[13.128184,52.376407],[13.12815,52.375672]]}},{"type":"Feature","properties":{"mode":"bus","n":8,"arr":["118","694","699","N17","pm:601","pm:613","pm:N13","vip:N13"],"lines":"118, 694, 699, N17, 601, 613, N13, N13"},"geometry":{"type":"LineString","coordinates":[[13.128151,52.375383],[13.12815,52.37558]]}},{"type":"Feature","properties":{"mode":"bus","n":5,"arr":["118","694","699","pm:601","pm:613"],"lines":"118, 694, 699, 601, 613"},"geometry":{"type":"LineString","coordinates":[[13.128151,52.375383],[13.128084,52.3735]]}},{"type":"Feature","properties":{"mode":"bus","n":6,"arr":["118","694","696","699","pm:601","pm:613"],"lines":"118, 694, 696, 699, 601, 613"},"geometry":{"type":"LineString","coordinates":[[13.128102,52.371962],[13.128091,52.372491]]}},{"type":"Feature","properties":{"mode":"bus","n":5,"arr":["118","pm:602","pm:613","tf:715","X19"],"lines":"118, 602, 613, 715, X19"},"geometry":{"type":"LineString","coordinates":[[13.13191,52.37219],[13.13015,52.37212],[13.128102,52.371962]]}},{"type":"Feature","properties":{"mode":"bus","n":8,"arr":["118","690","BER2","pm:602","pm:613","pm:X1","tf:715","X19"],"lines":"118, 690, BER2, 602, 613, X1, 715, X19"},"geometry":{"type":"LineString","coordinates":[[13.133173,52.372207],[13.13191,52.37219]]}},{"type":"Feature","properties":{"mode":"bus","n":7,"arr":["118","690","BER2","pm:602","pm:X1","tf:715","X19"],"lines":"118, 690, BER2, 602, X1, 715, X19"},"geometry":{"type":"LineString","coordinates":[[13.135568,52.372231],[13.133173,52.372207]]}},{"type":"Feature","properties":{"mode":"bus","n":8,"arr":["118","690","BER2","N14","pm:N13","pm:X1","tf:715","X19"],"lines":"118, 690, BER2, N14, N13, X1, 715, X19"},"geometry":{"type":"LineString","coordinates":[[13.138464,52.372501],[13.138645,52.372467],[13.139394,52.37245],[13.140396,52.372537]]}},{"type":"Feature","properties":{"mode":"bus","n":5,"arr":["118","BER2","pm:X1","tf:715","X19"],"lines":"118, BER2, X1, 715, X19"},"geometry":{"type":"LineString","coordinates":[[13.137526,52.372576],[13.138464,52.372501]]}},{"type":"Feature","properties":{"mode":"bus","n":6,"arr":["118","690","BER2","pm:X1","tf:715","X19"],"lines":"118, 690, BER2, X1, 715, X19"},"geometry":{"type":"LineString","coordinates":[[13.126309,52.372318],[13.130362,52.37236],[13.130508,52.372409],[13.13192,52.372422],[13.135305,52.372557],[13.137526,52.372576]]}},{"type":"Feature","properties":{"mode":"bus","n":6,"arr":["120","122","124","N8","N24","X33"],"lines":"120, 122, 124, N8, N24, X33"},"geometry":{"type":"LineString","coordinates":[[13.361167,52.596947],[13.360968,52.596971],[13.360569,52.596968]]}},{"type":"Feature","properties":{"mode":"bus","n":6,"arr":["120","122","124","N8","N24","X33"],"lines":"120, 122, 124, N8, N24, X33"},"geometry":{"type":"LineString","coordinates":[[13.36058,52.596867],[13.360988,52.596906],[13.361167,52.596947],[13.367371,52.597275]]}},{"type":"Feature","properties":{"mode":"bus","n":7,"arr":["120","122","124","221","N8","N24","X33"],"lines":"120, 122, 124, 221, N8, N24, X33"},"geometry":{"type":"LineString","coordinates":[[13.360569,52.596968],[13.360441,52.596964]]}},{"type":"Feature","properties":{"mode":"bus","n":9,"arr":["120","122","124","221","M21","N8","N24","X21","X33"],"lines":"120, 122, 124, 221, M21, N8, N24, X21, X33"},"geometry":{"type":"LineString","coordinates":[[13.360441,52.596964],[13.360016,52.596921],[13.359848,52.59688]]}},{"type":"Feature","properties":{"mode":"bus","n":9,"arr":["120","122","124","221","M21","N8","N24","X21","X33"],"lines":"120, 122, 124, 221, M21, N8, N24, X21, X33"},"geometry":{"type":"LineString","coordinates":[[13.356129,52.596684],[13.359848,52.59688],[13.360109,52.596854],[13.360455,52.59686]]}},{"type":"Feature","properties":{"mode":"bus","n":6,"arr":["120","122","220","M21","N20","X21"],"lines":"120, 122, 220, M21, N20, X21"},"geometry":{"type":"LineString","coordinates":[[13.332893,52.595512],[13.332927,52.59541]]}},{"type":"Feature","properties":{"mode":"bus","n":5,"arr":["120","220","M21","N20","X21"],"lines":"120, 220, M21, N20, X21"},"geometry":{"type":"LineString","coordinates":[[13.332927,52.59541],[13.333244,52.593883]]}},{"type":"Feature","properties":{"mode":"bus","n":5,"arr":["120","220","M21","N20","X21"],"lines":"120, 220, M21, N20, X21"},"geometry":{"type":"LineString","coordinates":[[13.333341,52.594162],[13.333092,52.595444]]}},{"type":"Feature","properties":{"mode":"bus","n":5,"arr":["120","320","322","N8","N20"],"lines":"120, 320, 322, N8, N20"},"geometry":{"type":"LineString","coordinates":[[13.347703,52.57429],[13.350435,52.573866],[13.351416,52.57374]]}},{"type":"Feature","properties":{"mode":"bus","n":5,"arr":["120","320","322","N8","N20"],"lines":"120, 320, 322, N8, N20"},"geometry":{"type":"LineString","coordinates":[[13.350845,52.57393],[13.347808,52.574399]]}},{"type":"Feature","properties":{"mode":"bus","n":6,"arr":["120","142","147","N5","N20","N40"],"lines":"120, 142, 147, N5, N20, N40"},"geometry":{"type":"LineString","coordinates":[[13.369297,52.526564],[13.370206,52.526845],[13.371183,52.527071],[13.375915,52.528519]]}},{"type":"Feature","properties":{"mode":"bus","n":6,"arr":["120","142","147","N5","N20","N40"],"lines":"120, 142, 147, N5, N20, N40"},"geometry":{"type":"LineString","coordinates":[[13.369892,52.526478],[13.370381,52.526628],[13.371002,52.526887],[13.374371,52.527922],[13.37484,52.528099],[13.375983,52.528439]]}},{"type":"Feature","properties":{"mode":"bus","n":5,"arr":["120","142","147","N5","N40"],"lines":"120, 142, 147, N5, N40"},"geometry":{"type":"LineString","coordinates":[[13.369137,52.526514],[13.369297,52.526564]]}},{"type":"Feature","properties":{"mode":"bus","n":7,"arr":["120","123","142","147","M41","M85","N40"],"lines":"120, 123, 142, 147, M41, M85, N40"},"geometry":{"type":"LineString","coordinates":[[13.367831,52.526099],[13.3688,52.52641]]}},{"type":"Feature","properties":{"mode":"bus","n":6,"arr":["120","142","147","221","N6","N20"],"lines":"120, 142, 147, 221, N6, N20"},"geometry":{"type":"LineString","coordinates":[[13.359287,52.54639],[13.358301,52.546949]]}},{"type":"Feature","properties":{"mode":"bus","n":8,"arr":["120","142","147","221","247","327","N6","N20"],"lines":"120, 142, 147, 221, 247, 327, N6, N20"},"geometry":{"type":"LineString","coordinates":[[13.358301,52.546949],[13.3582,52.547006]]}},{"type":"Feature","properties":{"mode":"bus","n":8,"arr":["120","122","124","M21","N8","N24","X21","X33"],"lines":"120, 122, 124, M21, N8, N24, X21, X33"},"geometry":{"type":"LineString","coordinates":[[13.360455,52.59686],[13.36058,52.596867]]}},{"type":"Feature","properties":{"mode":"bus","n":5,"arr":["122","221","M21","N6","X21"],"lines":"122, 221, M21, N6, X21"},"geometry":{"type":"LineString","coordinates":[[13.327339,52.563424],[13.328035,52.564072]]}},{"type":"Feature","properties":{"mode":"bus","n":8,"arr":["122","124","221","M21","N8","N24","X21","X33"],"lines":"122, 124, 221, M21, N8, N24, X21, X33"},"geometry":{"type":"LineString","coordinates":[[13.339267,52.595879],[13.337268,52.59581],[13.333632,52.595613],[13.333275,52.595588],[13.333065,52.595546]]}},{"type":"Feature","properties":{"mode":"bus","n":8,"arr":["122","124","221","M21","N8","N24","X21","X33"],"lines":"122, 124, 221, M21, N8, N24, X21, X33"},"geometry":{"type":"LineString","coordinates":[[13.333092,52.595444],[13.333432,52.595504],[13.333969,52.595538],[13.337836,52.595742],[13.33928,52.595789]]}},{"type":"Feature","properties":{"mode":"bus","n":6,"arr":["122","124","221","N8","N24","X33"],"lines":"122, 124, 221, N8, N24, X33"},"geometry":{"type":"LineString","coordinates":[[13.332927,52.59541],[13.333092,52.595444]]}},{"type":"Feature","properties":{"mode":"bus","n":7,"arr":["122","124","M21","N8","N24","X21","X33"],"lines":"122, 124, M21, N8, N24, X21, X33"},"geometry":{"type":"LineString","coordinates":[[13.33928,52.595789],[13.339415,52.595792]]}},{"type":"Feature","properties":{"mode":"bus","n":7,"arr":["122","125","128","221","M21","N6","X21"],"lines":"122, 125, 128, 221, M21, N6, X21"},"geometry":{"type":"LineString","coordinates":[[13.327708,52.564046],[13.327404,52.56378],[13.326982,52.563339]]}},{"type":"Feature","properties":{"mode":"bus","n":6,"arr":["123","142","147","M41","M85","N40"],"lines":"123, 142, 147, M41, M85, N40"},"geometry":{"type":"LineString","coordinates":[[13.367703,52.525807],[13.367952,52.525882]]}},{"type":"Feature","properties":{"mode":"bus","n":5,"arr":["123","147","M41","M85","N40"],"lines":"123, 147, M41, M85, N40"},"geometry":{"type":"LineString","coordinates":[[13.367831,52.526556],[13.367805,52.526219],[13.367831,52.526099]]}},{"type":"Feature","properties":{"mode":"bus","n":5,"arr":["124","M21","N8","X21","X33"],"lines":"124, M21, N8, X21, X33"},"geometry":{"type":"LineString","coordinates":[[13.348174,52.596265],[13.356129,52.596684]]}},{"type":"Feature","properties":{"mode":"bus","n":5,"arr":["124","M21","N8","X21","X33"],"lines":"124, M21, N8, X21, X33"},"geometry":{"type":"LineString","coordinates":[[13.340019,52.595848],[13.339881,52.595882],[13.339409,52.595881]]}},{"type":"Feature","properties":{"mode":"bus","n":5,"arr":["124","M21","N8","X21","X33"],"lines":"124, M21, N8, X21, X33"},"geometry":{"type":"LineString","coordinates":[[13.339415,52.595792],[13.339879,52.595815],[13.340019,52.595848],[13.340566,52.595852],[13.346972,52.596193]]}},{"type":"Feature","properties":{"mode":"bus","n":5,"arr":["124","M21","N8","X21","X33"],"lines":"124, M21, N8, X21, X33"},"geometry":{"type":"LineString","coordinates":[[13.348174,52.596265],[13.348008,52.596214],[13.347343,52.596162],[13.347116,52.59616],[13.347014,52.596183],[13.347,52.596187],[13.346993,52.596192],[13.346993,52.596196],[13.346998,52.596201],[13.347011,52.596207],[13.347082,52.596232],[13.347388,52.596271],[13.347995,52.596291],[13.348174,52.596265]]}},{"type":"Feature","properties":{"mode":"bus","n":6,"arr":["124","221","M21","N8","X21","X33"],"lines":"124, 221, M21, N8, X21, X33"},"geometry":{"type":"LineString","coordinates":[[13.339409,52.595881],[13.339267,52.595879]]}},{"type":"Feature","properties":{"mode":"bus","n":7,"arr":["124","221","M21","N8","N24","X21","X33"],"lines":"124, 221, M21, N8, N24, X21, X33"},"geometry":{"type":"LineString","coordinates":[[13.333065,52.595546],[13.332893,52.595512]]}},{"type":"Feature","properties":{"mode":"bus","n":5,"arr":["124","221","N8","N24","X33"],"lines":"124, 221, N8, N24, X33"},"geometry":{"type":"LineString","coordinates":[[13.332893,52.595512],[13.332582,52.595416],[13.332148,52.5952]]}},{"type":"Feature","properties":{"mode":"bus","n":5,"arr":["124","221","N8","N24","X33"],"lines":"124, 221, N8, N24, X33"},"geometry":{"type":"LineString","coordinates":[[13.326581,52.592085],[13.327388,52.59297],[13.327746,52.593243],[13.330523,52.594595],[13.332148,52.5952],[13.332927,52.59541]]}},{"type":"Feature","properties":{"mode":"bus","n":7,"arr":["124","125","220","222","N22","N24","N33"],"lines":"124, 125, 220, 222, N22, N24, N33"},"geometry":{"type":"LineString","coordinates":[[13.292273,52.590588],[13.291248,52.590458],[13.287438,52.590087]]}},{"type":"Feature","properties":{"mode":"bus","n":9,"arr":["124","125","133","220","222","N22","N24","N25","N33"],"lines":"124, 125, 133, 220, 222, N22, N24, N25, N33"},"geometry":{"type":"LineString","coordinates":[[13.287438,52.590087],[13.286673,52.591235],[13.286618,52.591258],[13.286598,52.591264],[13.286577,52.591265],[13.286556,52.59126],[13.286171,52.591133],[13.285174,52.59074],[13.28321,52.589936]]}},{"type":"Feature","properties":{"mode":"bus","n":10,"arr":["124","125","133","220","222","N6","N22","N24","N25","N33"],"lines":"124, 125, 133, 220, 222, N6, N22, N24, N25, N33"},"geometry":{"type":"LineString","coordinates":[[13.283334,52.589983],[13.283238,52.590088]]}},{"type":"Feature","properties":{"mode":"bus","n":10,"arr":["124","125","133","220","222","N6","N22","N24","N25","N33"],"lines":"124, 125, 133, 220, 222, N6, N22, N24, N25, N33"},"geometry":{"type":"LineString","coordinates":[[13.282701,52.590704],[13.282416,52.591015],[13.281992,52.5917],[13.281316,52.593347]]}},{"type":"Feature","properties":{"mode":"bus","n":10,"arr":["124","125","133","220","222","N6","N22","N24","N25","N33"],"lines":"124, 125, 133, 220, 222, N6, N22, N24, N25, N33"},"geometry":{"type":"LineString","coordinates":[[13.28119,52.593188],[13.281745,52.591858],[13.282,52.591369],[13.282329,52.590883],[13.282495,52.59069]]}},{"type":"Feature","properties":{"mode":"bus","n":10,"arr":["124","125","133","220","222","N6","N22","N24","N25","N33"],"lines":"124, 125, 133, 220, 222, N6, N22, N24, N25, N33"},"geometry":{"type":"LineString","coordinates":[[13.283179,52.589966],[13.28321,52.589936]]}},{"type":"Feature","properties":{"mode":"bus","n":5,"arr":["124","125","220","N24","N25"],"lines":"124, 125, 220, N24, N25"},"geometry":{"type":"LineString","coordinates":[[13.283238,52.590088],[13.283101,52.590458],[13.282953,52.590619],[13.282701,52.590704]]}},{"type":"Feature","properties":{"mode":"bus","n":8,"arr":["124","133","220","222","N6","N22","N24","N33"],"lines":"124, 133, 220, 222, N6, N22, N24, N33"},"geometry":{"type":"LineString","coordinates":[[13.281316,52.593347],[13.281082,52.593667],[13.28087,52.59389]]}},{"type":"Feature","properties":{"mode":"bus","n":5,"arr":["124","133","222","N22","N24"],"lines":"124, 133, 222, N22, N24"},"geometry":{"type":"LineString","coordinates":[[13.28087,52.59389],[13.280258,52.594452],[13.279954,52.594665],[13.279745,52.594785],[13.278984,52.595109]]}},{"type":"Feature","properties":{"mode":"bus","n":5,"arr":["124","133","222","N22","N24"],"lines":"124, 133, 222, N22, N24"},"geometry":{"type":"LineString","coordinates":[[13.275765,52.597465],[13.275581,52.597662],[13.275254,52.597926],[13.27513,52.597985],[13.274999,52.597991]]}},{"type":"Feature","properties":{"mode":"bus","n":5,"arr":["124","133","222","N22","N24"],"lines":"124, 133, 222, N22, N24"},"geometry":{"type":"LineString","coordinates":[[13.275045,52.597879],[13.275129,52.597874],[13.275241,52.597825],[13.275765,52.597465],[13.278067,52.595639],[13.278581,52.59531],[13.279685,52.594724],[13.280292,52.594228],[13.280671,52.593872]]}},{"type":"Feature","properties":{"mode":"bus","n":7,"arr":["124","125","133","222","N22","N24","N25"],"lines":"124, 125, 133, 222, N22, N24, N25"},"geometry":{"type":"LineString","coordinates":[[13.280671,52.593872],[13.28097,52.593528],[13.28119,52.593188]]}},{"type":"Feature","properties":{"mode":"bus","n":6,"arr":["124","221","322","N8","N24","X33"],"lines":"124, 221, 322, N8, N24, X33"},"geometry":{"type":"LineString","coordinates":[[13.326309,52.591658],[13.326581,52.592085]]}},{"type":"Feature","properties":{"mode":"bus","n":5,"arr":["125","220","N6","N25","N33"],"lines":"125, 220, N6, N25, N33"},"geometry":{"type":"LineString","coordinates":[[13.28087,52.59389],[13.280671,52.593872]]}},{"type":"Feature","properties":{"mode":"bus","n":6,"arr":["125","133","220","N6","N25","N33"],"lines":"125, 133, 220, N6, N25, N33"},"geometry":{"type":"LineString","coordinates":[[13.282495,52.59069],[13.282456,52.590551],[13.282663,52.590276],[13.282776,52.590173],[13.283179,52.589966]]}},{"type":"Feature","properties":{"mode":"bus","n":6,"arr":["125","128","221","M21","N6","X21"],"lines":"125, 128, 221, M21, N6, X21"},"geometry":{"type":"LineString","coordinates":[[13.326982,52.563339],[13.326835,52.563146],[13.326502,52.562511]]}},{"type":"Feature","properties":{"mode":"bus","n":6,"arr":["125","128","150","255","N9","N52"],"lines":"125, 128, 150, 255, N9, N52"},"geometry":{"type":"LineString","coordinates":[[13.373435,52.556881],[13.369287,52.557214]]}},{"type":"Feature","properties":{"mode":"bus","n":5,"arr":["125","128","150","255","N52"],"lines":"125, 128, 150, 255, N52"},"geometry":{"type":"LineString","coordinates":[[13.369287,52.557214],[13.36923,52.556957],[13.36923,52.556941],[13.369239,52.556929],[13.369255,52.556921],[13.369281,52.556916],[13.370658,52.556808]]}},{"type":"Feature","properties":{"mode":"bus","n":5,"arr":["130","131","bvg:N2","M45","X37"],"lines":"130, 131, N2, M45, X37"},"geometry":{"type":"LineString","coordinates":[[13.245107,52.524901],[13.244237,52.525122],[13.242314,52.525674],[13.240209,52.526211],[13.240183,52.526215],[13.240162,52.526213],[13.240146,52.526205],[13.240133,52.526191],[13.239918,52.525843],[13.239912,52.525822],[13.239924,52.525807],[13.239952,52.525795],[13.240914,52.525556]]}},{"type":"Feature","properties":{"mode":"bus","n":8,"arr":["130","136","237","337","N7","N30","X33","X36"],"lines":"130, 136, 237, 337, N7, N30, X33, X36"},"geometry":{"type":"LineString","coordinates":[[13.199432,52.534776],[13.199627,52.534638]]}},{"type":"Feature","properties":{"mode":"bus","n":9,"arr":["130","136","237","337","671","N7","N30","X33","X36"],"lines":"130, 136, 237, 337, 671, N7, N30, X33, X36"},"geometry":{"type":"LineString","coordinates":[[13.199432,52.534776],[13.198432,52.534944]]}},{"type":"Feature","properties":{"mode":"bus","n":8,"arr":["130","136","237","337","671","N7","N30","X33"],"lines":"130, 136, 237, 337, 671, N7, N30, X33"},"geometry":{"type":"LineString","coordinates":[[13.198432,52.534944],[13.197202,52.535113],[13.194696,52.535622]]}},{"type":"Feature","properties":{"mode":"bus","n":5,"arr":["131","137","M37","M49","X49"],"lines":"131, 137, M37, M49, X49"},"geometry":{"type":"LineString","coordinates":[[13.162677,52.52008],[13.162501,52.520118]]}},{"type":"Feature","properties":{"mode":"bus","n":5,"arr":["133","139","N33","N39","X33"],"lines":"133, 139, N33, N39, X33"},"geometry":{"type":"LineString","coordinates":[[13.245469,52.544313],[13.245985,52.544347],[13.246161,52.54434],[13.246368,52.544318],[13.247053,52.544183]]}},{"type":"Feature","properties":{"mode":"bus","n":5,"arr":["133","139","N33","N39","X33"],"lines":"133, 139, N33, N39, X33"},"geometry":{"type":"LineString","coordinates":[[13.241763,52.543412],[13.239647,52.542864]]}},{"type":"Feature","properties":{"mode":"bus","n":5,"arr":["133","139","N33","N39","X33"],"lines":"133, 139, N33, N39, X33"},"geometry":{"type":"LineString","coordinates":[[13.24699,52.544083],[13.246078,52.544259],[13.245413,52.544308],[13.244733,52.544188],[13.24203,52.543487]]}},{"type":"Feature","properties":{"mode":"bus","n":5,"arr":["133","139","N33","N39","X33"],"lines":"133, 139, N33, N39, X33"},"geometry":{"type":"LineString","coordinates":[[13.24203,52.543487],[13.241842,52.543459],[13.241791,52.543428],[13.241782,52.543422],[13.241779,52.543418],[13.241781,52.543414],[13.241789,52.543411],[13.241801,52.54341],[13.241873,52.543405],[13.241971,52.54343],[13.24203,52.543487]]}},{"type":"Feature","properties":{"mode":"bus","n":5,"arr":["133","222","N6","N22","N33"],"lines":"133, 222, N6, N22, N33"},"geometry":{"type":"LineString","coordinates":[[13.283238,52.590088],[13.282701,52.590704]]}},{"type":"Feature","properties":{"mode":"bus","n":6,"arr":["134","136","671","M36","M45","X36"],"lines":"134, 136, 671, M36, M45, X36"},"geometry":{"type":"LineString","coordinates":[[13.205998,52.542421],[13.206173,52.542771],[13.20626,52.542861]]}},{"type":"Feature","properties":{"mode":"bus","n":6,"arr":["134","136","671","M36","M45","X36"],"lines":"134, 136, 671, M36, M45, X36"},"geometry":{"type":"LineString","coordinates":[[13.203437,52.540821],[13.203981,52.540923],[13.204399,52.541054],[13.20517,52.541501],[13.20548,52.541725]]}},{"type":"Feature","properties":{"mode":"bus","n":6,"arr":["134","136","671","M36","M45","X36"],"lines":"134, 136, 671, M36, M45, X36"},"geometry":{"type":"LineString","coordinates":[[13.206276,52.542551],[13.206198,52.542311],[13.206055,52.54204],[13.205782,52.541718],[13.205465,52.541472],[13.20438,52.540798],[13.204261,52.540689],[13.204098,52.540449]]}},{"type":"Feature","properties":{"mode":"bus","n":5,"arr":["134","136","M36","M45","X36"],"lines":"134, 136, M36, M45, X36"},"geometry":{"type":"LineString","coordinates":[[13.20548,52.541725],[13.20577,52.542021],[13.205998,52.542421]]}},{"type":"Feature","properties":{"mode":"bus","n":5,"arr":["134","136","M36","M45","X36"],"lines":"134, 136, M36, M45, X36"},"geometry":{"type":"LineString","coordinates":[[13.20626,52.542861],[13.206295,52.54268],[13.206276,52.542551]]}},{"type":"Feature","properties":{"mode":"bus","n":12,"arr":["134","136","137","337","671","M36","M37","M45","N7","X33","X36","X37"],"lines":"134, 136, 137, 337, 671, M36, M37, M45, N7, X33, X36, X37"},"geometry":{"type":"LineString","coordinates":[[13.20062,52.538644],[13.200404,52.5382],[13.200318,52.537805],[13.200272,52.537098]]}},{"type":"Feature","properties":{"mode":"bus","n":12,"arr":["134","136","137","337","671","M36","M37","M45","N7","X33","X36","X37"],"lines":"134, 136, 137, 337, 671, M36, M37, M45, N7, X33, X36, X37"},"geometry":{"type":"LineString","coordinates":[[13.200801,52.538585],[13.200665,52.538359]]}},{"type":"Feature","properties":{"mode":"bus","n":13,"arr":["134","136","137","337","671","M36","M37","M45","N7","N30","X33","X36","X37"],"lines":"134, 136, 137, 337, 671, M36, M37, M45, N7, N30, X33, X36, X37"},"geometry":{"type":"LineString","coordinates":[[13.200272,52.537098],[13.200155,52.536491],[13.199944,52.535876]]}},{"type":"Feature","properties":{"mode":"bus","n":15,"arr":["134","136","137","337","638","671","M32","M36","M37","M45","N7","N30","X33","X36","X37"],"lines":"134, 136, 137, 337, 638, 671, M32, M36, M37, M45, N7, N30, X33, X36, X37"},"geometry":{"type":"LineString","coordinates":[[13.199944,52.535876],[13.199762,52.535408]]}},{"type":"Feature","properties":{"mode":"bus","n":17,"arr":["134","135","136","137","337","638","671","M32","M36","M37","M45","N7","N30","N34","X33","X36","X37"],"lines":"134, 135, 136, 137, 337, 638, 671, M32, M36, M37, M45, N7, N30, N34, X33, X36, X37"},"geometry":{"type":"LineString","coordinates":[[13.199762,52.535408],[13.199432,52.534776]]}},{"type":"Feature","properties":{"mode":"bus","n":11,"arr":["134","135","137","638","M32","M36","M37","M45","N34","X36","X37"],"lines":"134, 135, 137, 638, M32, M36, M37, M45, N34, X36, X37"},"geometry":{"type":"LineString","coordinates":[[13.199432,52.534776],[13.1989,52.533768],[13.198353,52.532979]]}},{"type":"Feature","properties":{"mode":"bus","n":9,"arr":["134","135","137","638","M36","M37","M45","N34","X37"],"lines":"134, 135, 137, 638, M36, M37, M45, N34, X37"},"geometry":{"type":"LineString","coordinates":[[13.198353,52.532979],[13.198264,52.532885]]}},{"type":"Feature","properties":{"mode":"bus","n":7,"arr":["134","135","137","638","M36","M37","N34"],"lines":"134, 135, 137, 638, M36, M37, N34"},"geometry":{"type":"LineString","coordinates":[[13.198264,52.532885],[13.197478,52.532034],[13.196237,52.530551],[13.195857,52.529968],[13.195552,52.529205]]}},{"type":"Feature","properties":{"mode":"bus","n":7,"arr":["134","135","137","638","M36","M37","N34"],"lines":"134, 135, 137, 638, M36, M37, N34"},"geometry":{"type":"LineString","coordinates":[[13.195771,52.529177],[13.195741,52.529076]]}},{"type":"Feature","properties":{"mode":"bus","n":5,"arr":["134","135","638","M36","N34"],"lines":"134, 135, 638, M36, N34"},"geometry":{"type":"LineString","coordinates":[[13.195552,52.529205],[13.195111,52.528115]]}},{"type":"Feature","properties":{"mode":"bus","n":5,"arr":["134","135","638","M36","N34"],"lines":"134, 135, 638, M36, N34"},"geometry":{"type":"LineString","coordinates":[[13.195741,52.529076],[13.195646,52.528777]]}},{"type":"Feature","properties":{"mode":"bus","n":5,"arr":["134","334","334R","N34","X34"],"lines":"134, 334, 334R, N34, X34"},"geometry":{"type":"LineString","coordinates":[[13.183264,52.484962],[13.183313,52.484479],[13.183246,52.484083],[13.183091,52.4837],[13.18267,52.483144]]}},{"type":"Feature","properties":{"mode":"bus","n":5,"arr":["134","697","N34","N35","X34"],"lines":"134, 697, N34, N35, X34"},"geometry":{"type":"LineString","coordinates":[[13.144305,52.45425],[13.144324,52.454343],[13.14455,52.454691]]}},{"type":"Feature","properties":{"mode":"bus","n":5,"arr":["134","135","234","697","N34"],"lines":"134, 135, 234, 697, N34"},"geometry":{"type":"LineString","coordinates":[[13.144305,52.45425],[13.144252,52.454045]]}},{"type":"Feature","properties":{"mode":"bus","n":6,"arr":["134","135","137","M36","M37","N34"],"lines":"134, 135, 137, M36, M37, N34"},"geometry":{"type":"LineString","coordinates":[[13.198504,52.532845],[13.197632,52.532014],[13.196343,52.530469],[13.196046,52.529967],[13.195771,52.529177]]}},{"type":"Feature","properties":{"mode":"bus","n":7,"arr":["134","135","137","M32","M36","M37","N34"],"lines":"134, 135, 137, M32, M36, M37, N34"},"geometry":{"type":"LineString","coordinates":[[13.19885,52.533282],[13.198504,52.532845]]}},{"type":"Feature","properties":{"mode":"bus","n":9,"arr":["134","135","137","M32","M36","M37","M45","N34","X37"],"lines":"134, 135, 137, M32, M36, M37, M45, N34, X37"},"geometry":{"type":"LineString","coordinates":[[13.199627,52.534638],[13.199128,52.533713],[13.19885,52.533282]]}},{"type":"Feature","properties":{"mode":"bus","n":16,"arr":["134","135","136","137","237","337","M32","M36","M37","M45","N7","N30","N34","X33","X36","X37"],"lines":"134, 135, 136, 137, 237, 337, M32, M36, M37, M45, N7, N30, N34, X33, X36, X37"},"geometry":{"type":"LineString","coordinates":[[13.199815,52.534934],[13.199627,52.534638]]}},{"type":"Feature","properties":{"mode":"bus","n":17,"arr":["134","135","136","137","237","337","638","M32","M36","M37","M45","N7","N30","N34","X33","X36","X37"],"lines":"134, 135, 136, 137, 237, 337, 638, M32, M36, M37, M45, N7, N30, N34, X33, X36, X37"},"geometry":{"type":"LineString","coordinates":[[13.199961,52.535269],[13.199815,52.534934]]}},{"type":"Feature","properties":{"mode":"bus","n":15,"arr":["134","135","136","137","337","638","M36","M37","M45","N7","N30","N34","X33","X36","X37"],"lines":"134, 135, 136, 137, 337, 638, M36, M37, M45, N7, N30, N34, X33, X36, X37"},"geometry":{"type":"LineString","coordinates":[[13.200025,52.535439],[13.199961,52.535269]]}},{"type":"Feature","properties":{"mode":"bus","n":12,"arr":["134","136","137","337","M36","M37","M45","N7","N30","X33","X36","X37"],"lines":"134, 136, 137, 337, M36, M37, M45, N7, N30, X33, X36, X37"},"geometry":{"type":"LineString","coordinates":[[13.200507,52.537754],[13.200398,52.536646],[13.200025,52.535439]]}},{"type":"Feature","properties":{"mode":"bus","n":11,"arr":["134","136","137","337","M36","M37","M45","N7","X33","X36","X37"],"lines":"134, 136, 137, 337, M36, M37, M45, N7, X33, X36, X37"},"geometry":{"type":"LineString","coordinates":[[13.200665,52.538359],[13.200587,52.538165],[13.200507,52.537754]]}},{"type":"Feature","properties":{"mode":"bus","n":5,"arr":["135","234","N34","N35","X34"],"lines":"135, 234, N34, N35, X34"},"geometry":{"type":"LineString","coordinates":[[13.130076,52.464214],[13.13027,52.463978],[13.13062,52.463694],[13.135952,52.460164],[13.13814,52.458255],[13.141258,52.455676],[13.141736,52.455409],[13.142706,52.455008],[13.143064,52.454827],[13.143725,52.454424],[13.144,52.454322],[13.144305,52.45425]]}},{"type":"Feature","properties":{"mode":"bus","n":5,"arr":["136","337","671","N7","X33"],"lines":"136, 337, 671, N7, X33"},"geometry":{"type":"LineString","coordinates":[[13.194431,52.535432],[13.19451,52.535421],[13.194704,52.535459],[13.194762,52.535481],[13.194863,52.535588]]}},{"type":"Feature","properties":{"mode":"bus","n":5,"arr":["137","337","M37","N30","X37"],"lines":"137, 337, M37, N30, X37"},"geometry":{"type":"LineString","coordinates":[[13.184749,52.547574],[13.184588,52.547604]]}},{"type":"Feature","properties":{"mode":"bus","n":5,"arr":["140","246","M46","N7X","N84"],"lines":"140, 246, M46, N7X, N84"},"geometry":{"type":"LineString","coordinates":[[13.37801,52.466388],[13.378532,52.466076],[13.378757,52.46597],[13.37927,52.465848],[13.379651,52.465803],[13.381283,52.465739],[13.381372,52.465706],[13.381686,52.465678],[13.382487,52.465651],[13.383317,52.465655],[13.38483,52.465724],[13.385674,52.465718]]}},{"type":"Feature","properties":{"mode":"bus","n":5,"arr":["140","165","265","N60","N65"],"lines":"140, 165, 265, N60, N65"},"geometry":{"type":"LineString","coordinates":[[13.42823,52.507366],[13.428372,52.507353],[13.428491,52.507302],[13.428556,52.507237],[13.428899,52.507074],[13.431976,52.505754]]}},{"type":"Feature","properties":{"mode":"bus","n":5,"arr":["140","165","265","N60","N65"],"lines":"140, 165, 265, N60, N65"},"geometry":{"type":"LineString","coordinates":[[13.426127,52.506112],[13.426102,52.506099],[13.426095,52.506094],[13.426095,52.506089],[13.426099,52.506084],[13.426464,52.50581],[13.426472,52.505806],[13.426481,52.505805],[13.426491,52.505808],[13.426504,52.505815],[13.426514,52.505818],[13.426523,52.505818],[13.426533,52.505814],[13.426616,52.505764],[13.42696,52.50567],[13.427051,52.505624],[13.427097,52.505567],[13.427133,52.505398],[13.426996,52.505259],[13.427011,52.505156],[13.4268,52.504846],[13.426793,52.504826],[13.426801,52.504808],[13.426826,52.504793],[13.430025,52.503499]]}},{"type":"Feature","properties":{"mode":"bus","n":7,"arr":["140","142","147","240","300","347","N40"],"lines":"140, 142, 147, 240, 300, 347, N40"},"geometry":{"type":"LineString","coordinates":[[13.433847,52.509731],[13.435396,52.509069],[13.435414,52.509058],[13.435422,52.509046],[13.435419,52.509034],[13.435405,52.509021],[13.434791,52.508599]]}},{"type":"Feature","properties":{"mode":"bus","n":6,"arr":["140","142","147","240","347","N40"],"lines":"140, 142, 147, 240, 347, N40"},"geometry":{"type":"LineString","coordinates":[[13.434791,52.508599],[13.434194,52.508896],[13.432612,52.50956],[13.430249,52.510477]]}},{"type":"Feature","properties":{"mode":"bus","n":6,"arr":["140","147","165","265","N60","N65"],"lines":"140, 147, 165, 265, N60, N65"},"geometry":{"type":"LineString","coordinates":[[13.42772,52.507568],[13.427327,52.507017],[13.427038,52.506718],[13.426575,52.506366],[13.426127,52.506112]]}},{"type":"Feature","properties":{"mode":"bus","n":5,"arr":["142","240","300","347","N40"],"lines":"142, 240, 300, 347, N40"},"geometry":{"type":"LineString","coordinates":[[13.430249,52.510477],[13.430579,52.511281],[13.431964,52.515148]]}},{"type":"Feature","properties":{"mode":"bus","n":5,"arr":["142","240","300","347","N40"],"lines":"142, 240, 300, 347, N40"},"geometry":{"type":"LineString","coordinates":[[13.430507,52.511096],[13.430723,52.51106],[13.430888,52.510987]]}},{"type":"Feature","properties":{"mode":"bus","n":5,"arr":["142","147","N5","N6","N40"],"lines":"142, 147, N5, N6, N40"},"geometry":{"type":"LineString","coordinates":[[13.378446,52.529199],[13.378215,52.529184],[13.377758,52.529047],[13.377157,52.528924],[13.376227,52.528654],[13.375915,52.528519]]}},{"type":"Feature","properties":{"mode":"bus","n":5,"arr":["142","147","221","247","327"],"lines":"142, 147, 221, 247, 327"},"geometry":{"type":"LineString","coordinates":[[13.3582,52.547006],[13.360501,52.548518],[13.360521,52.548528],[13.360542,52.548531],[13.360562,52.548528],[13.360583,52.548519],[13.361529,52.547954]]}},{"type":"Feature","properties":{"mode":"bus","n":6,"arr":["142","147","221","247","327","N9"],"lines":"142, 147, 221, 247, 327, N9"},"geometry":{"type":"LineString","coordinates":[[13.361529,52.547954],[13.35995,52.546964]]}},{"type":"Feature","properties":{"mode":"bus","n":5,"arr":["143","M19","M29","N43","X10"],"lines":"143, M19, M29, N43, X10"},"geometry":{"type":"LineString","coordinates":[[13.285779,52.494659],[13.285938,52.494841],[13.286112,52.495209],[13.286255,52.495355],[13.287213,52.495844],[13.288364,52.496385],[13.289032,52.49664],[13.289739,52.496845],[13.29036,52.496983],[13.291398,52.497149]]}},{"type":"Feature","properties":{"mode":"bus","n":5,"arr":["143","M19","M29","N43","X10"],"lines":"143, M19, M29, N43, X10"},"geometry":{"type":"LineString","coordinates":[[13.285564,52.495019],[13.286269,52.495543],[13.287026,52.495919],[13.288488,52.496565],[13.289213,52.496817],[13.28975,52.496962],[13.291342,52.497292]]}},{"type":"Feature","properties":{"mode":"bus","n":5,"arr":["143","187","248","M48","M85"],"lines":"143, 187, 248, M48, M85"},"geometry":{"type":"LineString","coordinates":[[13.344025,52.47867],[13.344854,52.479236]]}},{"type":"Feature","properties":{"mode":"bus","n":5,"arr":["143","187","248","M48","M85"],"lines":"143, 187, 248, M48, M85"},"geometry":{"type":"LineString","coordinates":[[13.344103,52.478359],[13.345023,52.479182]]}},{"type":"Feature","properties":{"mode":"bus","n":7,"arr":["143","218","349","bvg:N2","M49","X34","X49"],"lines":"143, 218, 349, N2, M49, X34, X49"},"geometry":{"type":"LineString","coordinates":[[13.272862,52.509894],[13.272698,52.509921]]}},{"type":"Feature","properties":{"mode":"bus","n":5,"arr":["150","158","259","353","N58"],"lines":"150, 158, 259, 353, N58"},"geometry":{"type":"LineString","coordinates":[[13.500278,52.632701],[13.500202,52.632844],[13.49993,52.633053],[13.499678,52.633188],[13.498816,52.633574],[13.497014,52.634527],[13.49672,52.63466]]}},{"type":"Feature","properties":{"mode":"bus","n":5,"arr":["150","158","259","353","N58"],"lines":"150, 158, 259, 353, N58"},"geometry":{"type":"LineString","coordinates":[[13.49128,52.637683],[13.49081,52.638009]]}},{"type":"Feature","properties":{"mode":"bus","n":6,"arr":["150","158","353","bbg:893","bvg:893","N58"],"lines":"150, 158, 353, 893, 893, N58"},"geometry":{"type":"LineString","coordinates":[[13.49672,52.63466],[13.496141,52.634964],[13.495073,52.635585],[13.493704,52.636018]]}},{"type":"Feature","properties":{"mode":"bus","n":5,"arr":["150","158","353","bvg:893","N58"],"lines":"150, 158, 353, 893, N58"},"geometry":{"type":"LineString","coordinates":[[13.493704,52.636018],[13.492613,52.63673],[13.49128,52.637683]]}},{"type":"Feature","properties":{"mode":"bus","n":7,"arr":["154","197","256","bbg:893","bvg:893","N56","X54"],"lines":"154, 197, 256, 893, 893, N56, X54"},"geometry":{"type":"LineString","coordinates":[[13.506342,52.563567],[13.510671,52.565239],[13.51194,52.565677],[13.515343,52.566997]]}},{"type":"Feature","properties":{"mode":"bus","n":5,"arr":["154","197","bbg:893","bvg:893","X54"],"lines":"154, 197, 893, 893, X54"},"geometry":{"type":"LineString","coordinates":[[13.515343,52.566997],[13.517885,52.567976],[13.518621,52.568193],[13.519625,52.568386],[13.520692,52.568517]]}},{"type":"Feature","properties":{"mode":"bus","n":5,"arr":["154","197","bbg:893","bvg:893","X54"],"lines":"154, 197, 893, 893, X54"},"geometry":{"type":"LineString","coordinates":[[13.515133,52.567184],[13.517258,52.567997],[13.518103,52.568274],[13.519287,52.568551],[13.520606,52.568741]]}},{"type":"Feature","properties":{"mode":"bus","n":5,"arr":["154","191","291","N96","X69"],"lines":"154, 191, 291, N96, X69"},"geometry":{"type":"LineString","coordinates":[[13.565629,52.529115],[13.565452,52.530119],[13.565465,52.531085],[13.565918,52.533362],[13.566207,52.534332]]}},{"type":"Feature","properties":{"mode":"bus","n":5,"arr":["154","191","291","N96","X69"],"lines":"154, 191, 291, N96, X69"},"geometry":{"type":"LineString","coordinates":[[13.565811,52.529135],[13.565592,52.530296],[13.565585,52.530916],[13.566148,52.533555],[13.566409,52.53434]]}},{"type":"Feature","properties":{"mode":"bus","n":7,"arr":["154","294","bbg:893","bvg:893","N56","N97","X54"],"lines":"154, 294, 893, 893, N56, N97, X54"},"geometry":{"type":"LineString","coordinates":[[13.520692,52.568517],[13.520606,52.568741]]}},{"type":"Feature","properties":{"mode":"bus","n":6,"arr":["154","197","256","bbg:893","bvg:893","X54"],"lines":"154, 197, 256, 893, 893, X54"},"geometry":{"type":"LineString","coordinates":[[13.512796,52.566264],[13.515133,52.567184]]}},{"type":"Feature","properties":{"mode":"bus","n":6,"arr":["154","197","256","bbg:893","bvg:893","X54"],"lines":"154, 197, 256, 893, 893, X54"},"geometry":{"type":"LineString","coordinates":[[13.504052,52.562968],[13.506757,52.563949],[13.508866,52.56478],[13.510375,52.565319],[13.512234,52.566046]]}},{"type":"Feature","properties":{"mode":"bus","n":5,"arr":["154","197","256","bbg:893","X54"],"lines":"154, 197, 256, 893, X54"},"geometry":{"type":"LineString","coordinates":[[13.512628,52.5662],[13.512796,52.566264]]}},{"type":"Feature","properties":{"mode":"bus","n":5,"arr":["154","197","256","bvg:893","X54"],"lines":"154, 197, 256, 893, X54"},"geometry":{"type":"LineString","coordinates":[[13.512234,52.566046],[13.512434,52.566124]]}},{"type":"Feature","properties":{"mode":"bus","n":5,"arr":["155","250","255","bvg:N2","N50"],"lines":"155, 250, 255, N2, N50"},"geometry":{"type":"LineString","coordinates":[[13.412261,52.567372],[13.412288,52.567104]]}},{"type":"Feature","properties":{"mode":"bus","n":5,"arr":["155","250","255","bvg:N2","N50"],"lines":"155, 250, 255, N2, N50"},"geometry":{"type":"LineString","coordinates":[[13.412297,52.566188],[13.41214,52.567305]]}},{"type":"Feature","properties":{"mode":"bus","n":6,"arr":["155","250","255","bvg:N2","M27","N50"],"lines":"155, 250, 255, N2, M27, N50"},"geometry":{"type":"LineString","coordinates":[[13.411967,52.568262],[13.412083,52.568166],[13.412184,52.567898],[13.412261,52.567372]]}},{"type":"Feature","properties":{"mode":"bus","n":6,"arr":["160","163","166","265","M11","X11"],"lines":"160, 163, 166, 265, M11, X11"},"geometry":{"type":"LineString","coordinates":[[13.509578,52.454203],[13.509789,52.454131],[13.509935,52.454052],[13.510035,52.453951],[13.510079,52.453802],[13.510079,52.453768],[13.510056,52.453737],[13.50985,52.453557],[13.50875,52.452851],[13.50861,52.452718]]}},{"type":"Feature","properties":{"mode":"bus","n":6,"arr":["160","163","166","265","M11","X11"],"lines":"160, 163, 166, 265, M11, X11"},"geometry":{"type":"LineString","coordinates":[[13.508844,52.452546],[13.509063,52.452797]]}},{"type":"Feature","properties":{"mode":"bus","n":5,"arr":["160","162","163","164","N60"],"lines":"160, 162, 163, 164, N60"},"geometry":{"type":"LineString","coordinates":[[13.526682,52.428888],[13.526821,52.428911]]}},{"type":"Feature","properties":{"mode":"bus","n":5,"arr":["160","163","166","M11","X11"],"lines":"160, 163, 166, M11, X11"},"geometry":{"type":"LineString","coordinates":[[13.509063,52.452797],[13.509072,52.452871],[13.509351,52.453075],[13.509425,52.45316],[13.510037,52.453557],[13.510125,52.453693],[13.510137,52.453804]]}},{"type":"Feature","properties":{"mode":"bus","n":5,"arr":["161","418","420","los:421","mol:950"],"lines":"161, 418, 420, 421, 950"},"geometry":{"type":"LineString","coordinates":[[13.753583,52.42883],[13.753703,52.428844]]}},{"type":"Feature","properties":{"mode":"bus","n":5,"arr":["161","418","420","los:421","mol:950"],"lines":"161, 418, 420, 421, 950"},"geometry":{"type":"LineString","coordinates":[[13.754244,52.429537],[13.754103,52.42985],[13.754046,52.429903],[13.754024,52.429917],[13.753998,52.429921],[13.753967,52.429915],[13.753622,52.429799],[13.752886,52.429639]]}},{"type":"Feature","properties":{"mode":"bus","n":8,"arr":["161","418","420","423","los:421","los:424","los:428","mol:950"],"lines":"161, 418, 420, 423, 421, 424, 428, 950"},"geometry":{"type":"LineString","coordinates":[[13.753703,52.428844],[13.753829,52.428859]]}},{"type":"Feature","properties":{"mode":"bus","n":10,"arr":["161","418","420","422","423","429","los:421","los:424","los:428","mol:950"],"lines":"161, 418, 420, 422, 423, 429, 421, 424, 428, 950"},"geometry":{"type":"LineString","coordinates":[[13.753829,52.428859],[13.753942,52.428874]]}},{"type":"Feature","properties":{"mode":"bus","n":13,"arr":["161","418","420","422","423","426","429","437","los:421","los:424","los:427","los:428","mol:950"],"lines":"161, 418, 420, 422, 423, 426, 429, 437, 421, 424, 427, 428, 950"},"geometry":{"type":"LineString","coordinates":[[13.753942,52.428874],[13.754379,52.428923],[13.754404,52.428929],[13.75442,52.428937],[13.754427,52.428949],[13.754426,52.428965],[13.754244,52.429537]]}},{"type":"Feature","properties":{"mode":"bus","n":6,"arr":["161","418","420","423","los:421","mol:950"],"lines":"161, 418, 420, 423, 421, 950"},"geometry":{"type":"LineString","coordinates":[[13.752886,52.429639],[13.752317,52.429574]]}},{"type":"Feature","properties":{"mode":"bus","n":8,"arr":["162","164","165","N62","N63","N64","N65","N69"],"lines":"162, 164, 165, N62, N63, N64, N65, N69"},"geometry":{"type":"LineString","coordinates":[[13.575148,52.444288],[13.576272,52.444221]]}},{"type":"Feature","properties":{"mode":"bus","n":8,"arr":["162","164","165","N62","N63","N64","N65","N69"],"lines":"162, 164, 165, N62, N63, N64, N65, N69"},"geometry":{"type":"LineString","coordinates":[[13.57383,52.444388],[13.57495,52.444302]]}},{"type":"Feature","properties":{"mode":"bus","n":7,"arr":["162","165","N62","N63","N64","N65","N69"],"lines":"162, 165, N62, N63, N64, N65, N69"},"geometry":{"type":"LineString","coordinates":[[13.576272,52.444221],[13.577089,52.444156],[13.5776,52.444081],[13.578688,52.443835],[13.579296,52.443645],[13.579944,52.443406],[13.580693,52.443087],[13.582178,52.442535]]}},{"type":"Feature","properties":{"mode":"bus","n":7,"arr":["162","165","N62","N63","N64","N65","N69"],"lines":"162, 165, N62, N63, N64, N65, N69"},"geometry":{"type":"LineString","coordinates":[[13.582393,52.442692],[13.579179,52.443873],[13.578511,52.444084],[13.577982,52.444206]]}},{"type":"Feature","properties":{"mode":"bus","n":5,"arr":["162","165","N63","N64","N65"],"lines":"162, 165, N63, N64, N65"},"geometry":{"type":"LineString","coordinates":[[13.577982,52.444206],[13.577343,52.444309],[13.576827,52.444367],[13.574945,52.444498],[13.57383,52.444464]]}},{"type":"Feature","properties":{"mode":"bus","n":6,"arr":["162","164","165","N63","N64","N65"],"lines":"162, 164, 165, N63, N64, N65"},"geometry":{"type":"LineString","coordinates":[[13.57383,52.444464],[13.573432,52.444469],[13.573253,52.444492],[13.572731,52.444679],[13.572535,52.444708],[13.571088,52.444721],[13.57053,52.444596],[13.570205,52.444567],[13.569336,52.444679]]}},{"type":"Feature","properties":{"mode":"bus","n":6,"arr":["162","164","165","N63","N64","N65"],"lines":"162, 164, 165, N63, N64, N65"},"geometry":{"type":"LineString","coordinates":[[13.569423,52.444504],[13.569912,52.44446],[13.572429,52.444429],[13.57383,52.444388]]}},{"type":"Feature","properties":{"mode":"bus","n":5,"arr":["162","163","164","N64","N68"],"lines":"162, 163, 164, N64, N68"},"geometry":{"type":"LineString","coordinates":[[13.54112,52.435463],[13.541367,52.435464]]}},{"type":"Feature","properties":{"mode":"bus","n":6,"arr":["162","163","164","N60","N64","N68"],"lines":"162, 163, 164, N60, N64, N68"},"geometry":{"type":"LineString","coordinates":[[13.54112,52.435463],[13.540587,52.435264]]}},{"type":"Feature","properties":{"mode":"bus","n":6,"arr":["162","163","164","N60","N64","N68"],"lines":"162, 163, 164, N60, N64, N68"},"geometry":{"type":"LineString","coordinates":[[13.541276,52.435346],[13.54112,52.435285]]}},{"type":"Feature","properties":{"mode":"bus","n":5,"arr":["162","163","164","260","N60"],"lines":"162, 163, 164, 260, N60"},"geometry":{"type":"LineString","coordinates":[[13.540587,52.435264],[13.539412,52.434827],[13.538415,52.434417],[13.536208,52.433027]]}},{"type":"Feature","properties":{"mode":"bus","n":5,"arr":["162","163","164","260","N60"],"lines":"162, 163, 164, 260, N60"},"geometry":{"type":"LineString","coordinates":[[13.539447,52.434642],[13.538635,52.434296],[13.536429,52.432898]]}},{"type":"Feature","properties":{"mode":"bus","n":5,"arr":["162","172","271","371","372"],"lines":"162, 172, 271, 371, 372"},"geometry":{"type":"LineString","coordinates":[[13.497331,52.415963],[13.497562,52.416044]]}},{"type":"Feature","properties":{"mode":"bus","n":7,"arr":["163","171","BER2","bvg:744","N7","N7X","N60"],"lines":"163, 171, BER2, 744, N7, N7X, N60"},"geometry":{"type":"LineString","coordinates":[[13.517851,52.391842],[13.517915,52.391755]]}},{"type":"Feature","properties":{"mode":"bus","n":6,"arr":["163","171","bvg:744","N7","N7X","N60"],"lines":"163, 171, 744, N7, N7X, N60"},"geometry":{"type":"LineString","coordinates":[[13.516102,52.391315],[13.51604,52.391421]]}},{"type":"Feature","properties":{"mode":"bus","n":6,"arr":["163","171","bvg:744","N7","N7X","N60"],"lines":"163, 171, 744, N7, N7X, N60"},"geometry":{"type":"LineString","coordinates":[[13.518408,52.39018],[13.518314,52.390216]]}},{"type":"Feature","properties":{"mode":"bus","n":7,"arr":["163","171","BER2","lds:741","N7","N7X","N60"],"lines":"163, 171, BER2, 741, N7, N7X, N60"},"geometry":{"type":"LineString","coordinates":[[13.51631,52.39099],[13.516102,52.391315]]}},{"type":"Feature","properties":{"mode":"bus","n":6,"arr":["163","171","lds:741","N7","N7X","N60"],"lines":"163, 171, 741, N7, N7X, N60"},"geometry":{"type":"LineString","coordinates":[[13.515868,52.390731],[13.51631,52.39099]]}},{"type":"Feature","properties":{"mode":"bus","n":5,"arr":["163","lds:741","N7","N7X","N60"],"lines":"163, 741, N7, N7X, N60"},"geometry":{"type":"LineString","coordinates":[[13.515711,52.390568],[13.515868,52.390731]]}},{"type":"Feature","properties":{"mode":"bus","n":7,"arr":["163","171","bvg:744","lds:741","N7","N7X","N60"],"lines":"163, 171, 744, 741, N7, N7X, N60"},"geometry":{"type":"LineString","coordinates":[[13.516382,52.389761],[13.517,52.389906]]}},{"type":"Feature","properties":{"mode":"bus","n":8,"arr":["163","171","BER2","bvg:744","lds:741","N7","N7X","N60"],"lines":"163, 171, BER2, 744, 741, N7, N7X, N60"},"geometry":{"type":"LineString","coordinates":[[13.517,52.389906],[13.518314,52.390216]]}},{"type":"Feature","properties":{"mode":"bus","n":8,"arr":["163","171","BER2","bvg:744","lds:741","N7","N7X","N60"],"lines":"163, 171, BER2, 744, 741, N7, N7X, N60"},"geometry":{"type":"LineString","coordinates":[[13.518719,52.390494],[13.518816,52.390342]]}},{"type":"Feature","properties":{"mode":"bus","n":6,"arr":["163","BER2","lds:741","N7","N7X","N60"],"lines":"163, BER2, 741, N7, N7X, N60"},"geometry":{"type":"LineString","coordinates":[[13.518314,52.390216],[13.518816,52.390342]]}},{"type":"Feature","properties":{"mode":"bus","n":5,"arr":["171","bvg:744","N7","N7X","N60"],"lines":"171, 744, N7, N7X, N60"},"geometry":{"type":"LineString","coordinates":[[13.518563,52.390156],[13.518408,52.39018]]}},{"type":"Feature","properties":{"mode":"bus","n":5,"arr":["171","bvg:744","N7","N7X","N60"],"lines":"171, 744, N7, N7X, N60"},"geometry":{"type":"LineString","coordinates":[[13.517394,52.389885],[13.5175,52.390023]]}},{"type":"Feature","properties":{"mode":"bus","n":6,"arr":["163","171","BER2","bvg:744","N7","N60"],"lines":"163, 171, BER2, 744, N7, N60"},"geometry":{"type":"LineString","coordinates":[[13.518719,52.390494],[13.517915,52.391755]]}},{"type":"Feature","properties":{"mode":"bus","n":5,"arr":["169","269","N62","N64","X69"],"lines":"169, 269, N62, N64, X69"},"geometry":{"type":"LineString","coordinates":[[13.580769,52.460052],[13.579858,52.459253]]}},{"type":"Feature","properties":{"mode":"bus","n":6,"arr":["164","169","269","N62","N64","X69"],"lines":"164, 169, 269, N62, N64, X69"},"geometry":{"type":"LineString","coordinates":[[13.579858,52.459253],[13.579703,52.459092],[13.579646,52.458983],[13.579632,52.458922],[13.57963,52.458911],[13.579633,52.458905],[13.579638,52.458903],[13.579647,52.458906],[13.57966,52.458914],[13.579792,52.459006],[13.580895,52.46]]}},{"type":"Feature","properties":{"mode":"bus","n":6,"arr":["164","169","269","N62","N64","X69"],"lines":"164, 169, 269, N62, N64, X69"},"geometry":{"type":"LineString","coordinates":[[13.579624,52.458889],[13.578151,52.457232],[13.577111,52.455767]]}},{"type":"Feature","properties":{"mode":"bus","n":5,"arr":["164","269","N62","N64","X69"],"lines":"164, 269, N62, N64, X69"},"geometry":{"type":"LineString","coordinates":[[13.577111,52.455767],[13.576317,52.454643],[13.575153,52.453572]]}},{"type":"Feature","properties":{"mode":"bus","n":5,"arr":["164","269","N62","N64","X69"],"lines":"164, 269, N62, N64, X69"},"geometry":{"type":"LineString","coordinates":[[13.574275,52.452861],[13.574817,52.453357],[13.575112,52.453546],[13.575124,52.453553],[13.575132,52.453557],[13.575136,52.453557],[13.575137,52.453555],[13.575134,52.453549],[13.575127,52.45354],[13.574942,52.453306],[13.574504,52.452901]]}},{"type":"Feature","properties":{"mode":"bus","n":7,"arr":["164","165","N62","N63","N64","N65","N69"],"lines":"164, 165, N62, N63, N64, N65, N69"},"geometry":{"type":"LineString","coordinates":[[13.57495,52.444302],[13.575148,52.444288]]}},{"type":"Feature","properties":{"mode":"bus","n":5,"arr":["164","169","269","N62","N64"],"lines":"164, 169, 269, N62, N64"},"geometry":{"type":"LineString","coordinates":[[13.580895,52.46],[13.581695,52.460711],[13.583794,52.463117]]}},{"type":"Feature","properties":{"mode":"bus","n":5,"arr":["165","265","bvg:N1","N60","N65"],"lines":"165, 265, N1, N60, N65"},"geometry":{"type":"LineString","coordinates":[[13.438012,52.5002],[13.440959,52.50063],[13.441074,52.500618],[13.441284,52.50054],[13.441463,52.50054],[13.441594,52.500592],[13.441981,52.500892],[13.442158,52.50097]]}},{"type":"Feature","properties":{"mode":"bus","n":8,"arr":["165","166","194","265","M43","N60","N65","N94"],"lines":"165, 166, 194, 265, M43, N60, N65, N94"},"geometry":{"type":"LineString","coordinates":[[13.459129,52.492904],[13.457924,52.492019],[13.457632,52.491761]]}},{"type":"Feature","properties":{"mode":"bus","n":5,"arr":["165","166","265","N60","N65"],"lines":"165, 166, 265, N60, N65"},"geometry":{"type":"LineString","coordinates":[[13.457759,52.491687],[13.45899,52.490861],[13.461989,52.488749],[13.472932,52.481386]]}},{"type":"Feature","properties":{"mode":"bus","n":5,"arr":["165","166","265","N60","N65"],"lines":"165, 166, 265, N60, N65"},"geometry":{"type":"LineString","coordinates":[[13.473473,52.481641],[13.478942,52.484239],[13.479379,52.484402],[13.47949,52.48447],[13.479509,52.484488],[13.479513,52.484507],[13.4795,52.484527],[13.478954,52.485077],[13.476711,52.487507],[13.476314,52.487744],[13.475781,52.487921],[13.459129,52.492904]]}},{"type":"Feature","properties":{"mode":"bus","n":6,"arr":["165","166","377","N60","N65","N77"],"lines":"165, 166, 377, N60, N65, N77"},"geometry":{"type":"LineString","coordinates":[[13.475849,52.479407],[13.478643,52.477542]]}},{"type":"Feature","properties":{"mode":"bus","n":6,"arr":["165","166","377","N60","N65","N77"],"lines":"165, 166, 377, N60, N65, N77"},"geometry":{"type":"LineString","coordinates":[[13.478814,52.477631],[13.475266,52.480047]]}},{"type":"Feature","properties":{"mode":"bus","n":5,"arr":["165","169","269","N65","X69"],"lines":"165, 169, 269, N65, X69"},"geometry":{"type":"LineString","coordinates":[[13.593695,52.447478],[13.593659,52.445824]]}},{"type":"Feature","properties":{"mode":"bus","n":5,"arr":["165","169","269","N65","X69"],"lines":"165, 169, 269, N65, X69"},"geometry":{"type":"LineString","coordinates":[[13.593327,52.441312],[13.593592,52.444423],[13.593659,52.445824],[13.593753,52.445963],[13.593829,52.446345],[13.593878,52.44748]]}},{"type":"Feature","properties":{"mode":"bus","n":5,"arr":["169","269","N64","N65","X69"],"lines":"169, 269, N64, N65, X69"},"geometry":{"type":"LineString","coordinates":[[13.593112,52.451589],[13.593209,52.450701],[13.59362,52.448568],[13.593695,52.447478]]}},{"type":"Feature","properties":{"mode":"bus","n":5,"arr":["169","269","N64","N65","X69"],"lines":"169, 269, N64, N65, X69"},"geometry":{"type":"LineString","coordinates":[[13.593326,52.451588],[13.59339,52.450756],[13.593744,52.448985],[13.59387,52.448147],[13.593878,52.44748]]}},{"type":"Feature","properties":{"mode":"bus","n":8,"arr":["170","188","283","284","285","380","M82","N88"],"lines":"170, 188, 283, 284, 285, 380, M82, N88"},"geometry":{"type":"LineString","coordinates":[[13.322572,52.456434],[13.322207,52.456175]]}},{"type":"Feature","properties":{"mode":"bus","n":7,"arr":["170","188","283","284","380","M82","N88"],"lines":"170, 188, 283, 284, 380, M82, N88"},"geometry":{"type":"LineString","coordinates":[[13.322207,52.456175],[13.32201,52.456038],[13.321982,52.456024],[13.32195,52.456018],[13.321914,52.45602],[13.32151,52.456087]]}},{"type":"Feature","properties":{"mode":"bus","n":5,"arr":["171","194","M29","M41","N94"],"lines":"171, 194, M29, M41, N94"},"geometry":{"type":"LineString","coordinates":[[13.425543,52.487686],[13.430198,52.486046]]}},{"type":"Feature","properties":{"mode":"bus","n":5,"arr":["171","194","M29","M41","N94"],"lines":"171, 194, M29, M41, N94"},"geometry":{"type":"LineString","coordinates":[[13.428956,52.48662],[13.430297,52.486149]]}},{"type":"Feature","properties":{"mode":"bus","n":5,"arr":["171","246","377","N7","N77"],"lines":"171, 246, 377, N7, N77"},"geometry":{"type":"LineString","coordinates":[[13.44203,52.467522],[13.442008,52.467671]]}},{"type":"Feature","properties":{"mode":"bus","n":6,"arr":["171","260","371","N7","X7","X71"],"lines":"171, 260, 371, N7, X7, X71"},"geometry":{"type":"LineString","coordinates":[[13.49604,52.415832],[13.496475,52.415644]]}},{"type":"Feature","properties":{"mode":"bus","n":7,"arr":["171","260","371","bvg:744","N7","X7","X71"],"lines":"171, 260, 371, 744, N7, X7, X71"},"geometry":{"type":"LineString","coordinates":[[13.496475,52.415644],[13.499092,52.414669],[13.499762,52.414377],[13.500894,52.413782],[13.501297,52.413517],[13.501999,52.412986],[13.50373,52.411339],[13.506508,52.408596],[13.508884,52.406106],[13.510414,52.404551]]}},{"type":"Feature","properties":{"mode":"bus","n":7,"arr":["171","260","371","bvg:744","N7","X7","X71"],"lines":"171, 260, 371, 744, N7, X7, X71"},"geometry":{"type":"LineString","coordinates":[[13.497331,52.415439],[13.49644,52.41578]]}},{"type":"Feature","properties":{"mode":"bus","n":5,"arr":["171","260","N7","X7","X71"],"lines":"171, 260, N7, X7, X71"},"geometry":{"type":"LineString","coordinates":[[13.510414,52.404551],[13.516448,52.398644],[13.517352,52.397662],[13.517541,52.397273],[13.517883,52.396876]]}},{"type":"Feature","properties":{"mode":"bus","n":5,"arr":["171","260","N7","X7","X71"],"lines":"171, 260, N7, X7, X71"},"geometry":{"type":"LineString","coordinates":[[13.51803,52.39697],[13.517768,52.397246],[13.51739,52.3978],[13.516171,52.399089],[13.510544,52.404605]]}},{"type":"Feature","properties":{"mode":"bus","n":7,"arr":["171","260","lds:741","N7","N60","X7","X71"],"lines":"171, 260, 741, N7, N60, X7, X71"},"geometry":{"type":"LineString","coordinates":[[13.517883,52.396876],[13.517972,52.396768]]}},{"type":"Feature","properties":{"mode":"bus","n":6,"arr":["171","bvg:744","lds:741","N7","N7X","N60"],"lines":"171, 744, 741, N7, N7X, N60"},"geometry":{"type":"LineString","coordinates":[[13.516181,52.389711],[13.516382,52.389761]]}},{"type":"Feature","properties":{"mode":"bus","n":6,"arr":["171","260","bvg:744","N7","X7","X71"],"lines":"171, 260, 744, N7, X7, X71"},"geometry":{"type":"LineString","coordinates":[[13.510544,52.404605],[13.508925,52.406226],[13.506918,52.408347],[13.505466,52.409785]]}},{"type":"Feature","properties":{"mode":"bus","n":7,"arr":["171","260","372","bvg:744","N7","X7","X71"],"lines":"171, 260, 372, 744, N7, X7, X71"},"geometry":{"type":"LineString","coordinates":[[13.505466,52.409785],[13.503537,52.411681]]}},{"type":"Feature","properties":{"mode":"bus","n":8,"arr":["171","260","371","372","bvg:744","N7","X7","X71"],"lines":"171, 260, 371, 372, 744, N7, X7, X71"},"geometry":{"type":"LineString","coordinates":[[13.503537,52.411681],[13.502104,52.413033],[13.501546,52.413465],[13.500832,52.413938],[13.499994,52.414392],[13.499361,52.41468],[13.497331,52.415439]]}},{"type":"Feature","properties":{"mode":"bus","n":7,"arr":["171","172","260","371","N7","X7","X71"],"lines":"171, 172, 260, 371, N7, X7, X71"},"geometry":{"type":"LineString","coordinates":[[13.49644,52.41578],[13.495869,52.416018]]}},{"type":"Feature","properties":{"mode":"bus","n":6,"arr":["171","172","260","371","N7","X71"],"lines":"171, 172, 260, 371, N7, X71"},"geometry":{"type":"LineString","coordinates":[[13.495869,52.416018],[13.49525,52.416317],[13.494566,52.416689],[13.493825,52.41717],[13.493012,52.417782]]}},{"type":"Feature","properties":{"mode":"bus","n":5,"arr":["171","260","371","N7","X71"],"lines":"171, 260, 371, N7, X71"},"geometry":{"type":"LineString","coordinates":[[13.493012,52.417782],[13.492495,52.418174]]}},{"type":"Feature","properties":{"mode":"bus","n":5,"arr":["171","271","M11","N7","X71"],"lines":"171, 271, M11, N7, X71"},"geometry":{"type":"LineString","coordinates":[[13.485599,52.424131],[13.485454,52.424238]]}},{"type":"Feature","properties":{"mode":"bus","n":5,"arr":["171","172","M11","N7","X71"],"lines":"171, 172, M11, N7, X71"},"geometry":{"type":"LineString","coordinates":[[13.485454,52.424238],[13.483257,52.425864]]}},{"type":"Feature","properties":{"mode":"bus","n":5,"arr":["172","175","275","lds:743","M76"],"lines":"172, 175, 275, 743, M76"},"geometry":{"type":"LineString","coordinates":[[13.398638,52.386685],[13.400742,52.38668]]}},{"type":"Feature","properties":{"mode":"bus","n":5,"arr":["172","lds:743","N81","X76","X83"],"lines":"172, 743, N81, X76, X83"},"geometry":{"type":"LineString","coordinates":[[13.407517,52.393881],[13.40681,52.393843]]}},{"type":"Feature","properties":{"mode":"bus","n":5,"arr":["175","lds:743","N81","X76","X83"],"lines":"175, 743, N81, X76, X83"},"geometry":{"type":"LineString","coordinates":[[13.419533,52.394772],[13.412483,52.394401]]}},{"type":"Feature","properties":{"mode":"bus","n":7,"arr":["179","181","277","M76","M77","N77","X76"],"lines":"179, 181, 277, M76, M77, N77, X76"},"geometry":{"type":"LineString","coordinates":[[13.387394,52.440188],[13.387229,52.440159]]}},{"type":"Feature","properties":{"mode":"bus","n":6,"arr":["179","181","277","M76","M77","X76"],"lines":"179, 181, 277, M76, M77, X76"},"geometry":{"type":"LineString","coordinates":[[13.387229,52.440159],[13.382582,52.439394]]}},{"type":"Feature","properties":{"mode":"bus","n":7,"arr":["181","187","284","380","M82","N81","X83"],"lines":"181, 187, 284, 380, M82, N81, X83"},"geometry":{"type":"LineString","coordinates":[[13.342417,52.446941],[13.339387,52.444779]]}},{"type":"Feature","properties":{"mode":"bus","n":7,"arr":["181","187","284","380","M82","N81","X83"],"lines":"181, 187, 284, 380, M82, N81, X83"},"geometry":{"type":"LineString","coordinates":[[13.339054,52.444401],[13.339165,52.444493],[13.339362,52.444746],[13.339368,52.444756],[13.339371,52.444762],[13.33937,52.444764],[13.339366,52.444764],[13.339358,52.44476],[13.339346,52.444753],[13.338748,52.444372]]}},{"type":"Feature","properties":{"mode":"bus","n":6,"arr":["181","187","284","M82","N81","X83"],"lines":"181, 187, 284, M82, N81, X83"},"geometry":{"type":"LineString","coordinates":[[13.338748,52.444372],[13.338921,52.444308]]}},{"type":"Feature","properties":{"mode":"bus","n":7,"arr":["181","187","283","284","M82","N81","X83"],"lines":"181, 187, 283, 284, M82, N81, X83"},"geometry":{"type":"LineString","coordinates":[[13.338921,52.444308],[13.339899,52.443974],[13.340341,52.443788]]}},{"type":"Feature","properties":{"mode":"bus","n":7,"arr":["181","187","283","284","M82","N81","X83"],"lines":"181, 187, 283, 284, M82, N81, X83"},"geometry":{"type":"LineString","coordinates":[[13.345754,52.436352],[13.345329,52.436677],[13.342815,52.440295],[13.340673,52.443496],[13.340489,52.443686],[13.340146,52.443947],[13.339687,52.444175],[13.339054,52.444401]]}},{"type":"Feature","properties":{"mode":"bus","n":6,"arr":["181","187","283","284","M82","N81"],"lines":"181, 187, 283, 284, M82, N81"},"geometry":{"type":"LineString","coordinates":[[13.345329,52.436677],[13.345445,52.436446],[13.345633,52.436285]]}},{"type":"Feature","properties":{"mode":"bus","n":5,"arr":["181","187","283","M82","N81"],"lines":"181, 187, 283, M82, N81"},"geometry":{"type":"LineString","coordinates":[[13.345633,52.436285],[13.345746,52.436209]]}},{"type":"Feature","properties":{"mode":"bus","n":5,"arr":["181","283","M82","N81","X83"],"lines":"181, 283, M82, N81, X83"},"geometry":{"type":"LineString","coordinates":[[13.347091,52.435572],[13.345863,52.436274]]}},{"type":"Feature","properties":{"mode":"bus","n":5,"arr":["181","277","M77","N6","N77"],"lines":"181, 277, M77, N6, N77"},"geometry":{"type":"LineString","coordinates":[[13.387609,52.439],[13.387779,52.439025]]}},{"type":"Feature","properties":{"mode":"bus","n":5,"arr":["181","277","M77","N6","N77"],"lines":"181, 277, M77, N6, N77"},"geometry":{"type":"LineString","coordinates":[[13.388582,52.439162],[13.392112,52.439848]]}},{"type":"Feature","properties":{"mode":"bus","n":5,"arr":["181","277","M77","N6","N77"],"lines":"181, 277, M77, N6, N77"},"geometry":{"type":"LineString","coordinates":[[13.391766,52.440805],[13.39085,52.44074],[13.390365,52.440674],[13.387394,52.440188]]}},{"type":"Feature","properties":{"mode":"bus","n":6,"arr":["181","277","M77","N6","N77","X71"],"lines":"181, 277, M77, N6, N77, X71"},"geometry":{"type":"LineString","coordinates":[[13.387779,52.439025],[13.388582,52.439162]]}},{"type":"Feature","properties":{"mode":"bus","n":6,"arr":["181","283","284","M82","N81","X83"],"lines":"181, 283, 284, M82, N81, X83"},"geometry":{"type":"LineString","coordinates":[[13.345863,52.436274],[13.345754,52.436352]]}},{"type":"Feature","properties":{"mode":"bus","n":5,"arr":["184","284","M11","N84","X11"],"lines":"184, 284, M11, N84, X11"},"geometry":{"type":"LineString","coordinates":[[13.329727,52.429074],[13.328496,52.428777],[13.327941,52.428613],[13.327505,52.428389],[13.32664,52.427806],[13.326393,52.427781]]}},{"type":"Feature","properties":{"mode":"bus","n":5,"arr":["184","380","M11","N84","X11"],"lines":"184, 380, M11, N84, X11"},"geometry":{"type":"LineString","coordinates":[[13.326393,52.427781],[13.325603,52.42804]]}},{"type":"Feature","properties":{"mode":"bus","n":6,"arr":["184","BER2","pm:601","pm:620","pm:N13","pm:X1"],"lines":"184, BER2, 601, 620, N13, X1"},"geometry":{"type":"LineString","coordinates":[[13.268645,52.40057],[13.268412,52.400497],[13.268129,52.400458],[13.267519,52.400442],[13.267218,52.400472],[13.266863,52.400543],[13.265328,52.400956],[13.265157,52.400982],[13.261787,52.401166],[13.261252,52.401217],[13.259031,52.402028],[13.258839,52.402079],[13.258315,52.40214],[13.25784,52.402169],[13.257482,52.402144],[13.254875,52.401677],[13.254181,52.401522],[13.253907,52.401425],[13.252451,52.400804]]}},{"type":"Feature","properties":{"mode":"bus","n":9,"arr":["184","629","BER2","pm:601","pm:620","pm:624","pm:N13","pm:X1","X10"],"lines":"184, 629, BER2, 601, 620, 624, N13, X1, X10"},"geometry":{"type":"LineString","coordinates":[[13.245096,52.397696],[13.243565,52.397078]]}},{"type":"Feature","properties":{"mode":"bus","n":8,"arr":["184","629","BER2","pm:601","pm:620","pm:N13","pm:X1","X10"],"lines":"184, 629, BER2, 601, 620, N13, X1, X10"},"geometry":{"type":"LineString","coordinates":[[13.246234,52.39817],[13.246041,52.39809]]}},{"type":"Feature","properties":{"mode":"bus","n":6,"arr":["BER2","pm:601","pm:620","pm:N13","pm:X1","X10"],"lines":"BER2, 601, 620, N13, X1, X10"},"geometry":{"type":"LineString","coordinates":[[13.252324,52.400748],[13.246234,52.39817]]}},{"type":"Feature","properties":{"mode":"bus","n":7,"arr":["184","BER2","pm:601","pm:620","pm:N13","pm:X1","X10"],"lines":"184, BER2, 601, 620, N13, X1, X10"},"geometry":{"type":"LineString","coordinates":[[13.252451,52.400804],[13.252324,52.400748]]}},{"type":"Feature","properties":{"mode":"bus","n":5,"arr":["184","pm:601","pm:620","pm:N13","pm:X1"],"lines":"184, 601, 620, N13, X1"},"geometry":{"type":"LineString","coordinates":[[13.258558,52.40211],[13.258989,52.401978],[13.260653,52.401343],[13.261062,52.40123],[13.261252,52.401217]]}},{"type":"Feature","properties":{"mode":"bus","n":5,"arr":["186","282","M48","M85","N9"],"lines":"186, 282, M48, M85, N9"},"geometry":{"type":"LineString","coordinates":[[13.320654,52.456961],[13.322435,52.45876],[13.324883,52.46131]]}},{"type":"Feature","properties":{"mode":"bus","n":5,"arr":["186","282","M48","M85","N9"],"lines":"186, 282, M48, M85, N9"},"geometry":{"type":"LineString","coordinates":[[13.321195,52.457313],[13.325327,52.461604]]}},{"type":"Feature","properties":{"mode":"bus","n":8,"arr":["186","282","283","285","M48","M85","N9","N88"],"lines":"186, 282, 283, 285, M48, M85, N9, N88"},"geometry":{"type":"LineString","coordinates":[[13.320544,52.456859],[13.320654,52.456961]]}},{"type":"Feature","properties":{"mode":"bus","n":7,"arr":["186","283","285","M48","M85","N9","N88"],"lines":"186, 283, 285, M48, M85, N9, N88"},"geometry":{"type":"LineString","coordinates":[[13.319984,52.456292],[13.320544,52.456859]]}},{"type":"Feature","properties":{"mode":"bus","n":6,"arr":["186","283","285","M48","M85","N88"],"lines":"186, 283, 285, M48, M85, N88"},"geometry":{"type":"LineString","coordinates":[[13.318752,52.454769],[13.319537,52.455822],[13.319984,52.456292]]}},{"type":"Feature","properties":{"mode":"bus","n":5,"arr":["186","283","285","M85","N88"],"lines":"186, 283, 285, M85, N88"},"geometry":{"type":"LineString","coordinates":[[13.31865,52.454391],[13.318752,52.454769]]}},{"type":"Feature","properties":{"mode":"bus","n":6,"arr":["186","188","283","285","M85","N88"],"lines":"186, 188, 283, 285, M85, N88"},"geometry":{"type":"LineString","coordinates":[[13.319527,52.452775],[13.319529,52.452942],[13.319479,52.453082],[13.318633,52.454067],[13.3186,52.454225],[13.31865,52.454391]]}},{"type":"Feature","properties":{"mode":"bus","n":6,"arr":["186","188","283","285","M85","N88"],"lines":"186, 188, 283, 285, M85, N88"},"geometry":{"type":"LineString","coordinates":[[13.319755,52.452836],[13.319754,52.452946],[13.319681,52.453129],[13.319186,52.453803],[13.319111,52.454021],[13.319095,52.454378]]}},{"type":"Feature","properties":{"mode":"bus","n":7,"arr":["186","188","283","285","M48","M85","N88"],"lines":"186, 188, 283, 285, M48, M85, N88"},"geometry":{"type":"LineString","coordinates":[[13.319095,52.454378],[13.319101,52.454503],[13.319202,52.454842],[13.319466,52.455367],[13.319753,52.455776],[13.320109,52.456195],[13.320724,52.456796]]}},{"type":"Feature","properties":{"mode":"bus","n":5,"arr":["187","248","M43","M48","M85"],"lines":"187, 248, M43, M48, M85"},"geometry":{"type":"LineString","coordinates":[[13.348501,52.48182],[13.348372,52.481725]]}},{"type":"Feature","properties":{"mode":"bus","n":5,"arr":["188","283","285","M85","N88"],"lines":"188, 283, 285, M85, N88"},"geometry":{"type":"LineString","coordinates":[[13.315255,52.449528],[13.315362,52.450296],[13.315499,52.450488],[13.315607,52.450578],[13.315813,52.450696],[13.318913,52.45218],[13.319109,52.452297],[13.319317,52.452481],[13.319527,52.452775]]}},{"type":"Feature","properties":{"mode":"bus","n":5,"arr":["188","283","285","M85","N88"],"lines":"188, 283, 285, M85, N88"},"geometry":{"type":"LineString","coordinates":[[13.315499,52.449609],[13.315617,52.450279],[13.315786,52.45049],[13.319125,52.452099],[13.319315,52.452221],[13.31955,52.452451],[13.319691,52.45267],[13.319755,52.452836]]}},{"type":"Feature","properties":{"mode":"bus","n":6,"arr":["188","282","283","285","N88","X83"],"lines":"188, 282, 283, 285, N88, X83"},"geometry":{"type":"LineString","coordinates":[[13.322258,52.456479],[13.321554,52.456586],[13.320724,52.456796]]}},{"type":"Feature","properties":{"mode":"bus","n":9,"arr":["188","282","283","284","285","380","M82","N88","X83"],"lines":"188, 282, 283, 284, 285, 380, M82, N88, X83"},"geometry":{"type":"LineString","coordinates":[[13.322572,52.456434],[13.322258,52.456479]]}},{"type":"Feature","properties":{"mode":"bus","n":5,"arr":["191","192","195","291","X54"],"lines":"191, 192, 195, 291, X54"},"geometry":{"type":"LineString","coordinates":[[13.542925,52.542367],[13.543041,52.542331]]}},{"type":"Feature","properties":{"mode":"bus","n":6,"arr":["191","197","291","N5","N91","T9"],"lines":"191, 197, 291, N5, N91, T9"},"geometry":{"type":"LineString","coordinates":[[13.587262,52.523489],[13.587211,52.522694],[13.587322,52.522201],[13.587452,52.521799],[13.588177,52.52012]]}},{"type":"Feature","properties":{"mode":"bus","n":6,"arr":["191","197","291","N5","N91","T9"],"lines":"191, 197, 291, N5, N91, T9"},"geometry":{"type":"LineString","coordinates":[[13.588364,52.520098],[13.587504,52.522163],[13.587395,52.522743],[13.587422,52.523449]]}},{"type":"Feature","properties":{"mode":"bus","n":7,"arr":["191","197","269","291","N5","N91","T9"],"lines":"191, 197, 269, 291, N5, N91, T9"},"geometry":{"type":"LineString","coordinates":[[13.588177,52.52012],[13.588479,52.519469],[13.588656,52.518954],[13.588944,52.517732],[13.588951,52.517609],[13.588897,52.517497]]}},{"type":"Feature","properties":{"mode":"bus","n":7,"arr":["191","197","269","291","N5","N91","T9"],"lines":"191, 197, 269, 291, N5, N91, T9"},"geometry":{"type":"LineString","coordinates":[[13.588997,52.517428],[13.589096,52.517583],[13.58911,52.517707],[13.588848,52.518889],[13.588722,52.519289],[13.588364,52.520098]]}},{"type":"Feature","properties":{"mode":"bus","n":7,"arr":["191","291","N5","N62","N64","N91","T9"],"lines":"191, 291, N5, N62, N64, N91, T9"},"geometry":{"type":"LineString","coordinates":[[13.588897,52.517497],[13.588811,52.517431],[13.58147,52.513966],[13.580636,52.513605],[13.579875,52.513394],[13.579091,52.513267],[13.578048,52.513233],[13.576305,52.513213]]}},{"type":"Feature","properties":{"mode":"bus","n":7,"arr":["191","291","N5","N62","N64","N91","T9"],"lines":"191, 291, N5, N62, N64, N91, T9"},"geometry":{"type":"LineString","coordinates":[[13.576309,52.513151],[13.578591,52.513171],[13.579114,52.513198],[13.57973,52.513277],[13.580049,52.513342],[13.580728,52.513539],[13.581547,52.513899],[13.588687,52.517252],[13.588997,52.517428]]}},{"type":"Feature","properties":{"mode":"bus","n":7,"arr":["191","291","N5","N62","N64","N91","N96"],"lines":"191, 291, N5, N62, N64, N91, N96"},"geometry":{"type":"LineString","coordinates":[[13.576305,52.513213],[13.575852,52.513208]]}},{"type":"Feature","properties":{"mode":"bus","n":6,"arr":["191","291","N62","N64","N91","T9"],"lines":"191, 291, N62, N64, N91, T9"},"geometry":{"type":"LineString","coordinates":[[13.575852,52.513208],[13.575707,52.513177],[13.574958,52.513165],[13.574872,52.513134]]}},{"type":"Feature","properties":{"mode":"bus","n":8,"arr":["191","291","N5","N62","N64","N91","N96","T9"],"lines":"191, 291, N5, N62, N64, N91, N96, T9"},"geometry":{"type":"LineString","coordinates":[[13.574872,52.513134],[13.574872,52.513048],[13.574911,52.512986],[13.574989,52.512933],[13.575144,52.512907]]}},{"type":"Feature","properties":{"mode":"bus","n":8,"arr":["191","291","N5","N62","N64","N91","N96","T9"],"lines":"191, 291, N5, N62, N64, N91, N96, T9"},"geometry":{"type":"LineString","coordinates":[[13.575986,52.512882],[13.576149,52.512878],[13.576236,52.512912],[13.576272,52.512934],[13.576287,52.512964],[13.576309,52.513151]]}},{"type":"Feature","properties":{"mode":"bus","n":5,"arr":["195","395","N5","N95","T9"],"lines":"195, 395, N5, N95, T9"},"geometry":{"type":"LineString","coordinates":[[13.623839,52.529939],[13.625952,52.529245],[13.625977,52.529241],[13.625998,52.529244],[13.626015,52.529256],[13.626035,52.529277],[13.626044,52.529292],[13.626039,52.529305],[13.62602,52.529317],[13.624631,52.52989]]}},{"type":"Feature","properties":{"mode":"bus","n":6,"arr":["195","197","395","398","N62","N95"],"lines":"195, 197, 395, 398, N62, N95"},"geometry":{"type":"LineString","coordinates":[[13.61238,52.511301],[13.612239,52.511773],[13.612179,52.512175],[13.612241,52.512575],[13.612227,52.513379],[13.612122,52.513855],[13.612014,52.514092]]}},{"type":"Feature","properties":{"mode":"bus","n":5,"arr":["195","395","398","N62","N95"],"lines":"195, 395, 398, N62, N95"},"geometry":{"type":"LineString","coordinates":[[13.612531,52.510858],[13.61238,52.511301]]}},{"type":"Feature","properties":{"mode":"bus","n":5,"arr":["200","300","bvg:N2","M48","M85"],"lines":"200, 300, N2, M48, M85"},"geometry":{"type":"LineString","coordinates":[[13.371905,52.509042],[13.376352,52.509394],[13.376792,52.509449]]}},{"type":"Feature","properties":{"mode":"bus","n":5,"arr":["200","300","bvg:N2","M48","M85"],"lines":"200, 300, N2, M48, M85"},"geometry":{"type":"LineString","coordinates":[[13.376582,52.50959],[13.3711,52.509177],[13.370884,52.509143],[13.370697,52.509086],[13.370049,52.50877]]}},{"type":"Feature","properties":{"mode":"bus","n":5,"arr":["200","300","bvg:N2","M48","M85"],"lines":"200, 300, N2, M48, M85"},"geometry":{"type":"LineString","coordinates":[[13.369913,52.508701],[13.369718,52.5086]]}},{"type":"Feature","properties":{"mode":"bus","n":6,"arr":["200","248","bvg:N2","N8","N40","N42"],"lines":"200, 248, N2, N8, N40, N42"},"geometry":{"type":"LineString","coordinates":[[13.408703,52.516391],[13.408959,52.516643],[13.409024,52.516769],[13.40903,52.516909],[13.408924,52.517113],[13.408557,52.517439]]}},{"type":"Feature","properties":{"mode":"bus","n":5,"arr":["200","bvg:N2","N8","N40","N42"],"lines":"200, N2, N8, N40, N42"},"geometry":{"type":"LineString","coordinates":[[13.408557,52.517439],[13.408442,52.517534]]}},{"type":"Feature","properties":{"mode":"bus","n":6,"arr":["200","300","bvg:N2","N8","N40","N42"],"lines":"200, 300, N2, N8, N40, N42"},"geometry":{"type":"LineString","coordinates":[[13.408442,52.517534],[13.407079,52.518525],[13.406743,52.518748],[13.406571,52.518816]]}},{"type":"Feature","properties":{"mode":"bus","n":6,"arr":["200","300","bvg:N2","N8","N40","N42"],"lines":"200, 300, N2, N8, N40, N42"},"geometry":{"type":"LineString","coordinates":[[13.405759,52.519392],[13.405675,52.519518],[13.404987,52.520013]]}},{"type":"Feature","properties":{"mode":"bus","n":8,"arr":["200","300","bvg:N2","N8","N40","N42","N60","N65"],"lines":"200, 300, N2, N8, N40, N42, N60, N65"},"geometry":{"type":"LineString","coordinates":[[13.404811,52.519918],[13.405346,52.519573],[13.405759,52.519392],[13.406571,52.518816],[13.406606,52.518695],[13.407756,52.5179],[13.408315,52.517475]]}},{"type":"Feature","properties":{"mode":"bus","n":5,"arr":["200","N5","N40","N60","N65"],"lines":"200, N5, N40, N60, N65"},"geometry":{"type":"LineString","coordinates":[[13.412359,52.524069],[13.412417,52.524121]]}},{"type":"Feature","properties":{"mode":"bus","n":6,"arr":["200","bvg:N2","N5","N40","N60","N65"],"lines":"200, N2, N5, N40, N60, N65"},"geometry":{"type":"LineString","coordinates":[[13.4119,52.524027],[13.412092,52.524182]]}},{"type":"Feature","properties":{"mode":"bus","n":8,"arr":["200","bvg:N2","N5","N8","N40","N42","N60","N65"],"lines":"200, N2, N5, N8, N40, N42, N60, N65"},"geometry":{"type":"LineString","coordinates":[[13.411736,52.523895],[13.411314,52.523596]]}},{"type":"Feature","properties":{"mode":"bus","n":6,"arr":["200","bvg:N2","N5","N8","N40","N42"],"lines":"200, N2, N5, N8, N40, N42"},"geometry":{"type":"LineString","coordinates":[[13.411314,52.523596],[13.41086,52.523304]]}},{"type":"Feature","properties":{"mode":"bus","n":6,"arr":["200","bvg:N2","N5","N8","N40","N42"],"lines":"200, N2, N5, N8, N40, N42"},"geometry":{"type":"LineString","coordinates":[[13.410248,52.522913],[13.409986,52.522749]]}},{"type":"Feature","properties":{"mode":"bus","n":5,"arr":["200","bvg:N2","N5","N8","N40"],"lines":"200, N2, N5, N8, N40"},"geometry":{"type":"LineString","coordinates":[[13.41086,52.523304],[13.410248,52.522913]]}},{"type":"Feature","properties":{"mode":"bus","n":7,"arr":["200","bvg:N2","N8","N40","N42","N60","N65"],"lines":"200, N2, N8, N40, N42, N60, N65"},"geometry":{"type":"LineString","coordinates":[[13.404628,52.520044],[13.404811,52.519918]]}},{"type":"Feature","properties":{"mode":"bus","n":9,"arr":["200","248","300","bvg:N2","N8","N40","N42","N60","N65"],"lines":"200, 248, 300, N2, N8, N40, N42, N60, N65"},"geometry":{"type":"LineString","coordinates":[[13.408315,52.517475],[13.40839,52.517377]]}},{"type":"Feature","properties":{"mode":"bus","n":8,"arr":["200","248","bvg:N2","N8","N40","N42","N60","N65"],"lines":"200, 248, N2, N8, N40, N42, N60, N65"},"geometry":{"type":"LineString","coordinates":[[13.40839,52.517377],[13.408463,52.51725],[13.408698,52.517034],[13.408787,52.516906],[13.408739,52.516744],[13.408452,52.516501]]}},{"type":"Feature","properties":{"mode":"bus","n":6,"arr":["204","249","M19","M29","N3","N9"],"lines":"204, 249, M19, M29, N3, N9"},"geometry":{"type":"LineString","coordinates":[[13.330932,52.500544],[13.330995,52.500936],[13.330933,52.501019]]}},{"type":"Feature","properties":{"mode":"bus","n":6,"arr":["204","249","M19","M29","N3","N9"],"lines":"204, 249, M19, M29, N3, N9"},"geometry":{"type":"LineString","coordinates":[[13.331205,52.502671],[13.33128,52.502938],[13.331418,52.503753]]}},{"type":"Feature","properties":{"mode":"bus","n":7,"arr":["204","249","M19","M29","N3","N7X","N9"],"lines":"204, 249, M19, M29, N3, N7X, N9"},"geometry":{"type":"LineString","coordinates":[[13.330933,52.501019],[13.331205,52.502671]]}},{"type":"Feature","properties":{"mode":"bus","n":11,"arr":["204","249","bvg:N1","bvg:N2","M19","M29","M46","N3","N7X","N9","N26"],"lines":"204, 249, N1, N2, M19, M29, M46, N3, N7X, N9, N26"},"geometry":{"type":"LineString","coordinates":[[13.331235,52.503875],[13.33121,52.50371]]}},{"type":"Feature","properties":{"mode":"bus","n":5,"arr":["204","249","N3","N7X","N9"],"lines":"204, 249, N3, N7X, N9"},"geometry":{"type":"LineString","coordinates":[[13.33121,52.50371],[13.331156,52.503042],[13.331205,52.502671]]}},{"type":"Feature","properties":{"mode":"bus","n":5,"arr":["204","249","N3","N7X","N9"],"lines":"204, 249, N3, N7X, N9"},"geometry":{"type":"LineString","coordinates":[[13.330781,52.500539],[13.330851,52.50094],[13.330933,52.501019]]}},{"type":"Feature","properties":{"mode":"bus","n":5,"arr":["218","349","M49","X34","X49"],"lines":"218, 349, M49, X34, X49"},"geometry":{"type":"LineString","coordinates":[[13.258085,52.508501],[13.268446,52.509127],[13.270051,52.509205],[13.270966,52.509167],[13.271143,52.509146],[13.271616,52.509036]]}},{"type":"Feature","properties":{"mode":"bus","n":5,"arr":["218","349","M49","X34","X49"],"lines":"218, 349, M49, X34, X49"},"geometry":{"type":"LineString","coordinates":[[13.25826,52.5084],[13.258281,52.508514]]}},{"type":"Feature","properties":{"mode":"bus","n":5,"arr":["240","N5","N50","N56","N94"],"lines":"240, N5, N50, N56, N94"},"geometry":{"type":"LineString","coordinates":[[13.489809,52.512063],[13.491808,52.511862]]}},{"type":"Feature","properties":{"mode":"bus","n":6,"arr":["259","899","bbg:892","bbg:893","bbg:901","bvg:893"],"lines":"259, 899, 892, 893, 901, 893"},"geometry":{"type":"LineString","coordinates":[[13.543972,52.62549],[13.543952,52.62537]]}},{"type":"Feature","properties":{"mode":"bus","n":7,"arr":["259","871","899","bbg:892","bbg:893","bbg:901","bvg:893"],"lines":"259, 871, 899, 892, 893, 901, 893"},"geometry":{"type":"LineString","coordinates":[[13.545902,52.62977],[13.545586,52.629275],[13.544283,52.626866],[13.544102,52.626361],[13.543972,52.62549]]}},{"type":"Feature","properties":{"mode":"bus","n":6,"arr":["259","871","899","bbg:893","bbg:901","bvg:893"],"lines":"259, 871, 899, 893, 901, 893"},"geometry":{"type":"LineString","coordinates":[[13.546431,52.630271],[13.546157,52.630042],[13.545902,52.62977]]}},{"type":"Feature","properties":{"mode":"bus","n":5,"arr":["259","871","899","bbg:893","bvg:893"],"lines":"259, 871, 899, 893, 893"},"geometry":{"type":"LineString","coordinates":[[13.51941,52.63133],[13.540007,52.625883],[13.540781,52.625745],[13.543107,52.625506],[13.543972,52.62549]]}},{"type":"Feature","properties":{"mode":"bus","n":5,"arr":["260","lds:741","N60","X7","X71"],"lines":"260, 741, N60, X7, X71"},"geometry":{"type":"LineString","coordinates":[[13.518731,52.397268],[13.51803,52.39697]]}},{"type":"Feature","properties":{"mode":"bus","n":5,"arr":["260","lds:741","N60","X7","X71"],"lines":"260, 741, N60, X7, X71"},"geometry":{"type":"LineString","coordinates":[[13.518993,52.397251],[13.518923,52.397228]]}},{"type":"Feature","properties":{"mode":"bus","n":6,"arr":["263","735","736","738","lds:741","N36"],"lines":"263, 735, 736, 738, 741, N36"},"geometry":{"type":"LineString","coordinates":[[13.555154,52.365522],[13.552888,52.367179],[13.552236,52.367837],[13.551758,52.368477],[13.551464,52.368818]]}},{"type":"Feature","properties":{"mode":"bus","n":6,"arr":["263","BER2","lds:741","N7","N7X","N60"],"lines":"263, BER2, 741, N7, N7X, N60"},"geometry":{"type":"LineString","coordinates":[[13.52902,52.368786],[13.528431,52.368683],[13.528192,52.368679],[13.52786,52.36872],[13.527595,52.368796],[13.527431,52.368872],[13.526983,52.369217]]}},{"type":"Feature","properties":{"mode":"bus","n":9,"arr":["263","735","736","BER2","lds:741","N7","N7X","N36","N60"],"lines":"263, 735, 736, BER2, 741, N7, N7X, N36, N60"},"geometry":{"type":"LineString","coordinates":[[13.526983,52.369217],[13.526784,52.369381],[13.526486,52.369546],[13.526109,52.369654],[13.525841,52.369681],[13.52563,52.369677],[13.525321,52.369633],[13.524922,52.369542],[13.517777,52.367849],[13.517039,52.367845],[13.516505,52.367736],[13.516292,52.367725],[13.5161,52.367792],[13.515742,52.36807],[13.515528,52.36815],[13.515253,52.36819],[13.514967,52.368173],[13.513994,52.367949]]}},{"type":"Feature","properties":{"mode":"bus","n":11,"arr":["263","735","736","BER2","lds:741","N7","N7X","N36","N60","X7","X71"],"lines":"263, 735, 736, BER2, 741, N7, N7X, N36, N60, X7, X71"},"geometry":{"type":"LineString","coordinates":[[13.513994,52.367949],[13.512251,52.367519],[13.509851,52.366789],[13.508834,52.366553],[13.508747,52.366481],[13.50874,52.366417],[13.508916,52.366136]]}},{"type":"Feature","properties":{"mode":"bus","n":9,"arr":["263","735","736","BER2","lds:741","N36","N60","X7","X71"],"lines":"263, 735, 736, BER2, 741, N36, N60, X7, X71"},"geometry":{"type":"LineString","coordinates":[[13.508916,52.366136],[13.508981,52.366025]]}},{"type":"Feature","properties":{"mode":"bus","n":6,"arr":["263","BER2","lds:741","N60","X7","X71"],"lines":"263, BER2, 741, N60, X7, X71"},"geometry":{"type":"LineString","coordinates":[[13.508981,52.366025],[13.509204,52.365679]]}},{"type":"Feature","properties":{"mode":"bus","n":5,"arr":["263","BER2","lds:741","X7","X71"],"lines":"263, BER2, 741, X7, X71"},"geometry":{"type":"LineString","coordinates":[[13.509204,52.365679],[13.509342,52.365461]]}},{"type":"Feature","properties":{"mode":"bus","n":6,"arr":["263","735","736","N36","X7","X71"],"lines":"263, 735, 736, N36, X7, X71"},"geometry":{"type":"LineString","coordinates":[[13.510664,52.363357],[13.511006,52.362779]]}},{"type":"Feature","properties":{"mode":"bus","n":7,"arr":["263","735","736","BER2","N36","X7","X71"],"lines":"263, 735, 736, BER2, N36, X7, X71"},"geometry":{"type":"LineString","coordinates":[[13.511006,52.362779],[13.511083,52.362707],[13.511255,52.362672],[13.511353,52.36268],[13.511603,52.362754]]}},{"type":"Feature","properties":{"mode":"bus","n":6,"arr":["263","735","736","N7","N36","N60"],"lines":"263, 735, 736, N7, N36, N60"},"geometry":{"type":"LineString","coordinates":[[13.511729,52.362578],[13.511603,52.362754]]}},{"type":"Feature","properties":{"mode":"bus","n":6,"arr":["263","735","736","N7","N36","N60"],"lines":"263, 735, 736, N7, N36, N60"},"geometry":{"type":"LineString","coordinates":[[13.516062,52.363451],[13.516288,52.363505]]}},{"type":"Feature","properties":{"mode":"bus","n":5,"arr":["277","377","M44","M77","N77"],"lines":"277, 377, M44, M77, N77"},"geometry":{"type":"LineString","coordinates":[[13.431442,52.467179],[13.43155,52.467002],[13.431685,52.466901]]}},{"type":"Feature","properties":{"mode":"bus","n":5,"arr":["277","377","M44","M77","N77"],"lines":"277, 377, M44, M77, N77"},"geometry":{"type":"LineString","coordinates":[[13.431393,52.467509],[13.431682,52.467032],[13.431685,52.466901],[13.432904,52.464685]]}},{"type":"Feature","properties":{"mode":"bus","n":6,"arr":["277","283","710","M11","tf:711","X11"],"lines":"277, 283, 710, M11, 711, X11"},"geometry":{"type":"LineString","coordinates":[[13.380507,52.410554],[13.381265,52.410819],[13.381651,52.410924],[13.382777,52.411131]]}},{"type":"Feature","properties":{"mode":"bus","n":6,"arr":["277","283","710","M11","tf:711","X11"],"lines":"277, 283, 710, M11, 711, X11"},"geometry":{"type":"LineString","coordinates":[[13.376105,52.409126],[13.376503,52.409173],[13.377276,52.409314],[13.377984,52.409481],[13.378443,52.409622],[13.379037,52.40984],[13.380085,52.410305],[13.380465,52.410529],[13.380476,52.410536],[13.380482,52.410541],[13.380483,52.410544],[13.380478,52.410545],[13.380468,52.410543],[13.380453,52.410539],[13.380052,52.410428]]}},{"type":"Feature","properties":{"mode":"bus","n":5,"arr":["277","710","M11","tf:711","X11"],"lines":"277, 710, M11, 711, X11"},"geometry":{"type":"LineString","coordinates":[[13.37625,52.409259],[13.377054,52.409382],[13.377864,52.409577],[13.37868,52.409839],[13.380052,52.410428]]}},{"type":"Feature","properties":{"mode":"bus","n":6,"arr":["277","710","M11","tf:711","X11","X83"],"lines":"277, 710, M11, 711, X11, X83"},"geometry":{"type":"LineString","coordinates":[[13.376057,52.409235],[13.37625,52.409259]]}},{"type":"Feature","properties":{"mode":"bus","n":6,"arr":["277","710","M11","tf:711","X11","X83"],"lines":"277, 710, M11, 711, X11, X83"},"geometry":{"type":"LineString","coordinates":[[13.366346,52.41064],[13.367745,52.410095],[13.368608,52.409796],[13.369883,52.409446],[13.370948,52.409242],[13.372063,52.409091],[13.373311,52.409004],[13.37399,52.40899],[13.375025,52.409018],[13.376105,52.409126]]}},{"type":"Feature","properties":{"mode":"bus","n":6,"arr":["277","377","M44","M77","N8","N77"],"lines":"277, 377, M44, M77, N8, N77"},"geometry":{"type":"LineString","coordinates":[[13.431393,52.467509],[13.431158,52.467902],[13.431027,52.467983],[13.430724,52.468465]]}},{"type":"Feature","properties":{"mode":"bus","n":5,"arr":["282","284","380","M82","X83"],"lines":"282, 284, 380, M82, X83"},"geometry":{"type":"LineString","coordinates":[[13.322572,52.456434],[13.323292,52.456354]]}},{"type":"Feature","properties":{"mode":"bus","n":5,"arr":["282","284","380","M82","X83"],"lines":"282, 284, 380, M82, X83"},"geometry":{"type":"LineString","coordinates":[[13.330526,52.453424],[13.330823,52.453221],[13.331377,52.452944],[13.33546,52.45132],[13.335797,52.451215],[13.336355,52.451108],[13.337261,52.451047]]}},{"type":"Feature","properties":{"mode":"bus","n":5,"arr":["282","284","380","M82","X83"],"lines":"282, 284, 380, M82, X83"},"geometry":{"type":"LineString","coordinates":[[13.338069,52.451102],[13.336439,52.451204],[13.335966,52.451292],[13.335579,52.451405],[13.331518,52.453048],[13.330757,52.453377],[13.330682,52.453407],[13.330526,52.453424],[13.330309,52.453532],[13.323072,52.456458],[13.322708,52.456538]]}},{"type":"Feature","properties":{"mode":"bus","n":5,"arr":["282","283","285","N88","X83"],"lines":"282, 283, 285, N88, X83"},"geometry":{"type":"LineString","coordinates":[[13.322708,52.456538],[13.321467,52.456737],[13.320826,52.456909]]}},{"type":"Feature","properties":{"mode":"bus","n":5,"arr":["395","943","mol:941","N5","T9"],"lines":"395, 943, 941, N5, T9"},"geometry":{"type":"LineString","coordinates":[[13.63517,52.538343],[13.631327,52.534504]]}},{"type":"Feature","properties":{"mode":"bus","n":5,"arr":["395","943","mol:935","mol:941","T9"],"lines":"395, 943, 935, 941, T9"},"geometry":{"type":"LineString","coordinates":[[13.638626,52.541077],[13.6378,52.540746],[13.637403,52.540518],[13.635872,52.539022]]}},{"type":"Feature","properties":{"mode":"bus","n":10,"arr":["400","458","461","los:401","los:451","los:452","los:453","los:460","los:463","los:464"],"lines":"400, 458, 461, 401, 451, 452, 453, 460, 463, 464"},"geometry":{"type":"LineString","coordinates":[[14.657599,52.148545],[14.657448,52.147893],[14.657407,52.147326]]}},{"type":"Feature","properties":{"mode":"bus","n":9,"arr":["400","461","los:401","los:451","los:452","los:453","los:460","los:463","los:464"],"lines":"400, 461, 401, 451, 452, 453, 460, 463, 464"},"geometry":{"type":"LineString","coordinates":[[14.652136,52.148202],[14.657407,52.147326]]}},{"type":"Feature","properties":{"mode":"bus","n":8,"arr":["400","461","los:401","los:451","los:452","los:460","los:463","los:464"],"lines":"400, 461, 401, 451, 452, 460, 463, 464"},"geometry":{"type":"LineString","coordinates":[[14.63885,52.150484],[14.645019,52.149339],[14.648408,52.14883],[14.652136,52.148202]]}},{"type":"Feature","properties":{"mode":"bus","n":7,"arr":["400","461","los:401","los:451","los:452","los:463","los:464"],"lines":"400, 461, 401, 451, 452, 463, 464"},"geometry":{"type":"LineString","coordinates":[[14.630607,52.15206],[14.63885,52.150484]]}},{"type":"Feature","properties":{"mode":"bus","n":8,"arr":["400","461","los:401","los:451","los:452","los:453","los:463","los:464"],"lines":"400, 461, 401, 451, 452, 453, 463, 464"},"geometry":{"type":"LineString","coordinates":[[14.630902,52.152549],[14.630627,52.152094],[14.63061,52.152076],[14.630584,52.152068],[14.63055,52.15207],[14.628703,52.152378],[14.6272,52.152587]]}},{"type":"Feature","properties":{"mode":"bus","n":8,"arr":["400","461","los:401","los:451","los:452","los:453","los:463","los:464"],"lines":"400, 461, 401, 451, 452, 453, 463, 464"},"geometry":{"type":"LineString","coordinates":[[14.631408,52.152454],[14.630958,52.152538],[14.630928,52.152548],[14.630912,52.152564],[14.63091,52.152585],[14.630978,52.152887],[14.631082,52.153073],[14.631142,52.153097],[14.631305,52.153103],[14.631683,52.15304]]}},{"type":"Feature","properties":{"mode":"bus","n":5,"arr":["400","461","los:401","los:463","los:464"],"lines":"400, 461, 401, 463, 464"},"geometry":{"type":"LineString","coordinates":[[14.631515,52.152434],[14.631408,52.152454]]}},{"type":"Feature","properties":{"mode":"bus","n":5,"arr":["400","461","los:401","los:463","los:464"],"lines":"400, 461, 401, 463, 464"},"geometry":{"type":"LineString","coordinates":[[14.631683,52.15304],[14.631793,52.153018]]}},{"type":"Feature","properties":{"mode":"bus","n":6,"arr":["400","los:451","los:452","los:453","los:463","los:464"],"lines":"400, 451, 452, 453, 463, 464"},"geometry":{"type":"LineString","coordinates":[[14.623362,52.15318],[14.623725,52.153066],[14.624055,52.152993],[14.6272,52.152587]]}},{"type":"Feature","properties":{"mode":"bus","n":5,"arr":["400","los:451","los:452","los:453","los:463"],"lines":"400, 451, 452, 453, 463"},"geometry":{"type":"LineString","coordinates":[[14.623207,52.153254],[14.623362,52.15318]]}},{"type":"Feature","properties":{"mode":"bus","n":6,"arr":["400","402","404","409","los:401","los:459"],"lines":"400, 402, 404, 409, 401, 459"},"geometry":{"type":"LineString","coordinates":[[14.251152,52.177459],[14.250857,52.177428]]}},{"type":"Feature","properties":{"mode":"bus","n":9,"arr":["400","402","404","409","430","440","los:401","los:403","los:459"],"lines":"400, 402, 404, 409, 430, 440, 401, 403, 459"},"geometry":{"type":"LineString","coordinates":[[14.250857,52.177428],[14.250559,52.177397]]}},{"type":"Feature","properties":{"mode":"bus","n":9,"arr":["400","458","los:401","los:451","los:452","los:453","los:460","los:463","los:464"],"lines":"400, 458, 401, 451, 452, 453, 460, 463, 464"},"geometry":{"type":"LineString","coordinates":[[14.657426,52.147728],[14.657878,52.147733],[14.657899,52.147736],[14.657915,52.147744],[14.65794,52.147765],[14.657957,52.147858]]}},{"type":"Feature","properties":{"mode":"bus","n":7,"arr":["402","404","409","430","440","los:403","los:459"],"lines":"402, 404, 409, 430, 440, 403, 459"},"geometry":{"type":"LineString","coordinates":[[14.242118,52.173634],[14.244166,52.172861],[14.244338,52.172842],[14.244483,52.172861],[14.244995,52.172987],[14.24505,52.172994],[14.245104,52.172986],[14.246799,52.17251],[14.246827,52.172498],[14.246839,52.172481],[14.246834,52.172461],[14.246515,52.171871],[14.245521,52.170337],[14.244987,52.16993]]}},{"type":"Feature","properties":{"mode":"bus","n":6,"arr":["402","404","409","430","440","los:459"],"lines":"402, 404, 409, 430, 440, 459"},"geometry":{"type":"LineString","coordinates":[[14.242118,52.173634],[14.240556,52.17208],[14.240544,52.17206],[14.24055,52.172043],[14.240572,52.172028],[14.242401,52.171201],[14.244987,52.16993]]}},{"type":"Feature","properties":{"mode":"bus","n":5,"arr":["402","404","cb:21","lds:517","lds:519"],"lines":"402, 404, 21, 517, 519"},"geometry":{"type":"LineString","coordinates":[[14.300781,51.988452],[14.300479,51.988546],[14.300459,51.98855],[14.30044,51.988549],[14.300422,51.988542],[14.300375,51.988516],[14.300312,51.988429]]}},{"type":"Feature","properties":{"mode":"bus","n":6,"arr":["402","404","cb:21","lds:510","lds:517","lds:519"],"lines":"402, 404, 21, 510, 517, 519"},"geometry":{"type":"LineString","coordinates":[[14.300249,51.988344],[14.300243,51.988292],[14.300245,51.988275],[14.300259,51.988263],[14.300282,51.988254],[14.300498,51.988205]]}},{"type":"Feature","properties":{"mode":"bus","n":5,"arr":["402","404","cb:21","lds:510","lds:519"],"lines":"402, 404, 21, 510, 519"},"geometry":{"type":"LineString","coordinates":[[14.300498,51.988205],[14.300541,51.988196],[14.30055,51.988193],[14.300556,51.988189],[14.300557,51.988184],[14.300554,51.988177],[14.300202,51.987685],[14.300077,51.987432],[14.299926,51.986969],[14.299525,51.986271]]}},{"type":"Feature","properties":{"mode":"bus","n":5,"arr":["402","404","cb:21","lds:510","lds:519"],"lines":"402, 404, 21, 510, 519"},"geometry":{"type":"LineString","coordinates":[[14.299355,51.985727],[14.299414,51.98531]]}},{"type":"Feature","properties":{"mode":"bus","n":5,"arr":["402","404","cb:21","lds:510","lds:519"],"lines":"402, 404, 21, 510, 519"},"geometry":{"type":"LineString","coordinates":[[14.299523,51.984195],[14.29958,51.983343]]}},{"type":"Feature","properties":{"mode":"bus","n":5,"arr":["402","404","lds:508","lds:510","lds:519"],"lines":"402, 404, 508, 510, 519"},"geometry":{"type":"LineString","coordinates":[[14.187134,52.009327],[14.183478,52.010931]]}},{"type":"Feature","properties":{"mode":"bus","n":7,"arr":["402","404","513","lds:508","lds:509","lds:510","lds:519"],"lines":"402, 404, 513, 508, 509, 510, 519"},"geometry":{"type":"LineString","coordinates":[[14.183478,52.010931],[14.183345,52.010989]]}},{"type":"Feature","properties":{"mode":"bus","n":7,"arr":["402","404","513","lds:508","lds:509","lds:510","lds:519"],"lines":"402, 404, 513, 508, 509, 510, 519"},"geometry":{"type":"LineString","coordinates":[[14.18325,52.01126],[14.182619,52.012026]]}},{"type":"Feature","properties":{"mode":"bus","n":7,"arr":["402","513","516","lds:508","lds:509","lds:510","lds:518"],"lines":"402, 513, 516, 508, 509, 510, 518"},"geometry":{"type":"LineString","coordinates":[[14.178103,52.014981],[14.177973,52.014789],[14.177769,52.01424]]}},{"type":"Feature","properties":{"mode":"bus","n":8,"arr":["402","404","513","lds:508","lds:509","lds:510","lds:518","lds:519"],"lines":"402, 404, 513, 508, 509, 510, 518, 519"},"geometry":{"type":"LineString","coordinates":[[14.182619,52.012026],[14.181438,52.01348],[14.180899,52.013859],[14.179906,52.014382],[14.178103,52.014981]]}},{"type":"Feature","properties":{"mode":"bus","n":5,"arr":["404","516","lds:510","lds:518","lds:519"],"lines":"404, 516, 510, 518, 519"},"geometry":{"type":"LineString","coordinates":[[14.177795,52.015108],[14.177468,52.015277],[14.177098,52.015531],[14.176937,52.015672],[14.176662,52.016022],[14.175,52.019451],[14.174692,52.019809],[14.17458,52.019998],[14.174495,52.020202],[14.174278,52.021141],[14.171102,52.028404],[14.17081,52.029013],[14.17013,52.029639],[14.163651,52.03508],[14.163397,52.035215],[14.163187,52.03526],[14.163029,52.035279],[14.162213,52.035284]]}},{"type":"Feature","properties":{"mode":"bus","n":8,"arr":["404","513","516","lds:508","lds:509","lds:510","lds:518","lds:519"],"lines":"404, 513, 516, 508, 509, 510, 518, 519"},"geometry":{"type":"LineString","coordinates":[[14.178103,52.014981],[14.177795,52.015108]]}},{"type":"Feature","properties":{"mode":"bus","n":6,"arr":["404","513","lds:508","lds:509","lds:510","lds:519"],"lines":"404, 513, 508, 509, 510, 519"},"geometry":{"type":"LineString","coordinates":[[14.183345,52.010989],[14.183308,52.011193],[14.18325,52.01126]]}},{"type":"Feature","properties":{"mode":"bus","n":6,"arr":["405","406","407","408","438","los:435"],"lines":"405, 406, 407, 408, 438, 435"},"geometry":{"type":"LineString","coordinates":[[13.92004,52.252309],[13.919382,52.252581],[13.919363,52.252591],[13.919355,52.252603],[13.919358,52.252615],[13.919372,52.252628],[13.919634,52.252812],[13.919952,52.252961],[13.920259,52.25304],[13.920785,52.253114]]}},{"type":"Feature","properties":{"mode":"bus","n":6,"arr":["405","406","407","408","438","los:435"],"lines":"405, 406, 407, 408, 438, 435"},"geometry":{"type":"LineString","coordinates":[[13.921249,52.252206],[13.921582,52.252565]]}},{"type":"Feature","properties":{"mode":"bus","n":7,"arr":["412","440","los:403","los:411","los:413","los:414","los:441"],"lines":"412, 440, 403, 411, 413, 414, 441"},"geometry":{"type":"LineString","coordinates":[[14.08513,52.342404],[14.085457,52.342259],[14.085866,52.34214],[14.086202,52.342075],[14.087122,52.342103]]}},{"type":"Feature","properties":{"mode":"bus","n":8,"arr":["412","434","436","438","los:403","los:411","los:431","los:441"],"lines":"412, 434, 436, 438, 403, 411, 431, 441"},"geometry":{"type":"LineString","coordinates":[[14.067773,52.360213],[14.066652,52.360288],[14.065473,52.360336],[14.063357,52.360307],[14.062777,52.360317],[14.061516,52.360438]]}},{"type":"Feature","properties":{"mode":"bus","n":12,"arr":["412","430","434","436","438","440","los:403","los:411","los:413","los:431","los:435","los:441"],"lines":"412, 430, 434, 436, 438, 440, 403, 411, 413, 431, 435, 441"},"geometry":{"type":"LineString","coordinates":[[14.061497,52.364741],[14.061482,52.364676],[14.061726,52.363406],[14.061796,52.362512],[14.061733,52.361649],[14.061516,52.360438]]}},{"type":"Feature","properties":{"mode":"bus","n":17,"arr":["412","415","430","433","434","436","438","440","los:403","los:411","los:413","los:414","los:416","los:431","los:432","los:435","los:441"],"lines":"412, 415, 430, 433, 434, 436, 438, 440, 403, 411, 413, 414, 416, 431, 432, 435, 441"},"geometry":{"type":"LineString","coordinates":[[14.059396,52.366037],[14.059611,52.366273],[14.059724,52.366349],[14.059853,52.366394],[14.060807,52.366357],[14.061026,52.366308],[14.061116,52.366256],[14.06121,52.366109],[14.061435,52.3648],[14.061497,52.364741]]}},{"type":"Feature","properties":{"mode":"bus","n":19,"arr":["412","415","430","433","434","436","437","438","439","440","los:403","los:411","los:413","los:414","los:416","los:431","los:432","los:435","los:441"],"lines":"412, 415, 430, 433, 434, 436, 437, 438, 439, 440, 403, 411, 413, 414, 416, 431, 432, 435, 441"},"geometry":{"type":"LineString","coordinates":[[14.058988,52.366325],[14.058923,52.366228],[14.058917,52.366208],[14.058927,52.366191],[14.058953,52.366178],[14.059396,52.366037]]}},{"type":"Feature","properties":{"mode":"bus","n":19,"arr":["412","415","430","433","434","436","437","438","439","440","los:403","los:411","los:413","los:414","los:416","los:431","los:432","los:435","los:441"],"lines":"412, 415, 430, 433, 434, 436, 437, 438, 439, 440, 403, 411, 413, 414, 416, 431, 432, 435, 441"},"geometry":{"type":"LineString","coordinates":[[14.058901,52.366195],[14.058619,52.36631],[14.05824,52.366642],[14.058231,52.366714],[14.05832,52.366862]]}},{"type":"Feature","properties":{"mode":"bus","n":18,"arr":["412","415","430","434","436","437","438","439","440","los:403","los:411","los:413","los:414","los:416","los:431","los:432","los:435","los:441"],"lines":"412, 415, 430, 434, 436, 437, 438, 439, 440, 403, 411, 413, 414, 416, 431, 432, 435, 441"},"geometry":{"type":"LineString","coordinates":[[14.059072,52.366449],[14.058988,52.366325]]}},{"type":"Feature","properties":{"mode":"bus","n":6,"arr":["412","415","los:411","los:413","los:414","los:416"],"lines":"412, 415, 411, 413, 414, 416"},"geometry":{"type":"LineString","coordinates":[[14.05832,52.366862],[14.058344,52.366899],[14.05836,52.366913],[14.058385,52.366921],[14.05844,52.366931],[14.059152,52.366759],[14.059195,52.366739],[14.059215,52.366677],[14.059135,52.366543]]}},{"type":"Feature","properties":{"mode":"bus","n":7,"arr":["412","415","433","los:413","los:414","los:416","los:432"],"lines":"412, 415, 433, 413, 414, 416, 432"},"geometry":{"type":"LineString","coordinates":[[14.067198,52.36449],[14.066654,52.364654],[14.066169,52.364715],[14.064601,52.364739],[14.061648,52.364721],[14.061497,52.364741]]}},{"type":"Feature","properties":{"mode":"bus","n":5,"arr":["412","433","los:413","los:414","los:432"],"lines":"412, 433, 413, 414, 432"},"geometry":{"type":"LineString","coordinates":[[14.069125,52.36614],[14.068827,52.365795],[14.068501,52.365487],[14.067198,52.36449]]}},{"type":"Feature","properties":{"mode":"bus","n":15,"arr":["412","430","434","436","437","438","439","440","los:403","los:411","los:413","los:414","los:431","los:435","los:441"],"lines":"412, 430, 434, 436, 437, 438, 439, 440, 403, 411, 413, 414, 431, 435, 441"},"geometry":{"type":"LineString","coordinates":[[14.059396,52.366037],[14.059143,52.365761]]}},{"type":"Feature","properties":{"mode":"bus","n":13,"arr":["412","430","434","436","438","440","los:403","los:411","los:413","los:414","los:431","los:435","los:441"],"lines":"412, 430, 434, 436, 438, 440, 403, 411, 413, 414, 431, 435, 441"},"geometry":{"type":"LineString","coordinates":[[14.059143,52.365761],[14.061015,52.361354],[14.061018,52.361332],[14.061008,52.361313],[14.060983,52.361297],[14.060485,52.361064],[14.060467,52.361053],[14.06046,52.361041],[14.060464,52.361029],[14.060479,52.361016],[14.06116,52.360587],[14.061516,52.360438]]}},{"type":"Feature","properties":{"mode":"bus","n":9,"arr":["415","434","436","438","los:403","los:411","los:416","los:431","los:441"],"lines":"415, 434, 436, 438, 403, 411, 416, 431, 441"},"geometry":{"type":"LineString","coordinates":[[14.067773,52.360213],[14.067913,52.358683],[14.067859,52.357375],[14.067804,52.356816]]}},{"type":"Feature","properties":{"mode":"bus","n":5,"arr":["418","423","los:421","los:424","los:428"],"lines":"418, 423, 421, 424, 428"},"geometry":{"type":"LineString","coordinates":[[13.754339,52.419262],[13.754238,52.419076],[13.754154,52.418767],[13.75413,52.418531],[13.75424,52.417476],[13.754427,52.416991],[13.754446,52.41683],[13.754396,52.416651],[13.753408,52.414697]]}},{"type":"Feature","properties":{"mode":"bus","n":10,"arr":["418","422","423","426","429","437","los:421","los:424","los:427","los:428"],"lines":"418, 422, 423, 426, 429, 437, 421, 424, 427, 428"},"geometry":{"type":"LineString","coordinates":[[13.759005,52.420892],[13.758782,52.421654],[13.757695,52.424822],[13.75728,52.425397],[13.757121,52.425548],[13.7569,52.425601],[13.756219,52.425677],[13.756066,52.425727],[13.755938,52.425802],[13.754442,52.4273],[13.754384,52.427403],[13.754368,52.427605],[13.754391,52.427702],[13.754583,52.427973],[13.75463,52.428138],[13.754627,52.428247],[13.754437,52.42893]]}},{"type":"Feature","properties":{"mode":"bus","n":10,"arr":["418","422","423","426","429","437","los:421","los:424","los:427","los:428"],"lines":"418, 422, 423, 426, 429, 437, 421, 424, 427, 428"},"geometry":{"type":"LineString","coordinates":[[13.753093,52.429402],[13.754244,52.429537]]}},{"type":"Feature","properties":{"mode":"bus","n":11,"arr":["418","420","422","423","426","429","437","los:421","los:424","los:427","los:428"],"lines":"418, 420, 422, 423, 426, 429, 437, 421, 424, 427, 428"},"geometry":{"type":"LineString","coordinates":[[13.752849,52.42932],[13.753093,52.429402]]}},{"type":"Feature","properties":{"mode":"bus","n":5,"arr":["418","420","423","los:421","mol:950"],"lines":"418, 420, 423, 421, 950"},"geometry":{"type":"LineString","coordinates":[[13.752317,52.429574],[13.752219,52.430045],[13.75226,52.430367]]}},{"type":"Feature","properties":{"mode":"bus","n":19,"arr":["419","425","445","446","448","503","uvg:401","uvg:403","uvg:411","uvg:414","uvg:416","uvg:421","uvg:427","uvg:428","uvg:431","uvg:432","uvg:435","uvg:441","uvg:502"],"lines":"419, 425, 445, 446, 448, 503, 401, 403, 411, 414, 416, 421, 427, 428, 431, 432, 435, 441, 502"},"geometry":{"type":"LineString","coordinates":[[13.865432,53.322361],[13.865552,53.322356],[13.865604,53.322347],[13.865642,53.322324],[13.865714,53.322254]]}},{"type":"Feature","properties":{"mode":"bus","n":20,"arr":["419","425","445","446","447","448","503","uvg:401","uvg:403","uvg:411","uvg:414","uvg:416","uvg:421","uvg:427","uvg:428","uvg:431","uvg:432","uvg:435","uvg:441","uvg:502"],"lines":"419, 425, 445, 446, 447, 448, 503, 401, 403, 411, 414, 416, 421, 427, 428, 431, 432, 435, 441, 502"},"geometry":{"type":"LineString","coordinates":[[13.865399,53.322303],[13.865432,53.322361]]}},{"type":"Feature","properties":{"mode":"bus","n":19,"arr":["419","425","445","446","447","448","503","uvg:401","uvg:403","uvg:411","uvg:414","uvg:416","uvg:427","uvg:428","uvg:431","uvg:432","uvg:435","uvg:441","uvg:502"],"lines":"419, 425, 445, 446, 447, 448, 503, 401, 403, 411, 414, 416, 427, 428, 431, 432, 435, 441, 502"},"geometry":{"type":"LineString","coordinates":[[13.862277,53.316847],[13.862934,53.317811],[13.863429,53.318409],[13.863538,53.318478],[13.864164,53.319234],[13.864178,53.319301],[13.864314,53.319485],[13.864407,53.319543],[13.864473,53.319641],[13.864651,53.320049],[13.86464,53.320159],[13.86477,53.320501],[13.864841,53.320578],[13.86501,53.321062],[13.865099,53.321345],[13.865078,53.321442],[13.865149,53.321674],[13.865206,53.321721],[13.865399,53.322303]]}},{"type":"Feature","properties":{"mode":"bus","n":12,"arr":["419","445","446","448","503","uvg:401","uvg:411","uvg:414","uvg:416","uvg:432","uvg:441","uvg:502"],"lines":"419, 445, 446, 448, 503, 401, 411, 414, 416, 432, 441, 502"},"geometry":{"type":"LineString","coordinates":[[13.862277,53.316847],[13.861114,53.316834],[13.860387,53.316862]]}},{"type":"Feature","properties":{"mode":"bus","n":13,"arr":["419","445","446","447","448","503","uvg:401","uvg:411","uvg:414","uvg:416","uvg:432","uvg:441","uvg:502"],"lines":"419, 445, 446, 447, 448, 503, 401, 411, 414, 416, 432, 441, 502"},"geometry":{"type":"LineString","coordinates":[[13.860387,53.316862],[13.858481,53.317058]]}},{"type":"Feature","properties":{"mode":"bus","n":6,"arr":["419","447","uvg:401","uvg:411","uvg:414","uvg:416"],"lines":"419, 447, 401, 411, 414, 416"},"geometry":{"type":"LineString","coordinates":[[13.858481,53.317058],[13.858232,53.317114],[13.857778,53.317172],[13.857606,53.317175],[13.856908,53.317273]]}},{"type":"Feature","properties":{"mode":"bus","n":5,"arr":["419","uvg:401","uvg:411","uvg:414","uvg:416"],"lines":"419, 401, 411, 414, 416"},"geometry":{"type":"LineString","coordinates":[[13.856908,53.317273],[13.8557,53.317499],[13.854242,53.317847],[13.847553,53.319668],[13.847239,53.319736],[13.846998,53.319819],[13.839247,53.321837],[13.83878,53.322005],[13.838138,53.322133],[13.832719,53.323526],[13.831871,53.323798],[13.831624,53.323922],[13.831163,53.324203],[13.830763,53.324509],[13.830456,53.324887],[13.830228,53.325426],[13.829941,53.326241],[13.828761,53.329882],[13.828386,53.330863],[13.823563,53.345123],[13.823434,53.345409],[13.822375,53.348485]]}},{"type":"Feature","properties":{"mode":"bus","n":12,"arr":["419","446","503","uvg:414","uvg:416","uvg:421","uvg:427","uvg:428","uvg:431","uvg:435","uvg:441","uvg:502"],"lines":"419, 446, 503, 414, 416, 421, 427, 428, 431, 435, 441, 502"},"geometry":{"type":"LineString","coordinates":[[13.865945,53.322012],[13.865998,53.321927],[13.86594,53.32176]]}},{"type":"Feature","properties":{"mode":"bus","n":15,"arr":["419","425","446","503","uvg:401","uvg:414","uvg:416","uvg:421","uvg:427","uvg:428","uvg:431","uvg:432","uvg:435","uvg:441","uvg:502"],"lines":"419, 425, 446, 503, 401, 414, 416, 421, 427, 428, 431, 432, 435, 441, 502"},"geometry":{"type":"LineString","coordinates":[[13.865714,53.322254],[13.865945,53.322012]]}},{"type":"Feature","properties":{"mode":"bus","n":10,"arr":["420","422","423","426","429","437","los:421","los:424","los:427","los:428"],"lines":"420, 422, 423, 426, 429, 437, 421, 424, 427, 428"},"geometry":{"type":"LineString","coordinates":[[13.752765,52.429069],[13.752722,52.429214],[13.752726,52.429246],[13.752757,52.429272],[13.752849,52.42932]]}},{"type":"Feature","properties":{"mode":"bus","n":9,"arr":["420","422","423","426","429","437","los:424","los:427","los:428"],"lines":"420, 422, 423, 426, 429, 437, 424, 427, 428"},"geometry":{"type":"LineString","coordinates":[[13.752775,52.429044],[13.752765,52.429069]]}},{"type":"Feature","properties":{"mode":"bus","n":5,"arr":["422","437","T3","T6","T9"],"lines":"422, 437, T3, T6, T9"},"geometry":{"type":"LineString","coordinates":[[13.79015,52.39169],[13.788215,52.391685],[13.788092,52.391675],[13.788006,52.391642],[13.787938,52.391545],[13.787974,52.390733],[13.788019,52.39067],[13.788115,52.390617],[13.788235,52.390595],[13.790757,52.39062]]}},{"type":"Feature","properties":{"mode":"bus","n":5,"arr":["422","437","T3","T6","T9"],"lines":"422, 437, T3, T6, T9"},"geometry":{"type":"LineString","coordinates":[[13.791781,52.389777],[13.79314,52.390012],[13.796831,52.390745],[13.79686,52.390755],[13.796873,52.39077],[13.796871,52.390791],[13.796756,52.391031],[13.796736,52.391619],[13.796638,52.391709],[13.796556,52.391723],[13.795302,52.391711],[13.795038,52.391738],[13.79398,52.391734]]}},{"type":"Feature","properties":{"mode":"bus","n":7,"arr":["422","426","437","los:427","T3","T6","T9"],"lines":"422, 426, 437, 427, T3, T6, T9"},"geometry":{"type":"LineString","coordinates":[[13.790922,52.38983],[13.789502,52.389553],[13.788775,52.389361],[13.788065,52.389235]]}},{"type":"Feature","properties":{"mode":"bus","n":5,"arr":["422","426","437","los:427","T9"],"lines":"422, 426, 437, 427, T9"},"geometry":{"type":"LineString","coordinates":[[13.788065,52.389235],[13.78771,52.389276],[13.787406,52.389347],[13.787216,52.389493],[13.787043,52.389805],[13.786858,52.3905],[13.786748,52.390622],[13.78644,52.403516],[13.786212,52.406738],[13.786103,52.410895],[13.786013,52.412192],[13.78546,52.416422],[13.785334,52.417683],[13.785302,52.418375],[13.785361,52.419604],[13.785449,52.420435]]}},{"type":"Feature","properties":{"mode":"bus","n":5,"arr":["422","426","429","437","los:427"],"lines":"422, 426, 429, 437, 427"},"geometry":{"type":"LineString","coordinates":[[13.788161,52.423352],[13.785557,52.423743],[13.784464,52.423885],[13.783775,52.423931],[13.782913,52.423891],[13.781539,52.423669],[13.774147,52.422314],[13.768495,52.421553],[13.767853,52.421484],[13.759005,52.420892]]}},{"type":"Feature","properties":{"mode":"bus","n":10,"arr":["425","445","446","447","uvg:403","uvg:411","uvg:416","uvg:421","uvg:428","uvg:432"],"lines":"425, 445, 446, 447, 403, 411, 416, 421, 428, 432"},"geometry":{"type":"LineString","coordinates":[[13.865432,53.322361],[13.865499,53.322419]]}},{"type":"Feature","properties":{"mode":"bus","n":11,"arr":["425","447","448","uvg:403","uvg:411","uvg:427","uvg:428","uvg:431","uvg:432","uvg:435","uvg:502"],"lines":"425, 447, 448, 403, 411, 427, 428, 431, 432, 435, 502"},"geometry":{"type":"LineString","coordinates":[[13.862216,53.316728],[13.862277,53.316847]]}},{"type":"Feature","properties":{"mode":"bus","n":5,"arr":["425","447","uvg:411","uvg:428","uvg:431"],"lines":"425, 447, 411, 428, 431"},"geometry":{"type":"LineString","coordinates":[[13.862216,53.316728],[13.862371,53.316732]]}},{"type":"Feature","properties":{"mode":"bus","n":9,"arr":["425","447","448","uvg:411","uvg:427","uvg:428","uvg:431","uvg:435","uvg:502"],"lines":"425, 447, 448, 411, 427, 428, 431, 435, 502"},"geometry":{"type":"LineString","coordinates":[[13.862371,53.316732],[13.863696,53.31687],[13.864437,53.317017]]}},{"type":"Feature","properties":{"mode":"bus","n":7,"arr":["425","448","uvg:427","uvg:428","uvg:431","uvg:435","uvg:502"],"lines":"425, 448, 427, 428, 431, 435, 502"},"geometry":{"type":"LineString","coordinates":[[13.864437,53.317017],[13.864813,53.317145]]}},{"type":"Feature","properties":{"mode":"bus","n":6,"arr":["425","448","uvg:427","uvg:428","uvg:431","uvg:435"],"lines":"425, 448, 427, 428, 431, 435"},"geometry":{"type":"LineString","coordinates":[[13.864813,53.317145],[13.865432,53.317311],[13.866144,53.317545],[13.866508,53.31768],[13.867324,53.31806],[13.867928,53.318509],[13.86936,53.319993],[13.869607,53.320161],[13.869846,53.320266],[13.870481,53.320476],[13.876145,53.322199],[13.876503,53.322367]]}},{"type":"Feature","properties":{"mode":"bus","n":5,"arr":["425","448","uvg:427","uvg:428","uvg:435"],"lines":"425, 448, 427, 428, 435"},"geometry":{"type":"LineString","coordinates":[[13.876503,53.322367],[13.876937,53.322744],[13.87898,53.324833],[13.879373,53.325102]]}},{"type":"Feature","properties":{"mode":"bus","n":7,"arr":["430","433","434","los:403","los:431","los:432","los:441"],"lines":"430, 433, 434, 403, 431, 432, 441"},"geometry":{"type":"LineString","coordinates":[[14.0585,52.366848],[14.058576,52.36683]]}},{"type":"Feature","properties":{"mode":"bus","n":13,"arr":["430","433","434","436","437","438","439","440","los:403","los:431","los:432","los:435","los:441"],"lines":"430, 433, 434, 436, 437, 438, 439, 440, 403, 431, 432, 435, 441"},"geometry":{"type":"LineString","coordinates":[[14.05832,52.366862],[14.058405,52.36687],[14.0585,52.366848]]}},{"type":"Feature","properties":{"mode":"bus","n":10,"arr":["430","436","438","440","los:403","los:413","los:414","los:431","los:435","los:441"],"lines":"430, 436, 438, 440, 403, 413, 414, 431, 435, 441"},"geometry":{"type":"LineString","coordinates":[[14.061516,52.360438],[14.061674,52.359556],[14.061674,52.359405],[14.06139,52.358565],[14.061332,52.358045],[14.061346,52.357427],[14.061455,52.357277],[14.061952,52.357007],[14.0622,52.356841],[14.062739,52.356085]]}},{"type":"Feature","properties":{"mode":"bus","n":12,"arr":["430","436","438","440","los:403","los:411","los:413","los:414","los:416","los:431","los:435","los:441"],"lines":"430, 436, 438, 440, 403, 411, 413, 414, 416, 431, 435, 441"},"geometry":{"type":"LineString","coordinates":[[14.062739,52.356085],[14.062833,52.355819],[14.062804,52.355672],[14.062362,52.354246],[14.062347,52.354108],[14.062403,52.353883],[14.062505,52.353745],[14.062857,52.353512]]}},{"type":"Feature","properties":{"mode":"bus","n":7,"arr":["430","440","los:403","los:413","los:414","los:431","los:441"],"lines":"430, 440, 403, 413, 414, 431, 441"},"geometry":{"type":"LineString","coordinates":[[14.062857,52.353512],[14.063236,52.35342],[14.066719,52.352743],[14.066964,52.352664],[14.06728,52.352509],[14.067445,52.352399]]}},{"type":"Feature","properties":{"mode":"bus","n":6,"arr":["436","437","438","439","440","los:435"],"lines":"436, 437, 438, 439, 440, 435"},"geometry":{"type":"LineString","coordinates":[[14.0585,52.366848],[14.058623,52.366755]]}},{"type":"Feature","properties":{"mode":"bus","n":7,"arr":["436","438","los:403","los:411","los:416","los:431","los:441"],"lines":"436, 438, 403, 411, 416, 431, 441"},"geometry":{"type":"LineString","coordinates":[[14.067804,52.356816],[14.066859,52.356896],[14.066325,52.356793],[14.065953,52.356631],[14.065507,52.356322],[14.065143,52.356191],[14.064762,52.356166],[14.063033,52.356159],[14.062739,52.356085]]}},{"type":"Feature","properties":{"mode":"bus","n":5,"arr":["436","438","los:411","los:416","los:435"],"lines":"436, 438, 411, 416, 435"},"geometry":{"type":"LineString","coordinates":[[14.062857,52.353512],[14.062508,52.35318],[14.062224,52.35303],[14.056303,52.350921]]}},{"type":"Feature","properties":{"mode":"bus","n":6,"arr":["440","los:403","los:411","los:413","los:414","los:441"],"lines":"440, 403, 411, 413, 414, 441"},"geometry":{"type":"LineString","coordinates":[[14.087122,52.342103],[14.08716,52.34149],[14.087062,52.341161],[14.087101,52.340846],[14.087187,52.340688],[14.088534,52.339589]]}},{"type":"Feature","properties":{"mode":"bus","n":8,"arr":["445","446","447","448","503","uvg:432","uvg:441","uvg:502"],"lines":"445, 446, 447, 448, 503, 432, 441, 502"},"geometry":{"type":"LineString","coordinates":[[13.858481,53.317058],[13.857932,53.315415],[13.857822,53.315194]]}},{"type":"Feature","properties":{"mode":"bus","n":8,"arr":["445","446","447","448","503","uvg:432","uvg:441","uvg:502"],"lines":"445, 446, 447, 448, 503, 432, 441, 502"},"geometry":{"type":"LineString","coordinates":[[13.857476,53.313219],[13.85744,53.31346],[13.857442,53.313891],[13.857501,53.314068],[13.857501,53.314101],[13.857477,53.314132],[13.857408,53.314188],[13.857383,53.314219],[13.857382,53.314253],[13.857536,53.314822],[13.857762,53.314945]]}},{"type":"Feature","properties":{"mode":"bus","n":7,"arr":["445","446","448","503","uvg:432","uvg:441","uvg:502"],"lines":"445, 446, 448, 503, 432, 441, 502"},"geometry":{"type":"LineString","coordinates":[[13.857762,53.314945],[13.857744,53.315106],[13.857822,53.315194]]}},{"type":"Feature","properties":{"mode":"bus","n":7,"arr":["445","446","448","503","uvg:411","uvg:441","uvg:502"],"lines":"445, 446, 448, 503, 411, 441, 502"},"geometry":{"type":"LineString","coordinates":[[13.857476,53.313219],[13.856064,53.313036],[13.855958,53.312989],[13.85532,53.312856],[13.854454,53.312626],[13.854301,53.312603],[13.853248,53.31225],[13.85311,53.312171]]}},{"type":"Feature","properties":{"mode":"bus","n":7,"arr":["445","446","448","503","uvg:411","uvg:441","uvg:502"],"lines":"445, 446, 448, 503, 411, 441, 502"},"geometry":{"type":"LineString","coordinates":[[13.853748,53.312361],[13.853297,53.312196],[13.85311,53.312171],[13.852726,53.312032]]}},{"type":"Feature","properties":{"mode":"bus","n":6,"arr":["445","448","503","uvg:411","uvg:441","uvg:502"],"lines":"445, 448, 503, 411, 441, 502"},"geometry":{"type":"LineString","coordinates":[[13.852726,53.312032],[13.850398,53.311139],[13.8494,53.31081],[13.847817,53.310207],[13.846652,53.3096],[13.846054,53.309415],[13.844434,53.309201],[13.842391,53.308899],[13.836696,53.308265],[13.832584,53.307694],[13.831751,53.307555],[13.831106,53.307406],[13.830586,53.307183],[13.829794,53.306565],[13.82942,53.306392],[13.82906,53.306295],[13.825427,53.305589],[13.825062,53.305427],[13.824845,53.305265],[13.822686,53.302509],[13.822678,53.302489],[13.822686,53.302472],[13.822712,53.302459],[13.822886,53.302395],[13.82345,53.302039],[13.823457,53.302032],[13.823459,53.302026],[13.823456,53.30202],[13.823448,53.302015],[13.823406,53.301994]]}},{"type":"Feature","properties":{"mode":"bus","n":6,"arr":["445","447","448","503","uvg:441","uvg:502"],"lines":"445, 447, 448, 503, 441, 502"},"geometry":{"type":"LineString","coordinates":[[13.857442,53.313891],[13.857334,53.313887]]}},{"type":"Feature","properties":{"mode":"bus","n":6,"arr":["445","447","448","503","uvg:441","uvg:502"],"lines":"445, 447, 448, 503, 441, 502"},"geometry":{"type":"LineString","coordinates":[[13.857762,53.314945],[13.857843,53.315095],[13.857822,53.315194]]}},{"type":"Feature","properties":{"mode":"bus","n":5,"arr":["446","447","uvg:411","uvg:431","uvg:432"],"lines":"446, 447, 411, 431, 432"},"geometry":{"type":"LineString","coordinates":[[13.863704,53.309788],[13.863463,53.308972]]}},{"type":"Feature","properties":{"mode":"bus","n":5,"arr":["446","447","448","uvg:421","uvg:435"],"lines":"446, 447, 448, 421, 435"},"geometry":{"type":"LineString","coordinates":[[13.865432,53.322361],[13.865436,53.322437]]}},{"type":"Feature","properties":{"mode":"bus","n":5,"arr":["447","uvg:403","uvg:411","uvg:431","uvg:432"],"lines":"447, 403, 411, 431, 432"},"geometry":{"type":"LineString","coordinates":[[13.866808,53.309484],[13.865461,53.30967],[13.864454,53.309864],[13.864035,53.310014],[13.863814,53.310126],[13.863616,53.310237],[13.86326,53.310514],[13.862888,53.310954],[13.862652,53.31139],[13.862368,53.312165],[13.862051,53.312908],[13.861834,53.313597],[13.861788,53.31385]]}},{"type":"Feature","properties":{"mode":"bus","n":5,"arr":["448","503","uvg:411","uvg:441","uvg:502"],"lines":"448, 503, 411, 441, 502"},"geometry":{"type":"LineString","coordinates":[[13.823406,53.301994],[13.823415,53.301933]]}},{"type":"Feature","properties":{"mode":"bus","n":8,"arr":["450","494","bbg:920","uvg:451","uvg:453","uvg:456","uvg:460","uvg:462"],"lines":"450, 494, 920, 451, 453, 456, 460, 462"},"geometry":{"type":"LineString","coordinates":[[13.997233,53.015813],[13.997254,53.015744]]}},{"type":"Feature","properties":{"mode":"bus","n":6,"arr":["450","494","bbg:920","uvg:453","uvg:456","uvg:462"],"lines":"450, 494, 920, 453, 456, 462"},"geometry":{"type":"LineString","coordinates":[[13.997254,53.015744],[13.997294,53.015668]]}},{"type":"Feature","properties":{"mode":"bus","n":5,"arr":["450","494","uvg:451","uvg:460","uvg:462"],"lines":"450, 494, 451, 460, 462"},"geometry":{"type":"LineString","coordinates":[[13.997254,53.015744],[13.997515,53.015785],[13.997938,53.015767]]}},{"type":"Feature","properties":{"mode":"bus","n":9,"arr":["450","494","RB66","uvg:451","uvg:453","uvg:456","uvg:457","uvg:460","uvg:462"],"lines":"450, 494, RB66, 451, 453, 456, 457, 460, 462"},"geometry":{"type":"LineString","coordinates":[[13.997233,53.016129],[13.997233,53.015813]]}},{"type":"Feature","properties":{"mode":"bus","n":8,"arr":["450","494","RB66","uvg:451","uvg:456","uvg:457","uvg:460","uvg:462"],"lines":"450, 494, RB66, 451, 456, 457, 460, 462"},"geometry":{"type":"LineString","coordinates":[[13.998811,53.016601],[13.997293,53.01665],[13.997267,53.016649],[13.997249,53.016643],[13.997238,53.016632],[13.997234,53.016616],[13.997233,53.016129]]}},{"type":"Feature","properties":{"mode":"bus","n":8,"arr":["450","494","uvg:451","uvg:452","uvg:456","uvg:457","uvg:460","uvg:462"],"lines":"450, 494, 451, 452, 456, 457, 460, 462"},"geometry":{"type":"LineString","coordinates":[[14.000685,53.01697],[14.000117,53.015908]]}},{"type":"Feature","properties":{"mode":"bus","n":7,"arr":["450","494","uvg:451","uvg:452","uvg:457","uvg:460","uvg:462"],"lines":"450, 494, 451, 452, 457, 460, 462"},"geometry":{"type":"LineString","coordinates":[[14.001743,53.020358],[14.001749,53.020269],[14.001612,53.019843],[14.001524,53.019417],[14.001415,53.018759],[14.000685,53.01697]]}},{"type":"Feature","properties":{"mode":"bus","n":7,"arr":["450","494","uvg:451","uvg:456","uvg:457","uvg:460","uvg:462"],"lines":"450, 494, 451, 456, 457, 460, 462"},"geometry":{"type":"LineString","coordinates":[[14.000437,53.020573],[14.000978,53.020488],[14.001586,53.020425],[14.001743,53.020358]]}},{"type":"Feature","properties":{"mode":"bus","n":7,"arr":["450","494","RB66","uvg:451","uvg:457","uvg:460","uvg:462"],"lines":"450, 494, RB66, 451, 457, 460, 462"},"geometry":{"type":"LineString","coordinates":[[13.998756,53.023516],[13.999463,53.022782],[13.999741,53.022441],[14.00009,53.021738],[14.000176,53.020909],[14.000437,53.020573]]}},{"type":"Feature","properties":{"mode":"bus","n":6,"arr":["450","RB66","uvg:451","uvg:457","uvg:460","uvg:462"],"lines":"450, RB66, 451, 457, 460, 462"},"geometry":{"type":"LineString","coordinates":[[13.997604,53.024638],[13.998756,53.023516]]}},{"type":"Feature","properties":{"mode":"bus","n":5,"arr":["450","uvg:451","uvg:457","uvg:460","uvg:462"],"lines":"450, 451, 457, 460, 462"},"geometry":{"type":"LineString","coordinates":[[13.988437,53.037363],[13.988555,53.036998],[13.988819,53.03654],[13.99273,53.030464],[13.992941,53.029962],[13.992934,53.029504],[13.992896,53.029317],[13.992898,53.029296],[13.992915,53.02928],[13.992946,53.02927],[13.993403,53.029185],[13.993618,53.029064],[13.995348,53.026442],[13.997604,53.024638]]}},{"type":"Feature","properties":{"mode":"bus","n":14,"arr":["450","479","494","497","bbg:920","uvg:451","uvg:452","uvg:453","uvg:456","uvg:457","uvg:460","uvg:462","uvg:463","uvg:468"],"lines":"450, 479, 494, 497, 920, 451, 452, 453, 456, 457, 460, 462, 463, 468"},"geometry":{"type":"LineString","coordinates":[[13.997961,53.014663],[13.997583,53.015251]]}},{"type":"Feature","properties":{"mode":"bus","n":7,"arr":["454","RB66","uvg:403","uvg:455","uvg:457","uvg:465","uvg:475"],"lines":"454, RB66, 403, 455, 457, 465, 475"},"geometry":{"type":"LineString","coordinates":[[14.121971,53.143414],[14.121583,53.1436],[14.121132,53.143861],[14.120641,53.144207],[14.120389,53.144301],[14.120099,53.144275],[14.118056,53.143691]]}},{"type":"Feature","properties":{"mode":"bus","n":6,"arr":["454","RB66","uvg:403","uvg:457","uvg:465","uvg:475"],"lines":"454, RB66, 403, 457, 465, 475"},"geometry":{"type":"LineString","coordinates":[[14.118056,53.143691],[14.116859,53.14333],[14.115735,53.14304],[14.113852,53.14265],[14.11124,53.142045],[14.11077,53.141958],[14.110539,53.141955]]}},{"type":"Feature","properties":{"mode":"bus","n":5,"arr":["461","los:401","los:451","los:453","los:464"],"lines":"461, 401, 451, 453, 464"},"geometry":{"type":"LineString","coordinates":[[14.6272,52.152587],[14.626721,52.151792],[14.626081,52.150912],[14.624956,52.149594],[14.624654,52.149274],[14.624463,52.14913],[14.624268,52.149023],[14.623721,52.148817],[14.619309,52.147334]]}},{"type":"Feature","properties":{"mode":"bus","n":5,"arr":["466","lds:467","lds:469","lds:471","lds:472"],"lines":"466, 467, 469, 471, 472"},"geometry":{"type":"LineString","coordinates":[[13.717794,51.851087],[13.717895,51.851177]]}},{"type":"Feature","properties":{"mode":"bus","n":7,"arr":["466","lds:467","lds:468","lds:469","lds:471","lds:472","lds:473"],"lines":"466, 467, 468, 469, 471, 472, 473"},"geometry":{"type":"LineString","coordinates":[[13.717713,51.850996],[13.717794,51.851087]]}},{"type":"Feature","properties":{"mode":"bus","n":8,"arr":["466","595","lds:467","lds:468","lds:469","lds:471","lds:472","lds:473"],"lines":"466, 595, 467, 468, 469, 471, 472, 473"},"geometry":{"type":"LineString","coordinates":[[13.717674,51.85084],[13.717654,51.850899],[13.717713,51.850996]]}},{"type":"Feature","properties":{"mode":"bus","n":11,"arr":["466","595","lds:465","lds:467","lds:468","lds:469","lds:471","lds:472","lds:473","lds:474","lds:475"],"lines":"466, 595, 465, 467, 468, 469, 471, 472, 473, 474, 475"},"geometry":{"type":"LineString","coordinates":[[13.703819,51.853145],[13.707439,51.853027],[13.709123,51.852927],[13.709197,51.852887],[13.70923,51.852806],[13.708895,51.852159],[13.708812,51.851932],[13.708849,51.851814],[13.709013,51.851648],[13.709148,51.851597],[13.71019,51.85146],[13.711173,51.851177],[13.711893,51.850927],[13.712951,51.85052],[13.713356,51.850414],[13.714812,51.850194],[13.715248,51.850176],[13.71574,51.850191],[13.716247,51.850287],[13.716815,51.850456],[13.717329,51.850654],[13.717674,51.85084]]}},{"type":"Feature","properties":{"mode":"bus","n":7,"arr":["466","595","lds:465","lds:471","lds:472","lds:473","lds:474"],"lines":"466, 595, 465, 471, 472, 473, 474"},"geometry":{"type":"LineString","coordinates":[[13.702879,51.850826],[13.702826,51.851869],[13.702944,51.852075],[13.703649,51.852905],[13.703819,51.853145]]}},{"type":"Feature","properties":{"mode":"bus","n":6,"arr":["466","lds:465","lds:471","lds:472","lds:473","lds:474"],"lines":"466, 465, 471, 472, 473, 474"},"geometry":{"type":"LineString","coordinates":[[13.702879,51.850826],[13.702652,51.850822],[13.699928,51.850974],[13.699512,51.851017],[13.698806,51.851146],[13.698156,51.851347],[13.697837,51.851488],[13.695431,51.852679],[13.694889,51.852882],[13.694503,51.852975],[13.69406,51.853044]]}},{"type":"Feature","properties":{"mode":"bus","n":5,"arr":["466","lds:465","lds:472","lds:473","lds:474"],"lines":"466, 465, 472, 473, 474"},"geometry":{"type":"LineString","coordinates":[[13.69406,51.853044],[13.693572,51.853089]]}},{"type":"Feature","properties":{"mode":"bus","n":5,"arr":["466","773","774","tf:754","tf:756"],"lines":"466, 773, 774, 754, 756"},"geometry":{"type":"LineString","coordinates":[[13.433982,51.867265],[13.433851,51.867419],[13.433609,51.867594]]}},{"type":"Feature","properties":{"mode":"bus","n":7,"arr":["466","470","773","774","lds:467","tf:754","tf:756"],"lines":"466, 470, 773, 774, 467, 754, 756"},"geometry":{"type":"LineString","coordinates":[[13.433982,51.867265],[13.433431,51.867632],[13.433316,51.867751]]}},{"type":"Feature","properties":{"mode":"bus","n":6,"arr":["466","470","773","lds:467","tf:754","tf:756"],"lines":"466, 470, 773, 467, 754, 756"},"geometry":{"type":"LineString","coordinates":[[13.433316,51.867751],[13.432618,51.868046],[13.431904,51.868525],[13.431196,51.868893],[13.430846,51.869],[13.430337,51.869092],[13.428048,51.869466],[13.427598,51.869501],[13.42717,51.869491],[13.42609,51.869403],[13.424577,51.869252],[13.424226,51.869199],[13.423613,51.869079],[13.423076,51.868941],[13.421777,51.868372],[13.421652,51.868336],[13.420937,51.868326]]}},{"type":"Feature","properties":{"mode":"bus","n":6,"arr":["466","470","773","774","lds:467","tf:754"],"lines":"466, 470, 773, 774, 467, 754"},"geometry":{"type":"LineString","coordinates":[[13.420937,51.868326],[13.420212,51.868307]]}},{"type":"Feature","properties":{"mode":"bus","n":5,"arr":["466","lds:471","lds:472","lds:473","lds:474"],"lines":"466, 471, 472, 473, 474"},"geometry":{"type":"LineString","coordinates":[[13.694699,51.853044],[13.69466,51.85301],[13.69465,51.852998],[13.694649,51.852985],[13.694655,51.852972],[13.694689,51.852931]]}},{"type":"Feature","properties":{"mode":"bus","n":9,"arr":["466","lds:465","lds:467","lds:468","lds:469","lds:471","lds:472","lds:473","lds:474"],"lines":"466, 465, 467, 468, 469, 471, 472, 473, 474"},"geometry":{"type":"LineString","coordinates":[[13.717674,51.85084],[13.717745,51.850823],[13.717858,51.850832]]}},{"type":"Feature","properties":{"mode":"bus","n":7,"arr":["466","lds:465","lds:467","lds:468","lds:469","lds:472","lds:473"],"lines":"466, 465, 467, 468, 469, 472, 473"},"geometry":{"type":"LineString","coordinates":[[13.717858,51.850832],[13.717959,51.850818],[13.718009,51.850819],[13.718052,51.850835],[13.71826,51.850963]]}},{"type":"Feature","properties":{"mode":"bus","n":5,"arr":["470","773","774","lds:467","tf:756"],"lines":"470, 773, 774, 467, 756"},"geometry":{"type":"LineString","coordinates":[[13.433316,51.867751],[13.433454,51.867887],[13.43362,51.868143],[13.433745,51.868437],[13.433812,51.868828],[13.433818,51.869416],[13.433887,51.869941],[13.434131,51.870816],[13.43446,51.871653],[13.434515,51.872075],[13.434504,51.872283],[13.434239,51.873026],[13.434989,51.873791],[13.435857,51.874616]]}},{"type":"Feature","properties":{"mode":"bus","n":8,"arr":["476","500","507","lds:472","lds:502","lds:506","lds:512","osl:601"],"lines":"476, 500, 507, 472, 502, 506, 512, 601"},"geometry":{"type":"LineString","coordinates":[[13.877751,51.939883],[13.877166,51.940272],[13.877148,51.940291],[13.877148,51.940314],[13.877164,51.940359],[13.877278,51.940448],[13.877293,51.940466],[13.877292,51.940484],[13.877273,51.940502],[13.874839,51.942057],[13.874821,51.942074],[13.874821,51.942092],[13.874839,51.942109],[13.87551,51.942529],[13.876195,51.942891],[13.876257,51.942965],[13.876389,51.946286],[13.876393,51.946299],[13.876403,51.946309],[13.87642,51.946317],[13.876476,51.946335],[13.87659,51.946426],[13.876629,51.946983],[13.876709,51.947123],[13.876854,51.947256],[13.876929,51.94729]]}},{"type":"Feature","properties":{"mode":"bus","n":9,"arr":["476","500","507","lds:472","lds:502","lds:506","lds:511","lds:512","osl:601"],"lines":"476, 500, 507, 472, 502, 506, 511, 512, 601"},"geometry":{"type":"LineString","coordinates":[[13.878312,51.939834],[13.878081,51.939735],[13.877968,51.939743],[13.877751,51.939883]]}},{"type":"Feature","properties":{"mode":"bus","n":16,"arr":["479","864","865","914","916","918","921","922","bbg:866","bbg:883","bbg:912","bbg:913","bbg:915","bbg:919","bbg:923","mol:923"],"lines":"479, 864, 865, 914, 916, 918, 921, 922, 866, 883, 912, 913, 915, 919, 923, 923"},"geometry":{"type":"LineString","coordinates":[[13.79841,52.833009],[13.798497,52.832964],[13.798527,52.832954],[13.798556,52.832954],[13.798586,52.832965],[13.799608,52.833537],[13.799993,52.83415]]}},{"type":"Feature","properties":{"mode":"bus","n":16,"arr":["479","862","863","910","914","916","918","921","922","bbg:861","bbg:883","bbg:912","bbg:913","bbg:919","bbg:923","mol:923"],"lines":"479, 862, 863, 910, 914, 916, 918, 921, 922, 861, 883, 912, 913, 919, 923, 923"},"geometry":{"type":"LineString","coordinates":[[13.799993,52.83415],[13.802149,52.833619],[13.802589,52.833553],[13.803457,52.833552],[13.805247,52.833626]]}},{"type":"Feature","properties":{"mode":"bus","n":15,"arr":["479","862","863","910","914","916","918","921","922","bbg:861","bbg:883","bbg:912","bbg:919","bbg:923","mol:923"],"lines":"479, 862, 863, 910, 914, 916, 918, 921, 922, 861, 883, 912, 919, 923, 923"},"geometry":{"type":"LineString","coordinates":[[13.805247,52.833626],[13.808369,52.833732]]}},{"type":"Feature","properties":{"mode":"bus","n":13,"arr":["479","862","910","916","918","921","922","bbg:861","bbg:883","bbg:912","bbg:919","bbg:923","mol:923"],"lines":"479, 862, 910, 916, 918, 921, 922, 861, 883, 912, 919, 923, 923"},"geometry":{"type":"LineString","coordinates":[[13.811764,52.833843],[13.808369,52.833732]]}},{"type":"Feature","properties":{"mode":"bus","n":13,"arr":["479","862","865","910","916","918","921","922","bbg:861","bbg:883","bbg:912","bbg:923","mol:923"],"lines":"479, 862, 865, 910, 916, 918, 921, 922, 861, 883, 912, 923, 923"},"geometry":{"type":"LineString","coordinates":[[13.811764,52.833843],[13.812353,52.833873],[13.81261,52.833909],[13.813079,52.834015]]}},{"type":"Feature","properties":{"mode":"bus","n":7,"arr":["479","865","914","921","922","bbg:861","bbg:912"],"lines":"479, 865, 914, 921, 922, 861, 912"},"geometry":{"type":"LineString","coordinates":[[13.81983,52.835156],[13.819669,52.835343],[13.819571,52.835531],[13.819468,52.836032],[13.819443,52.836348],[13.819773,52.838041],[13.81982,52.839299]]}},{"type":"Feature","properties":{"mode":"bus","n":7,"arr":["479","863","865","921","922","bbg:861","bbg:912"],"lines":"479, 863, 865, 921, 922, 861, 912"},"geometry":{"type":"LineString","coordinates":[[13.81982,52.839299],[13.819965,52.839713],[13.82071,52.840919],[13.821556,52.842705]]}},{"type":"Feature","properties":{"mode":"bus","n":6,"arr":["479","863","921","922","bbg:861","bbg:912"],"lines":"479, 863, 921, 922, 861, 912"},"geometry":{"type":"LineString","coordinates":[[13.821556,52.842705],[13.821823,52.843321]]}},{"type":"Feature","properties":{"mode":"bus","n":5,"arr":["479","494","497","bbg:920","uvg:453"],"lines":"479, 494, 497, 920, 453"},"geometry":{"type":"LineString","coordinates":[[13.997019,53.013607],[13.99667,53.013222],[13.996299,53.012874],[13.993872,53.010995],[13.992987,53.0105],[13.99233,53.010073],[13.991907,53.009734]]}},{"type":"Feature","properties":{"mode":"bus","n":7,"arr":["479","494","497","bbg:920","uvg:452","uvg:453","uvg:456"],"lines":"479, 494, 497, 920, 452, 453, 456"},"geometry":{"type":"LineString","coordinates":[[13.997019,53.013607],[13.998151,53.014398]]}},{"type":"Feature","properties":{"mode":"bus","n":8,"arr":["479","494","497","bbg:920","uvg:452","uvg:453","uvg:456","uvg:463"],"lines":"479, 494, 497, 920, 452, 453, 456, 463"},"geometry":{"type":"LineString","coordinates":[[13.998151,53.014398],[13.997961,53.014663]]}},{"type":"Feature","properties":{"mode":"bus","n":9,"arr":["479","494","497","bbg:920","uvg:452","uvg:453","uvg:456","uvg:463","uvg:468"],"lines":"479, 494, 497, 920, 452, 453, 456, 463, 468"},"geometry":{"type":"LineString","coordinates":[[13.997583,53.015251],[13.997454,53.015438]]}},{"type":"Feature","properties":{"mode":"bus","n":5,"arr":["479","494","uvg:452","uvg:456","uvg:468"],"lines":"479, 494, 452, 456, 468"},"geometry":{"type":"LineString","coordinates":[[13.999224,53.014849],[13.999083,53.014831],[13.998814,53.014746]]}},{"type":"Feature","properties":{"mode":"bus","n":6,"arr":["479","481","482","491","uvg:465","uvg:468"],"lines":"479, 481, 482, 491, 465, 468"},"geometry":{"type":"LineString","coordinates":[[14.276819,53.051599],[14.276373,53.052021],[14.276082,53.052113],[14.275876,53.052208],[14.275784,53.052293],[14.275736,53.05239],[14.275759,53.054009],[14.275763,53.054025],[14.275775,53.054036],[14.275793,53.054042],[14.275819,53.054044],[14.276857,53.054023],[14.277246,53.054057],[14.277715,53.054148],[14.27802,53.054246],[14.278285,53.054382]]}},{"type":"Feature","properties":{"mode":"bus","n":7,"arr":["479","481","484","491","uvg:465","uvg:468","uvg:472"],"lines":"479, 481, 484, 491, 465, 468, 472"},"geometry":{"type":"LineString","coordinates":[[14.278285,53.054382],[14.281007,53.055668]]}},{"type":"Feature","properties":{"mode":"bus","n":7,"arr":["479","481","484","491","uvg:465","uvg:468","uvg:472"],"lines":"479, 481, 484, 491, 465, 468, 472"},"geometry":{"type":"LineString","coordinates":[[14.281225,53.055772],[14.283019,53.056631],[14.285269,53.057778]]}},{"type":"Feature","properties":{"mode":"bus","n":6,"arr":["479","484","491","uvg:465","uvg:468","uvg:472"],"lines":"479, 484, 491, 465, 468, 472"},"geometry":{"type":"LineString","coordinates":[[14.287918,53.059105],[14.286334,53.058285],[14.285269,53.057778]]}},{"type":"Feature","properties":{"mode":"bus","n":8,"arr":["479","481","482","486","491","uvg:465","uvg:468","uvg:469"],"lines":"479, 481, 482, 486, 491, 465, 468, 469"},"geometry":{"type":"LineString","coordinates":[[14.280049,53.06446],[14.280645,53.064312],[14.281506,53.063893],[14.285048,53.061235],[14.286313,53.060325],[14.287918,53.059105]]}},{"type":"Feature","properties":{"mode":"bus","n":10,"arr":["479","481","482","484","486","491","uvg:465","uvg:468","uvg:469","uvg:472"],"lines":"479, 481, 482, 484, 486, 491, 465, 468, 469, 472"},"geometry":{"type":"LineString","coordinates":[[14.280049,53.06446],[14.279324,53.064529],[14.27887,53.064528],[14.278306,53.064468],[14.278009,53.064417],[14.277566,53.0643],[14.276453,53.06394],[14.275888,53.063791],[14.274964,53.063656],[14.27459,53.063636],[14.274107,53.063648],[14.273265,53.063775],[14.269575,53.06491]]}},{"type":"Feature","properties":{"mode":"bus","n":11,"arr":["479","481","482","484","486","491","uvg:465","uvg:468","uvg:469","uvg:472","uvg:475"],"lines":"479, 481, 482, 484, 486, 491, 465, 468, 469, 472, 475"},"geometry":{"type":"LineString","coordinates":[[14.269575,53.06491],[14.269441,53.06495]]}},{"type":"Feature","properties":{"mode":"bus","n":10,"arr":["479","484","491","uvg:403","uvg:459","uvg:465","uvg:468","uvg:469","uvg:472","uvg:475"],"lines":"479, 484, 491, 403, 459, 465, 468, 469, 472, 475"},"geometry":{"type":"LineString","coordinates":[[14.269441,53.06495],[14.270491,53.066188]]}},{"type":"Feature","properties":{"mode":"bus","n":12,"arr":["479","481","482","484","491","uvg:403","uvg:459","uvg:465","uvg:468","uvg:469","uvg:472","uvg:475"],"lines":"479, 481, 482, 484, 491, 403, 459, 465, 468, 469, 472, 475"},"geometry":{"type":"LineString","coordinates":[[14.270491,53.066188],[14.270852,53.066621]]}},{"type":"Feature","properties":{"mode":"bus","n":5,"arr":["481","482","491","uvg:465","uvg:475"],"lines":"481, 482, 491, 465, 475"},"geometry":{"type":"LineString","coordinates":[[14.270852,53.066621],[14.270922,53.066705],[14.270856,53.066829]]}},{"type":"Feature","properties":{"mode":"bus","n":11,"arr":["479","481","482","484","491","uvg:403","uvg:459","uvg:468","uvg:469","uvg:472","uvg:475"],"lines":"479, 481, 482, 484, 491, 403, 459, 468, 469, 472, 475"},"geometry":{"type":"LineString","coordinates":[[14.270852,53.066621],[14.270708,53.066892]]}},{"type":"Feature","properties":{"mode":"bus","n":5,"arr":["481","482","486","uvg:469","uvg:472"],"lines":"481, 482, 486, 469, 472"},"geometry":{"type":"LineString","coordinates":[[14.295573,53.061697],[14.297827,53.065995]]}},{"type":"Feature","properties":{"mode":"bus","n":6,"arr":["481","482","484","486","uvg:469","uvg:472"],"lines":"481, 482, 484, 486, 469, 472"},"geometry":{"type":"LineString","coordinates":[[14.295176,53.06095],[14.295573,53.061697]]}},{"type":"Feature","properties":{"mode":"bus","n":10,"arr":["481","482","486","491","uvg:403","uvg:459","uvg:468","uvg:469","uvg:472","uvg:475"],"lines":"481, 482, 486, 491, 403, 459, 468, 469, 472, 475"},"geometry":{"type":"LineString","coordinates":[[14.269441,53.06495],[14.268828,53.064236],[14.268807,53.06422],[14.26878,53.064214],[14.268747,53.064219],[14.261556,53.066166],[14.2614,53.066175],[14.261246,53.066249],[14.260634,53.066422]]}},{"type":"Feature","properties":{"mode":"bus","n":8,"arr":["481","482","486","491","uvg:403","uvg:459","uvg:468","uvg:475"],"lines":"481, 482, 486, 491, 403, 459, 468, 475"},"geometry":{"type":"LineString","coordinates":[[14.260634,53.066422],[14.260376,53.06652],[14.256952,53.067466],[14.256919,53.067471],[14.256893,53.067465],[14.256873,53.067448],[14.25653,53.067002],[14.255947,53.066343]]}},{"type":"Feature","properties":{"mode":"bus","n":8,"arr":["481","482","486","491","uvg:403","uvg:459","uvg:468","uvg:475"],"lines":"481, 482, 486, 491, 403, 459, 468, 475"},"geometry":{"type":"LineString","coordinates":[[14.25503,53.066598],[14.247497,53.06865]]}},{"type":"Feature","properties":{"mode":"bus","n":7,"arr":["481","482","486","491","uvg:403","uvg:459","uvg:475"],"lines":"481, 482, 486, 491, 403, 459, 475"},"geometry":{"type":"LineString","coordinates":[[14.247497,53.06865],[14.245912,53.069081],[14.245271,53.069281],[14.24443,53.069613],[14.243508,53.070067],[14.243486,53.070083],[14.243482,53.070101],[14.243495,53.07012],[14.245747,53.072187],[14.246375,53.072688],[14.247063,53.073183],[14.24849,53.074117]]}},{"type":"Feature","properties":{"mode":"bus","n":7,"arr":["481","482","491","uvg:403","uvg:459","uvg:468","uvg:475"],"lines":"481, 482, 491, 403, 459, 468, 475"},"geometry":{"type":"LineString","coordinates":[[14.255947,53.066343],[14.25503,53.066598]]}},{"type":"Feature","properties":{"mode":"bus","n":5,"arr":["481","482","484","uvg:468","uvg:469"],"lines":"481, 482, 484, 468, 469"},"geometry":{"type":"LineString","coordinates":[[14.270731,53.066675],[14.270796,53.066552]]}},{"type":"Feature","properties":{"mode":"bus","n":6,"arr":["481","486","491","uvg:403","uvg:459","uvg:475"],"lines":"481, 486, 491, 403, 459, 475"},"geometry":{"type":"LineString","coordinates":[[14.24849,53.074117],[14.24861,53.074194]]}},{"type":"Feature","properties":{"mode":"bus","n":5,"arr":["482","491","uvg:403","uvg:459","uvg:475"],"lines":"482, 491, 403, 459, 475"},"geometry":{"type":"LineString","coordinates":[[14.247986,53.068592],[14.247937,53.068529]]}},{"type":"Feature","properties":{"mode":"bus","n":5,"arr":["486","491","uvg:403","uvg:459","uvg:475"],"lines":"486, 491, 403, 459, 475"},"geometry":{"type":"LineString","coordinates":[[14.226852,53.088872],[14.227884,53.08816],[14.227891,53.088042],[14.227166,53.08741],[14.227117,53.087386],[14.227106,53.087379],[14.227102,53.087372],[14.227104,53.087365],[14.227113,53.087358],[14.228654,53.086315],[14.228673,53.086296],[14.228676,53.086277],[14.228663,53.086257],[14.228238,53.085842]]}},{"type":"Feature","properties":{"mode":"bus","n":5,"arr":["486","491","uvg:403","uvg:459","uvg:475"],"lines":"486, 491, 403, 459, 475"},"geometry":{"type":"LineString","coordinates":[[14.238036,53.080175],[14.238248,53.080055],[14.238276,53.080044],[14.238305,53.080044],[14.238332,53.080056],[14.238418,53.080109]]}},{"type":"Feature","properties":{"mode":"bus","n":5,"arr":["486","491","uvg:403","uvg:459","uvg:475"],"lines":"486, 491, 403, 459, 475"},"geometry":{"type":"LineString","coordinates":[[14.244195,53.076758],[14.235996,53.081509],[14.2324,53.083707],[14.231807,53.083996],[14.23116,53.084232],[14.23049,53.084397],[14.22956,53.084553],[14.229414,53.084592],[14.229232,53.08468],[14.229048,53.084848],[14.228861,53.085255],[14.22872,53.085477],[14.228392,53.085854],[14.22733,53.086889],[14.226909,53.087215],[14.226893,53.087233],[14.226893,53.087252],[14.226911,53.08727],[14.227358,53.087578]]}},{"type":"Feature","properties":{"mode":"bus","n":5,"arr":["486","491","uvg:403","uvg:459","uvg:475"],"lines":"486, 491, 403, 459, 475"},"geometry":{"type":"LineString","coordinates":[[14.228231,53.085856],[14.228476,53.085382],[14.22866,53.08482]]}},{"type":"Feature","properties":{"mode":"bus","n":5,"arr":["486","491","uvg:403","uvg:459","uvg:475"],"lines":"486, 491, 403, 459, 475"},"geometry":{"type":"LineString","coordinates":[[14.229215,53.084479],[14.230077,53.084378],[14.230603,53.084281]]}},{"type":"Feature","properties":{"mode":"bus","n":5,"arr":["486","491","uvg:403","uvg:459","uvg:475"],"lines":"486, 491, 403, 459, 475"},"geometry":{"type":"LineString","coordinates":[[14.24861,53.074194],[14.244238,53.076733],[14.244218,53.076742],[14.2442,53.076744],[14.244184,53.076738],[14.244171,53.076725],[14.244141,53.076684],[14.244135,53.076672],[14.244135,53.076664],[14.244142,53.076658],[14.244155,53.076656],[14.244175,53.076657],[14.244335,53.076674]]}},{"type":"Feature","properties":{"mode":"bus","n":5,"arr":["486","491","uvg:403","uvg:459","uvg:475"],"lines":"486, 491, 403, 459, 475"},"geometry":{"type":"LineString","coordinates":[[14.228654,53.084845],[14.229211,53.084502]]}},{"type":"Feature","properties":{"mode":"bus","n":8,"arr":["494","497","bbg:920","uvg:452","uvg:453","uvg:456","uvg:462","uvg:463"],"lines":"494, 497, 920, 452, 453, 456, 462, 463"},"geometry":{"type":"LineString","coordinates":[[13.99736,53.015571],[13.997454,53.015438]]}},{"type":"Feature","properties":{"mode":"bus","n":6,"arr":["494","bbg:920","uvg:453","uvg:456","uvg:462","uvg:463"],"lines":"494, 920, 453, 456, 462, 463"},"geometry":{"type":"LineString","coordinates":[[13.997294,53.015668],[13.99736,53.015571]]}},{"type":"Feature","properties":{"mode":"bus","n":7,"arr":["500","507","lds:472","lds:502","lds:506","lds:512","osl:601"],"lines":"500, 507, 472, 502, 506, 512, 601"},"geometry":{"type":"LineString","coordinates":[[13.885144,51.945577],[13.891959,51.944027],[13.892111,51.943958],[13.892236,51.94386],[13.892316,51.943707],[13.892968,51.941924],[13.893502,51.941061],[13.893901,51.940237]]}},{"type":"Feature","properties":{"mode":"bus","n":6,"arr":["500","507","lds:472","lds:502","lds:506","osl:601"],"lines":"500, 507, 472, 502, 506, 601"},"geometry":{"type":"LineString","coordinates":[[13.893901,51.940237],[13.894026,51.939837]]}},{"type":"Feature","properties":{"mode":"bus","n":7,"arr":["500","507","lds:472","lds:502","lds:506","lds:511","lds:512"],"lines":"500, 507, 472, 502, 506, 511, 512"},"geometry":{"type":"LineString","coordinates":[[13.905885,51.941125],[13.905151,51.941323],[13.905008,51.941345],[13.904689,51.941343],[13.904466,51.941301],[13.903778,51.941084],[13.903447,51.941008],[13.902878,51.940805],[13.902464,51.940717],[13.901551,51.940661],[13.900602,51.940681]]}},{"type":"Feature","properties":{"mode":"bus","n":5,"arr":["500","507","lds:472","lds:502","lds:506"],"lines":"500, 507, 472, 502, 506"},"geometry":{"type":"LineString","coordinates":[[13.913114,51.943025],[13.91217,51.942853],[13.911875,51.942732],[13.911479,51.942483],[13.910657,51.941839],[13.910393,51.941683],[13.909822,51.941457],[13.907041,51.94108],[13.906276,51.941042],[13.905885,51.941125]]}},{"type":"Feature","properties":{"mode":"bus","n":11,"arr":["503","514","515","531","uvg:502","uvg:504","uvg:508","uvg:509","uvg:517","uvg:518","uvg:519"],"lines":"503, 514, 515, 531, 502, 504, 508, 509, 517, 518, 519"},"geometry":{"type":"LineString","coordinates":[[13.501459,53.117264],[13.501205,53.117246]]}},{"type":"Feature","properties":{"mode":"bus","n":5,"arr":["503","514","515","uvg:502","uvg:508"],"lines":"503, 514, 515, 502, 508"},"geometry":{"type":"LineString","coordinates":[[13.502033,53.117306],[13.501459,53.117264]]}},{"type":"Feature","properties":{"mode":"bus","n":12,"arr":["503","514","515","531","uvg:502","uvg:504","uvg:508","uvg:509","uvg:510","uvg:517","uvg:518","uvg:519"],"lines":"503, 514, 515, 531, 502, 504, 508, 509, 510, 517, 518, 519"},"geometry":{"type":"LineString","coordinates":[[13.501205,53.117246],[13.5012,53.117037]]}},{"type":"Feature","properties":{"mode":"bus","n":11,"arr":["503","514","515","531","uvg:502","uvg:504","uvg:508","uvg:510","uvg:517","uvg:518","uvg:519"],"lines":"503, 514, 515, 531, 502, 504, 508, 510, 517, 518, 519"},"geometry":{"type":"LineString","coordinates":[[13.50511,53.117644],[13.503331,53.117216],[13.502504,53.11713],[13.5012,53.117037]]}},{"type":"Feature","properties":{"mode":"bus","n":8,"arr":["503","515","531","uvg:502","uvg:504","uvg:508","uvg:510","uvg:519"],"lines":"503, 515, 531, 502, 504, 508, 510, 519"},"geometry":{"type":"LineString","coordinates":[[13.508498,53.118544],[13.507463,53.118211],[13.506931,53.118065],[13.50511,53.117644]]}},{"type":"Feature","properties":{"mode":"bus","n":6,"arr":["503","515","uvg:502","uvg:504","uvg:510","uvg:519"],"lines":"503, 515, 502, 504, 510, 519"},"geometry":{"type":"LineString","coordinates":[[13.511856,53.121705],[13.511766,53.12161],[13.51169,53.121148],[13.511641,53.121032],[13.510575,53.120008],[13.510466,53.119884],[13.510179,53.119419],[13.509711,53.11892],[13.509419,53.118813],[13.508498,53.118544]]}},{"type":"Feature","properties":{"mode":"bus","n":6,"arr":["503","515","uvg:502","uvg:504","uvg:510","uvg:519"],"lines":"503, 515, 502, 504, 510, 519"},"geometry":{"type":"LineString","coordinates":[[13.536542,53.127852],[13.529645,53.125995],[13.529184,53.125809],[13.527952,53.125182],[13.521859,53.121966],[13.520874,53.121588],[13.520458,53.12149],[13.519905,53.121412],[13.519526,53.121384],[13.518945,53.121378],[13.512144,53.121737],[13.511856,53.121705],[13.511558,53.121778]]}},{"type":"Feature","properties":{"mode":"bus","n":5,"arr":["503","515","uvg:502","uvg:504","uvg:519"],"lines":"503, 515, 502, 504, 519"},"geometry":{"type":"LineString","coordinates":[[13.552024,53.133085],[13.550538,53.131385],[13.550379,53.131241],[13.550209,53.131146],[13.549791,53.131049],[13.547315,53.130652],[13.54571,53.130344],[13.537352,53.128089],[13.536542,53.127852]]}},{"type":"Feature","properties":{"mode":"bus","n":5,"arr":["507","513","516","lds:502","lds:518"],"lines":"507, 513, 516, 502, 518"},"geometry":{"type":"LineString","coordinates":[[14.0016,52.052582],[14.00182,52.052349],[14.001927,52.052152],[14.002614,52.050529],[14.002821,52.050232]]}},{"type":"Feature","properties":{"mode":"bus","n":7,"arr":["507","lds:472","lds:502","lds:506","lds:511","lds:512","osl:601"],"lines":"507, 472, 502, 506, 511, 512, 601"},"geometry":{"type":"LineString","coordinates":[[13.884522,51.935864],[13.883113,51.936509],[13.881784,51.937275],[13.878312,51.939834]]}},{"type":"Feature","properties":{"mode":"bus","n":5,"arr":["507","lds:502","lds:506","lds:511","osl:601"],"lines":"507, 502, 506, 511, 601"},"geometry":{"type":"LineString","coordinates":[[13.893512,51.939444],[13.892401,51.939343],[13.891844,51.939328],[13.891387,51.939246],[13.891198,51.93917],[13.891025,51.939051],[13.890483,51.938538]]}},{"type":"Feature","properties":{"mode":"bus","n":5,"arr":["514","531","uvg:508","uvg:517","uvg:518"],"lines":"514, 531, 508, 517, 518"},"geometry":{"type":"LineString","coordinates":[[13.503077,53.118884],[13.504192,53.118466],[13.504368,53.118376],[13.504598,53.118198],[13.504842,53.117958],[13.50511,53.117644]]}},{"type":"Feature","properties":{"mode":"bus","n":8,"arr":["514","515","531","uvg:504","uvg:508","uvg:509","uvg:510","uvg:519"],"lines":"514, 515, 531, 504, 508, 509, 510, 519"},"geometry":{"type":"LineString","coordinates":[[13.50173,53.117385],[13.501337,53.117355],[13.501287,53.117343],[13.501255,53.117317],[13.501205,53.117246]]}},{"type":"Feature","properties":{"mode":"bus","n":6,"arr":["515","911","921","bbg:915","bbg:917","bbg:920"],"lines":"515, 911, 921, 915, 917, 920"},"geometry":{"type":"LineString","coordinates":[[13.746249,52.979186],[13.744888,52.97954],[13.744838,52.979607],[13.74481,52.979961],[13.744725,52.980135],[13.744722,52.980155],[13.744735,52.98017],[13.744764,52.980181],[13.744901,52.980209],[13.745839,52.980973],[13.746009,52.981057],[13.746176,52.981069],[13.746291,52.981044],[13.747226,52.980738],[13.748436,52.980378],[13.749137,52.9802]]}},{"type":"Feature","properties":{"mode":"bus","n":5,"arr":["515","921","bbg:915","bbg:917","bbg:920"],"lines":"515, 921, 915, 917, 920"},"geometry":{"type":"LineString","coordinates":[[13.751407,52.977837],[13.750698,52.97818],[13.749312,52.978596],[13.747458,52.978897],[13.746249,52.979186]]}},{"type":"Feature","properties":{"mode":"bus","n":5,"arr":["515","911","bbg:915","bbg:917","bbg:920"],"lines":"515, 911, 915, 917, 920"},"geometry":{"type":"LineString","coordinates":[[13.751407,52.977837],[13.751534,52.977965],[13.751368,52.978729],[13.751294,52.978888],[13.750691,52.979645],[13.75049,52.979768],[13.750145,52.979894],[13.749137,52.9802]]}},{"type":"Feature","properties":{"mode":"bus","n":6,"arr":["520","579","585","ee:581","ee:586","ee:587"],"lines":"520, 579, 585, 581, 586, 587"},"geometry":{"type":"LineString","coordinates":[[13.517215,51.459748],[13.517841,51.459849],[13.517895,51.45985],[13.517945,51.459836],[13.518053,51.459786]]}},{"type":"Feature","properties":{"mode":"bus","n":6,"arr":["520","579","585","ee:581","ee:586","ee:587"],"lines":"520, 579, 585, 581, 586, 587"},"geometry":{"type":"LineString","coordinates":[[13.522043,51.459395],[13.521604,51.459387]]}},{"type":"Feature","properties":{"mode":"bus","n":5,"arr":["520","579","ee:581","ee:586","ee:587"],"lines":"520, 579, 581, 586, 587"},"geometry":{"type":"LineString","coordinates":[[13.517898,51.459858],[13.517773,51.459915],[13.517724,51.459929],[13.517669,51.459927],[13.517121,51.459828]]}},{"type":"Feature","properties":{"mode":"bus","n":7,"arr":["520","579","585","ee:581","ee:584","ee:586","ee:587"],"lines":"520, 579, 585, 581, 584, 586, 587"},"geometry":{"type":"LineString","coordinates":[[13.518053,51.459786],[13.518289,51.459678],[13.518387,51.459553],[13.518408,51.459536],[13.518436,51.459525],[13.518472,51.459522],[13.51873,51.459526],[13.521604,51.459387]]}},{"type":"Feature","properties":{"mode":"bus","n":5,"arr":["520","524","577","ee:560","ee:570"],"lines":"520, 524, 577, 560, 570"},"geometry":{"type":"LineString","coordinates":[[13.40282,51.514313],[13.402978,51.514804],[13.40299,51.514824],[13.403014,51.514837],[13.403048,51.514844],[13.40342,51.514876],[13.404498,51.51508],[13.406526,51.515192],[13.407651,51.515162],[13.409043,51.515165]]}},{"type":"Feature","properties":{"mode":"bus","n":6,"arr":["520","524","536","565","577","ee:560"],"lines":"520, 524, 536, 565, 577, 560"},"geometry":{"type":"LineString","coordinates":[[13.403239,51.514437],[13.403249,51.514374]]}},{"type":"Feature","properties":{"mode":"bus","n":5,"arr":["520","524","536","565","577"],"lines":"520, 524, 536, 565, 577"},"geometry":{"type":"LineString","coordinates":[[13.403385,51.51453],[13.403269,51.51451],[13.403249,51.514504],[13.403237,51.514494],[13.403234,51.514481],[13.403239,51.514437]]}},{"type":"Feature","properties":{"mode":"bus","n":9,"arr":["520","524","536","565","575","577","ee:560","ee:570","ee:584"],"lines":"520, 524, 536, 565, 575, 577, 560, 570, 584"},"geometry":{"type":"LineString","coordinates":[[13.399997,51.512542],[13.396997,51.514379],[13.396844,51.514492],[13.396708,51.514683],[13.396694,51.514696],[13.396678,51.514702],[13.396659,51.514702],[13.396636,51.514695],[13.395812,51.514323],[13.395744,51.514316],[13.395709,51.514316],[13.395677,51.514325],[13.394821,51.51471],[13.394432,51.514727]]}},{"type":"Feature","properties":{"mode":"bus","n":5,"arr":["520","565","577","ee:560","ee:570"],"lines":"520, 565, 577, 560, 570"},"geometry":{"type":"LineString","coordinates":[[13.393411,51.51478],[13.392941,51.514748]]}},{"type":"Feature","properties":{"mode":"bus","n":6,"arr":["520","536","565","577","ee:560","ee:570"],"lines":"520, 536, 565, 577, 560, 570"},"geometry":{"type":"LineString","coordinates":[[13.392941,51.514748],[13.392,51.514765],[13.391625,51.514797],[13.389809,51.515178]]}},{"type":"Feature","properties":{"mode":"bus","n":7,"arr":["520","525","526","527e","536","577","578"],"lines":"520, 525, 526, 527e, 536, 577, 578"},"geometry":{"type":"LineString","coordinates":[[13.246002,51.583923],[13.245855,51.583867],[13.245676,51.583843],[13.244622,51.583854],[13.243374,51.583753],[13.242954,51.583802],[13.242667,51.583884],[13.24228,51.583896]]}},{"type":"Feature","properties":{"mode":"bus","n":6,"arr":["520","525","526","527e","536","577"],"lines":"520, 525, 526, 527e, 536, 577"},"geometry":{"type":"LineString","coordinates":[[13.246362,51.584043],[13.2463,51.584129],[13.246285,51.584144],[13.246264,51.584153],[13.246237,51.584157],[13.246198,51.58416],[13.246171,51.584158],[13.246154,51.58415],[13.246144,51.584135],[13.246117,51.584037],[13.246002,51.583923]]}},{"type":"Feature","properties":{"mode":"bus","n":5,"arr":["520","525","526","527e","536"],"lines":"520, 525, 526, 527e, 536"},"geometry":{"type":"LineString","coordinates":[[13.246421,51.583931],[13.246362,51.584043]]}},{"type":"Feature","properties":{"mode":"bus","n":7,"arr":["520","521","524","525","534","544","ee:550"],"lines":"520, 521, 524, 525, 534, 544, 550"},"geometry":{"type":"LineString","coordinates":[[13.225843,51.688824],[13.226089,51.68893]]}},{"type":"Feature","properties":{"mode":"bus","n":7,"arr":["520","521","524","525","534","544","ee:550"],"lines":"520, 521, 524, 525, 534, 544, 550"},"geometry":{"type":"LineString","coordinates":[[13.226182,51.68897],[13.226252,51.688985]]}},{"type":"Feature","properties":{"mode":"bus","n":8,"arr":["520","521","524","525","527","534","544","ee:550"],"lines":"520, 521, 524, 525, 527, 534, 544, 550"},"geometry":{"type":"LineString","coordinates":[[13.226089,51.68893],[13.226182,51.68897]]}},{"type":"Feature","properties":{"mode":"bus","n":7,"arr":["520","521","524","525","527","544","ee:542"],"lines":"520, 521, 524, 525, 527, 544, 542"},"geometry":{"type":"LineString","coordinates":[[13.226385,51.689104],[13.226876,51.689268]]}},{"type":"Feature","properties":{"mode":"bus","n":10,"arr":["520","521","524","525","527","527e","534","544","ee:542","ee:550"],"lines":"520, 521, 524, 525, 527, 527e, 534, 544, 542, 550"},"geometry":{"type":"LineString","coordinates":[[13.226876,51.689268],[13.228505,51.690013],[13.229856,51.690723],[13.230354,51.690957],[13.230377,51.690973],[13.230382,51.69099],[13.230369,51.691009],[13.229707,51.691635],[13.229631,51.691732],[13.229497,51.692035]]}},{"type":"Feature","properties":{"mode":"bus","n":8,"arr":["520","521","524","525","534","544","ee:542","ee:550"],"lines":"520, 521, 524, 525, 534, 544, 542, 550"},"geometry":{"type":"LineString","coordinates":[[13.226252,51.688985],[13.226358,51.689028]]}},{"type":"Feature","properties":{"mode":"bus","n":9,"arr":["520","521","524","525","527e","534","544","ee:542","ee:550"],"lines":"520, 521, 524, 525, 527e, 534, 544, 542, 550"},"geometry":{"type":"LineString","coordinates":[[13.226358,51.689028],[13.226741,51.689181],[13.226876,51.689268]]}},{"type":"Feature","properties":{"mode":"bus","n":9,"arr":["520","521","524","525","527","534","544","ee:542","ee:550"],"lines":"520, 521, 524, 525, 527, 534, 544, 542, 550"},"geometry":{"type":"LineString","coordinates":[[13.229497,51.692035],[13.229403,51.692192],[13.229039,51.692595]]}},{"type":"Feature","properties":{"mode":"bus","n":5,"arr":["520","521","527","527e","ee:542"],"lines":"520, 521, 527, 527e, 542"},"geometry":{"type":"LineString","coordinates":[[13.225748,51.691395],[13.227519,51.692018],[13.229039,51.692595]]}},{"type":"Feature","properties":{"mode":"bus","n":5,"arr":["520","521","524","525","527"],"lines":"520, 521, 524, 525, 527"},"geometry":{"type":"LineString","coordinates":[[13.229342,51.692258],[13.229301,51.692223],[13.229313,51.692157],[13.229466,51.691919]]}},{"type":"Feature","properties":{"mode":"bus","n":7,"arr":["520","521","524","525","527","534","ee:542"],"lines":"520, 521, 524, 525, 527, 534, 542"},"geometry":{"type":"LineString","coordinates":[[13.229466,51.691919],[13.229488,51.691915]]}},{"type":"Feature","properties":{"mode":"bus","n":8,"arr":["520","521","524","525","527","534","544","ee:542"],"lines":"520, 521, 524, 525, 527, 534, 544, 542"},"geometry":{"type":"LineString","coordinates":[[13.229488,51.691915],[13.229539,51.691921]]}},{"type":"Feature","properties":{"mode":"bus","n":5,"arr":["525","526","527e","536","577"],"lines":"525, 526, 527e, 536, 577"},"geometry":{"type":"LineString","coordinates":[[13.236302,51.585028],[13.238528,51.585047]]}},{"type":"Feature","properties":{"mode":"bus","n":5,"arr":["525","526","527e","536","577"],"lines":"525, 526, 527e, 536, 577"},"geometry":{"type":"LineString","coordinates":[[13.237569,51.585446],[13.240183,51.584379],[13.241887,51.584117],[13.242061,51.584075],[13.242199,51.583999],[13.24228,51.583896]]}},{"type":"Feature","properties":{"mode":"bus","n":9,"arr":["540","582","588","589","590","pm:570","pm:581","pm:586","pm:587"],"lines":"540, 582, 588, 589, 590, 570, 581, 586, 587"},"geometry":{"type":"LineString","coordinates":[[12.590493,52.144348],[12.590577,52.144356],[12.590619,52.144354],[12.590654,52.14434],[12.590754,52.144277],[12.590755,52.14423],[12.590747,52.144206],[12.590723,52.144188],[12.590364,52.144009]]}},{"type":"Feature","properties":{"mode":"bus","n":10,"arr":["540","572","582","588","589","590","pm:570","pm:581","pm:586","pm:587"],"lines":"540, 572, 582, 588, 589, 590, 570, 581, 586, 587"},"geometry":{"type":"LineString","coordinates":[[12.590364,52.144009],[12.590096,52.143886],[12.590073,52.14387],[12.590068,52.143853],[12.590079,52.143833],[12.590133,52.143779],[12.590144,52.14376],[12.590137,52.143743],[12.590112,52.143729],[12.589725,52.143587],[12.589389,52.143396]]}},{"type":"Feature","properties":{"mode":"bus","n":10,"arr":["540","572","582","588","589","590","pm:570","pm:581","pm:586","pm:587"],"lines":"540, 572, 582, 588, 589, 590, 570, 581, 586, 587"},"geometry":{"type":"LineString","coordinates":[[12.58998,52.144104],[12.590493,52.144348]]}},{"type":"Feature","properties":{"mode":"bus","n":9,"arr":["540","572","582","588","589","590","pm:570","pm:581","pm:586"],"lines":"540, 572, 582, 588, 589, 590, 570, 581, 586"},"geometry":{"type":"LineString","coordinates":[[12.593393,52.141499],[12.593156,52.14153],[12.590568,52.141511],[12.589589,52.141901],[12.588561,52.142179],[12.588534,52.142191],[12.588523,52.142207],[12.58853,52.142227],[12.588915,52.142782],[12.589134,52.143004],[12.589389,52.143396]]}},{"type":"Feature","properties":{"mode":"bus","n":8,"arr":["540","572","582","588","590","pm:570","pm:581","pm:586"],"lines":"540, 572, 582, 588, 590, 570, 581, 586"},"geometry":{"type":"LineString","coordinates":[[12.594637,52.141258],[12.594365,52.141363],[12.593952,52.141469],[12.593549,52.141524],[12.593393,52.141499]]}},{"type":"Feature","properties":{"mode":"bus","n":9,"arr":["540","572","582","588","590","pm:570","pm:581","pm:586","pm:587"],"lines":"540, 572, 582, 588, 590, 570, 581, 586, 587"},"geometry":{"type":"LineString","coordinates":[[12.590049,52.143864],[12.589916,52.144006],[12.589933,52.144074],[12.58998,52.144104]]}},{"type":"Feature","properties":{"mode":"bus","n":5,"arr":["544","571","592","ee:550","ee:560"],"lines":"544, 571, 592, 550, 560"},"geometry":{"type":"LineString","coordinates":[[13.561904,51.636516],[13.562213,51.636902],[13.562424,51.637406]]}},{"type":"Feature","properties":{"mode":"bus","n":6,"arr":["544","571","592","ee:550","ee:553","ee:560"],"lines":"544, 571, 592, 550, 553, 560"},"geometry":{"type":"LineString","coordinates":[[13.564233,51.628497],[13.564207,51.628672],[13.56406,51.628901],[13.563858,51.6291],[13.562581,51.630108],[13.562321,51.630408],[13.562247,51.6306],[13.562186,51.63103],[13.562195,51.63171],[13.562188,51.631731],[13.562169,51.631745],[13.562137,51.631752],[13.560824,51.631882],[13.560513,51.63194],[13.559795,51.632509],[13.559673,51.632638],[13.559691,51.632722],[13.560127,51.633556],[13.560236,51.634052],[13.560604,51.63475],[13.560817,51.635244],[13.561904,51.636516]]}},{"type":"Feature","properties":{"mode":"bus","n":6,"arr":["544","571","592","ee:550","ee:553","ee:560"],"lines":"544, 571, 592, 550, 553, 560"},"geometry":{"type":"LineString","coordinates":[[13.56383,51.621045],[13.563564,51.620839]]}},{"type":"Feature","properties":{"mode":"bus","n":5,"arr":["544","571","ee:550","ee:553","ee:560"],"lines":"544, 571, 550, 553, 560"},"geometry":{"type":"LineString","coordinates":[[13.559673,51.632638],[13.559618,51.63262]]}},{"type":"Feature","properties":{"mode":"bus","n":5,"arr":["571","592","ee:550","ee:553","ee:560"],"lines":"571, 592, 550, 553, 560"},"geometry":{"type":"LineString","coordinates":[[13.563564,51.620839],[13.56333,51.620748],[13.562058,51.62049],[13.56145,51.620255],[13.561296,51.620227],[13.561137,51.620234],[13.561113,51.620237],[13.561099,51.620244],[13.561095,51.620254],[13.561102,51.620269],[13.561224,51.620441],[13.561584,51.620693],[13.561821,51.620921],[13.562118,51.621357],[13.5624,51.621919],[13.562471,51.622235],[13.562642,51.624412],[13.56272,51.624857],[13.563058,51.625907],[13.56358,51.627288],[13.564079,51.628069],[13.564217,51.628373],[13.564233,51.628497]]}},{"type":"Feature","properties":{"mode":"bus","n":6,"arr":["545","548","549","582","pm:546","pm:584"],"lines":"545, 548, 549, 582, 546, 584"},"geometry":{"type":"LineString","coordinates":[[12.848934,52.088422],[12.850125,52.088637],[12.850608,52.088784],[12.851798,52.089345],[12.852346,52.089635],[12.854504,52.09064],[12.854815,52.09067],[12.854985,52.090656],[12.855301,52.090589],[12.855902,52.090445],[12.856213,52.090277],[12.856243,52.090266],[12.856273,52.090265],[12.856304,52.090275],[12.860422,52.092178],[12.861086,52.092465],[12.862154,52.092975],[12.862712,52.093215],[12.863004,52.093294]]}},{"type":"Feature","properties":{"mode":"bus","n":5,"arr":["554","580","645","pm:550","pm:553"],"lines":"554, 580, 645, 550, 553"},"geometry":{"type":"LineString","coordinates":[[12.744845,52.31786],[12.744674,52.317485],[12.744671,52.317464],[12.744685,52.31745],[12.744715,52.31744],[12.744934,52.317403],[12.744967,52.317401],[12.744992,52.317409],[12.745007,52.317428],[12.745527,52.318549],[12.745693,52.318774],[12.745745,52.318803],[12.745764,52.318821],[12.745765,52.318842],[12.745655,52.319162]]}},{"type":"Feature","properties":{"mode":"bus","n":6,"arr":["554","645","D/524","H/528","pm:581","W/540"],"lines":"554, 645, D/524, H/528, 581, W/540"},"geometry":{"type":"LineString","coordinates":[[12.58981,52.402271],[12.590234,52.402016],[12.590635,52.401734]]}},{"type":"Feature","properties":{"mode":"bus","n":6,"arr":["554","645","D/524","H/528","pm:581","W/540"],"lines":"554, 645, D/524, H/528, 581, W/540"},"geometry":{"type":"LineString","coordinates":[[12.590618,52.401576],[12.590114,52.401954],[12.589302,52.402424],[12.58929,52.402431],[12.589284,52.402436],[12.589283,52.402439],[12.589287,52.402439],[12.589296,52.402437],[12.589311,52.402432],[12.589758,52.402288],[12.589773,52.402283],[12.589782,52.402281],[12.589786,52.402281],[12.589785,52.402284],[12.589778,52.402288],[12.589766,52.402295],[12.585125,52.404847],[12.584086,52.405309],[12.583644,52.405466],[12.58276,52.40572],[12.581946,52.405879],[12.581271,52.405964],[12.580647,52.406016],[12.579914,52.406031],[12.579381,52.406015],[12.57585,52.405765],[12.575487,52.405716],[12.574893,52.405584],[12.574524,52.40544],[12.574214,52.405277],[12.574197,52.405265],[12.57419,52.405252],[12.574194,52.40524],[12.574209,52.405227],[12.5743,52.405167]]}},{"type":"Feature","properties":{"mode":"bus","n":6,"arr":["554","645","H/528","L/530","pm:581","W/540"],"lines":"554, 645, H/528, L/530, 581, W/540"},"geometry":{"type":"LineString","coordinates":[[12.574169,52.405253],[12.570142,52.403085],[12.568748,52.402533]]}},{"type":"Feature","properties":{"mode":"bus","n":18,"arr":["554","561","563","569","645","B/522","brb:2","brb:N1","brb:N2","D/524","H/528","K/529","L/530","N4","pm:551","pm:558","pm:581","W/540"],"lines":"554, 561, 563, 569, 645, B/522, 2, N1, N2, D/524, H/528, K/529, L/530, N4, 551, 558, 581, W/540"},"geometry":{"type":"LineString","coordinates":[[12.568795,52.402421],[12.568748,52.402533]]}},{"type":"Feature","properties":{"mode":"bus","n":17,"arr":["554","561","563","569","645","B/522","brb:2","brb:N1","brb:N2","D/524","K/529","L/530","N4","pm:551","pm:558","pm:581","W/540"],"lines":"554, 561, 563, 569, 645, B/522, 2, N1, N2, D/524, K/529, L/530, N4, 551, 558, 581, W/540"},"geometry":{"type":"LineString","coordinates":[[12.568795,52.402421],[12.568863,52.402277],[12.568866,52.402255],[12.568854,52.402238],[12.568827,52.402224],[12.568371,52.402068]]}},{"type":"Feature","properties":{"mode":"bus","n":14,"arr":["554","561","563","569","645","B/522","brb:2","D/524","K/529","L/530","pm:551","pm:558","pm:581","W/540"],"lines":"554, 561, 563, 569, 645, B/522, 2, D/524, K/529, L/530, 551, 558, 581, W/540"},"geometry":{"type":"LineString","coordinates":[[12.568371,52.402068],[12.568084,52.401965]]}},{"type":"Feature","properties":{"mode":"bus","n":12,"arr":["554","561","569","645","brb:2","D/524","K/529","L/530","pm:551","pm:558","pm:581","W/540"],"lines":"554, 561, 569, 645, 2, D/524, K/529, L/530, 551, 558, 581, W/540"},"geometry":{"type":"LineString","coordinates":[[12.568084,52.401965],[12.567497,52.401754]]}},{"type":"Feature","properties":{"mode":"bus","n":5,"arr":["554","645","D/524","pm:581","W/540"],"lines":"554, 645, D/524, 581, W/540"},"geometry":{"type":"LineString","coordinates":[[12.5743,52.405167],[12.572947,52.404491],[12.570042,52.402933],[12.568795,52.402421]]}},{"type":"Feature","properties":{"mode":"bus","n":9,"arr":["561","brb:2","D/524","K/529","L/530","N4","pm:551","pm:581","W/540"],"lines":"561, 2, D/524, K/529, L/530, N4, 551, 581, W/540"},"geometry":{"type":"LineString","coordinates":[[12.567497,52.401754],[12.567238,52.401661]]}},{"type":"Feature","properties":{"mode":"bus","n":9,"arr":["561","563","569","B/522","brb:2","brb:N2","H/528","K/529","pm:551"],"lines":"561, 563, 569, B/522, 2, N2, H/528, K/529, 551"},"geometry":{"type":"LineString","coordinates":[[12.568748,52.402533],[12.566025,52.401516]]}},{"type":"Feature","properties":{"mode":"bus","n":9,"arr":["561","563","569","B/522","brb:2","brb:N2","H/528","K/529","pm:551"],"lines":"561, 563, 569, B/522, 2, N2, H/528, K/529, 551"},"geometry":{"type":"LineString","coordinates":[[12.56043,52.399735],[12.56314,52.400416],[12.56398,52.400672],[12.565567,52.401234]]}},{"type":"Feature","properties":{"mode":"bus","n":10,"arr":["561","563","567","569","B/522","brb:2","brb:N2","H/528","K/529","pm:551"],"lines":"561, 563, 567, 569, B/522, 2, N2, H/528, K/529, 551"},"geometry":{"type":"LineString","coordinates":[[12.566025,52.401516],[12.563884,52.400761],[12.563077,52.40052],[12.560416,52.399872]]}},{"type":"Feature","properties":{"mode":"bus","n":7,"arr":["561","563","567","569","B/522","brb:N2","pm:551"],"lines":"561, 563, 567, 569, B/522, N2, 551"},"geometry":{"type":"LineString","coordinates":[[12.560416,52.399872],[12.560231,52.400009],[12.559465,52.400839],[12.559242,52.401169],[12.558756,52.402084],[12.558385,52.402408],[12.557456,52.403045],[12.557115,52.403332]]}},{"type":"Feature","properties":{"mode":"bus","n":7,"arr":["561","563","567","569","B/522","brb:N2","pm:551"],"lines":"561, 563, 567, 569, B/522, N2, 551"},"geometry":{"type":"LineString","coordinates":[[12.556374,52.403924],[12.556216,52.404012]]}},{"type":"Feature","properties":{"mode":"bus","n":6,"arr":["561","563","567","569","brb:N2","pm:551"],"lines":"561, 563, 567, 569, N2, 551"},"geometry":{"type":"LineString","coordinates":[[12.557115,52.403332],[12.556892,52.403551],[12.556374,52.403924]]}},{"type":"Feature","properties":{"mode":"bus","n":5,"arr":["561","B/522","D/524","N4","pm:551"],"lines":"561, B/522, D/524, N4, 551"},"geometry":{"type":"LineString","coordinates":[[12.556216,52.404012],[12.554917,52.402804],[12.554325,52.402372],[12.552215,52.401414],[12.550956,52.400753],[12.549101,52.399721]]}},{"type":"Feature","properties":{"mode":"bus","n":5,"arr":["561","B/522","D/524","N4","pm:551"],"lines":"561, B/522, D/524, N4, 551"},"geometry":{"type":"LineString","coordinates":[[12.548953,52.39964],[12.546345,52.397559]]}},{"type":"Feature","properties":{"mode":"bus","n":5,"arr":["561","B/522","D/524","N4","pm:551"],"lines":"561, B/522, D/524, N4, 551"},"geometry":{"type":"LineString","coordinates":[[12.545328,52.397118],[12.546098,52.397489],[12.546291,52.397544],[12.546309,52.397548],[12.546321,52.397549],[12.546325,52.397546],[12.546323,52.397539],[12.546314,52.397528],[12.546251,52.397466],[12.546008,52.397323],[12.545399,52.397061]]}},{"type":"Feature","properties":{"mode":"bus","n":7,"arr":["561","B/522","brb:2","D/524","K/529","N4","pm:551"],"lines":"561, B/522, 2, D/524, K/529, N4, 551"},"geometry":{"type":"LineString","coordinates":[[12.549101,52.399721],[12.548953,52.39964]]}},{"type":"Feature","properties":{"mode":"bus","n":5,"arr":["561","563","569","B/522","brb:N2"],"lines":"561, 563, 569, B/522, N2"},"geometry":{"type":"LineString","coordinates":[[12.560259,52.399822],[12.559738,52.400379],[12.559094,52.401152],[12.558566,52.402247]]}},{"type":"Feature","properties":{"mode":"bus","n":6,"arr":["561","563","569","B/522","brb:2","brb:N2"],"lines":"561, 563, 569, B/522, 2, N2"},"geometry":{"type":"LineString","coordinates":[[12.56043,52.399735],[12.560259,52.399822]]}},{"type":"Feature","properties":{"mode":"bus","n":8,"arr":["563","567","569","brb:N1","brb:N2","F/526","L/530","W/540"],"lines":"563, 567, 569, N1, N2, F/526, L/530, W/540"},"geometry":{"type":"LineString","coordinates":[[12.556216,52.404012],[12.554578,52.404981],[12.551127,52.406961],[12.550508,52.407452],[12.550279,52.407678],[12.54797,52.409056]]}},{"type":"Feature","properties":{"mode":"bus","n":5,"arr":["563","brb:N2","F/526","H/528","L/530"],"lines":"563, N2, F/526, H/528, L/530"},"geometry":{"type":"LineString","coordinates":[[12.54797,52.409056],[12.547547,52.408832],[12.546733,52.408633],[12.53837,52.406709],[12.537037,52.40642]]}},{"type":"Feature","properties":{"mode":"bus","n":6,"arr":["563","brb:2","brb:N2","F/526","K/529","L/530"],"lines":"563, 2, N2, F/526, K/529, L/530"},"geometry":{"type":"LineString","coordinates":[[12.536874,52.406382],[12.537037,52.40642]]}},{"type":"Feature","properties":{"mode":"bus","n":5,"arr":["567","569","brb:N1","H/528","W/540"],"lines":"567, 569, N1, H/528, W/540"},"geometry":{"type":"LineString","coordinates":[[12.554771,52.417393],[12.554672,52.417243],[12.554302,52.416854],[12.554066,52.416627],[12.553908,52.41651],[12.553891,52.416491],[12.55389,52.416472],[12.553906,52.416453],[12.554945,52.415625],[12.55506,52.415504],[12.555345,52.415091],[12.555353,52.41507],[12.555344,52.415052],[12.55532,52.415037],[12.554367,52.414611],[12.553297,52.414063],[12.553276,52.414047],[12.553269,52.414027],[12.553268,52.413986],[12.553309,52.41395],[12.553711,52.413725],[12.553742,52.413667],[12.553713,52.413596],[12.55354,52.413428],[12.553134,52.413065],[12.552944,52.412934],[12.551738,52.412304],[12.550833,52.411867],[12.550448,52.411638],[12.549675,52.410934],[12.549601,52.410778],[12.549599,52.410432],[12.549548,52.410203],[12.549482,52.410074],[12.549137,52.409786],[12.54797,52.409056]]}},{"type":"Feature","properties":{"mode":"bus","n":6,"arr":["567","569","B/522","brb:N1","H/528","W/540"],"lines":"567, 569, B/522, N1, H/528, W/540"},"geometry":{"type":"LineString","coordinates":[[12.556721,52.421358],[12.556652,52.420922],[12.556695,52.420825],[12.556623,52.42046],[12.556486,52.419987],[12.556305,52.419603],[12.555382,52.418276],[12.555208,52.418095],[12.554771,52.417393]]}},{"type":"Feature","properties":{"mode":"bus","n":6,"arr":["567","B/522","brb:N1","C/523","H/528","W/540"],"lines":"567, B/522, N1, C/523, H/528, W/540"},"geometry":{"type":"LineString","coordinates":[[12.54984,52.421915],[12.55061,52.421981],[12.550972,52.421974],[12.553572,52.421641],[12.556721,52.421358]]}},{"type":"Feature","properties":{"mode":"bus","n":6,"arr":["567","B/522","brb:N1","C/523","H/528","W/540"],"lines":"567, B/522, N1, C/523, H/528, W/540"},"geometry":{"type":"LineString","coordinates":[[12.53715,52.41924],[12.538024,52.419556],[12.53868,52.419745],[12.539165,52.419854],[12.539836,52.419957]]}},{"type":"Feature","properties":{"mode":"bus","n":6,"arr":["567","B/522","brb:N1","C/523","H/528","W/540"],"lines":"567, B/522, N1, C/523, H/528, W/540"},"geometry":{"type":"LineString","coordinates":[[12.535875,52.418791],[12.536542,52.419062],[12.537097,52.419224],[12.537112,52.419229],[12.537121,52.419231],[12.537124,52.419231],[12.537122,52.41923],[12.537113,52.419227],[12.5371,52.419221],[12.536808,52.419113],[12.536289,52.418845],[12.536019,52.418733]]}},{"type":"Feature","properties":{"mode":"bus","n":5,"arr":["569","B/522","brb:N1","H/528","W/540"],"lines":"569, B/522, N1, H/528, W/540"},"geometry":{"type":"LineString","coordinates":[[12.556652,52.420922],[12.556579,52.420795],[12.556365,52.420014],[12.556232,52.419737],[12.555282,52.41831],[12.555208,52.418095]]}},{"type":"Feature","properties":{"mode":"bus","n":7,"arr":["572","582","588","590","pm:570","pm:581","pm:586"],"lines":"572, 582, 588, 590, 570, 581, 586"},"geometry":{"type":"LineString","coordinates":[[12.596321,52.140476],[12.594637,52.141258]]}},{"type":"Feature","properties":{"mode":"bus","n":7,"arr":["572","582","588","590","pm:570","pm:581","pm:586"],"lines":"572, 582, 588, 590, 570, 581, 586"},"geometry":{"type":"LineString","coordinates":[[12.591812,52.136745],[12.592219,52.136813],[12.592408,52.136816],[12.592621,52.136759],[12.592875,52.136635],[12.593003,52.13661],[12.594709,52.13642],[12.594828,52.136361],[12.595501,52.136242],[12.595535,52.13624],[12.59556,52.136248],[12.595576,52.136266],[12.596628,52.138284],[12.597721,52.139956]]}},{"type":"Feature","properties":{"mode":"bus","n":6,"arr":["572","582","588","pm:570","pm:581","pm:586"],"lines":"572, 582, 588, 570, 581, 586"},"geometry":{"type":"LineString","coordinates":[[12.591812,52.136745],[12.591793,52.136811],[12.591827,52.136981],[12.592002,52.137393],[12.592337,52.137908],[12.59245,52.138028],[12.593383,52.138631],[12.595601,52.139901],[12.596321,52.140476]]}},{"type":"Feature","properties":{"mode":"bus","n":6,"arr":["572","582","590","pm:570","pm:581","pm:586"],"lines":"572, 582, 590, 570, 581, 586"},"geometry":{"type":"LineString","coordinates":[[12.597721,52.139956],[12.601607,52.13894],[12.604742,52.138086]]}},{"type":"Feature","properties":{"mode":"bus","n":5,"arr":["572","582","583","pm:584","pm:586"],"lines":"572, 582, 583, 584, 586"},"geometry":{"type":"LineString","coordinates":[[12.690212,52.070796],[12.691945,52.070761],[12.693042,52.070812],[12.694182,52.070837],[12.69552,52.070799],[12.695825,52.070854],[12.699093,52.070979]]}},{"type":"Feature","properties":{"mode":"bus","n":5,"arr":["572","582","590","pm:570","pm:581"],"lines":"572, 582, 590, 570, 581"},"geometry":{"type":"LineString","coordinates":[[12.595613,52.136334],[12.594993,52.13642],[12.594709,52.13642]]}},{"type":"Feature","properties":{"mode":"bus","n":12,"arr":["579","595","598","599","618","625","ee:546","ee:550","ee:551","ee:552","ee:558","ee:570"],"lines":"579, 595, 598, 599, 618, 625, 546, 550, 551, 552, 558, 570"},"geometry":{"type":"LineString","coordinates":[[13.710757,51.636371],[13.712184,51.635409]]}},{"type":"Feature","properties":{"mode":"bus","n":13,"arr":["579","595","598","599","618","625","ee:546","ee:550","ee:551","ee:552","ee:558","ee:560","ee:570"],"lines":"579, 595, 598, 599, 618, 625, 546, 550, 551, 552, 558, 560, 570"},"geometry":{"type":"LineString","coordinates":[[13.710506,51.636452],[13.710655,51.636421],[13.710757,51.636371]]}},{"type":"Feature","properties":{"mode":"bus","n":11,"arr":["579","595","599","618","625","ee:546","ee:550","ee:551","ee:552","ee:558","ee:570"],"lines":"579, 595, 599, 618, 625, 546, 550, 551, 552, 558, 570"},"geometry":{"type":"LineString","coordinates":[[13.712184,51.635409],[13.714678,51.633782]]}},{"type":"Feature","properties":{"mode":"bus","n":7,"arr":["579","595","625","ee:546","ee:550","ee:558","ee:570"],"lines":"579, 595, 625, 546, 550, 558, 570"},"geometry":{"type":"LineString","coordinates":[[13.714678,51.633782],[13.714718,51.633736]]}},{"type":"Feature","properties":{"mode":"bus","n":6,"arr":["579","625","ee:550","ee:551","ee:558","ee:570"],"lines":"579, 625, 550, 551, 558, 570"},"geometry":{"type":"LineString","coordinates":[[13.714525,51.63269],[13.714449,51.632465],[13.714062,51.632017],[13.712756,51.630658],[13.712664,51.630568],[13.712546,51.630504],[13.712111,51.630345],[13.712066,51.630268],[13.712103,51.630184],[13.712309,51.630013],[13.712748,51.629527],[13.713056,51.629237],[13.714391,51.628265],[13.714534,51.6281],[13.714611,51.62795]]}},{"type":"Feature","properties":{"mode":"bus","n":6,"arr":["579e","617","625","C/692","G/693","osl:622"],"lines":"579e, 617, 625, C/692, G/693, 622"},"geometry":{"type":"LineString","coordinates":[[13.752695,51.496096],[13.75304,51.495588]]}},{"type":"Feature","properties":{"mode":"bus","n":7,"arr":["579e","617","625","A/690","C/692","G/693","osl:622"],"lines":"579e, 617, 625, A/690, C/692, G/693, 622"},"geometry":{"type":"LineString","coordinates":[[13.75304,51.495588],[13.7538,51.494614],[13.753839,51.494506],[13.753824,51.494421]]}},{"type":"Feature","properties":{"mode":"bus","n":10,"arr":["579e","617","625","A/690","B/691","C/692","ee:581","G/693","osl:622","osl:626"],"lines":"579e, 617, 625, A/690, B/691, C/692, 581, G/693, 622, 626"},"geometry":{"type":"LineString","coordinates":[[13.754344,51.49427],[13.755091,51.494198],[13.758946,51.494065]]}},{"type":"Feature","properties":{"mode":"bus","n":6,"arr":["580","631","633","635","E30","pm:641"],"lines":"580, 631, 633, 635, E30, 641"},"geometry":{"type":"LineString","coordinates":[[12.918433,52.370806],[12.916209,52.370946],[12.916184,52.37095],[12.916169,52.370958],[12.916164,52.370969],[12.916168,52.370984],[12.916201,52.37105],[12.9163,52.371107],[12.920483,52.372393],[12.926744,52.374243]]}},{"type":"Feature","properties":{"mode":"bus","n":6,"arr":["580","631","633","635","E30","pm:641"],"lines":"580, 631, 633, 635, E30, 641"},"geometry":{"type":"LineString","coordinates":[[12.934108,52.376464],[12.931693,52.375814]]}},{"type":"Feature","properties":{"mode":"bus","n":5,"arr":["580","631","633","635","pm:641"],"lines":"580, 631, 633, 635, 641"},"geometry":{"type":"LineString","coordinates":[[12.918433,52.370806],[12.918466,52.370863],[12.918385,52.371751]]}},{"type":"Feature","properties":{"mode":"bus","n":5,"arr":["580","631","633","635","pm:641"],"lines":"580, 631, 633, 635, 641"},"geometry":{"type":"LineString","coordinates":[[12.931693,52.375814],[12.930522,52.375515],[12.926744,52.374243]]}},{"type":"Feature","properties":{"mode":"bus","n":5,"arr":["580","631","N14","pm:610","X5"],"lines":"580, 631, N14, 610, X5"},"geometry":{"type":"LineString","coordinates":[[13.030723,52.390095],[13.030339,52.389878],[13.029518,52.389331],[13.029219,52.389057],[13.028658,52.388643]]}},{"type":"Feature","properties":{"mode":"bus","n":6,"arr":["580","631","N14","pm:610","vip:605","X5"],"lines":"580, 631, N14, 610, 605, X5"},"geometry":{"type":"LineString","coordinates":[[13.036873,52.393428],[13.032791,52.391194],[13.030723,52.390095]]}},{"type":"Feature","properties":{"mode":"bus","n":5,"arr":["580","631","N14","vip:605","X5"],"lines":"580, 631, N14, 605, X5"},"geometry":{"type":"LineString","coordinates":[[13.040051,52.395158],[13.036873,52.393428]]}},{"type":"Feature","properties":{"mode":"bus","n":6,"arr":["580","631","695","vip:605","X5","X15"],"lines":"580, 631, 695, 605, X5, X15"},"geometry":{"type":"LineString","coordinates":[[13.064094,52.390753],[13.063817,52.390966],[13.063685,52.391148],[13.063454,52.391982],[13.063221,52.392335],[13.062978,52.392543],[13.060909,52.393998]]}},{"type":"Feature","properties":{"mode":"bus","n":8,"arr":["580","691","694","695","pm:607","pm:608","pm:643","X43"],"lines":"580, 691, 694, 695, 607, 608, 643, X43"},"geometry":{"type":"LineString","coordinates":[[13.065813,52.39042],[13.065362,52.39046]]}},{"type":"Feature","properties":{"mode":"bus","n":8,"arr":["580","691","694","695","pm:607","pm:608","pm:643","X43"],"lines":"580, 691, 694, 695, 607, 608, 643, X43"},"geometry":{"type":"LineString","coordinates":[[13.06597,52.390455],[13.066129,52.390491]]}},{"type":"Feature","properties":{"mode":"bus","n":7,"arr":["580","691","695","pm:607","pm:608","pm:643","X43"],"lines":"580, 691, 695, 607, 608, 643, X43"},"geometry":{"type":"LineString","coordinates":[[13.06597,52.390455],[13.065813,52.39042]]}},{"type":"Feature","properties":{"mode":"bus","n":17,"arr":["580","690","691","694","695","BER2","N17","pm:601","pm:607","pm:608","pm:643","pm:N13","pm:X1","tf:715","vip:N13","X19","X43"],"lines":"580, 690, 691, 694, 695, BER2, N17, 601, 607, 608, 643, N13, X1, 715, N13, X19, X43"},"geometry":{"type":"LineString","coordinates":[[13.066144,52.390625],[13.066129,52.390491]]}},{"type":"Feature","properties":{"mode":"bus","n":17,"arr":["580","631","690","691","694","695","N17","pm:601","pm:607","pm:608","pm:643","pm:N13","pm:X1","tf:715","vip:N13","X19","X43"],"lines":"580, 631, 690, 691, 694, 695, N17, 601, 607, 608, 643, N13, X1, 715, N13, X19, X43"},"geometry":{"type":"LineString","coordinates":[[13.066151,52.390681],[13.066144,52.390625]]}},{"type":"Feature","properties":{"mode":"bus","n":14,"arr":["580","631","690","691","694","695","pm:601","pm:607","pm:608","pm:643","pm:N13","pm:X1","vip:N13","X43"],"lines":"580, 631, 690, 691, 694, 695, 601, 607, 608, 643, N13, X1, N13, X43"},"geometry":{"type":"LineString","coordinates":[[13.066151,52.390681],[13.066157,52.390737]]}},{"type":"Feature","properties":{"mode":"bus","n":5,"arr":["580","691","hvb:604","N16","N17"],"lines":"580, 691, 604, N16, N17"},"geometry":{"type":"LineString","coordinates":[[13.066601,52.390723],[13.066157,52.390737]]}},{"type":"Feature","properties":{"mode":"bus","n":7,"arr":["690","694","N17","pm:601","pm:N13","pm:X1","vip:N13"],"lines":"690, 694, N17, 601, N13, X1, N13"},"geometry":{"type":"LineString","coordinates":[[13.067081,52.390707],[13.066601,52.390723]]}},{"type":"Feature","properties":{"mode":"bus","n":18,"arr":["580","690","694","695","hvb:604","N14","N15","N16","N17","pm:601","pm:N13","pm:X1","tf:715","vip:605","vip:N13","X5","X15","X19"],"lines":"580, 690, 694, 695, 604, N14, N15, N16, N17, 601, N13, X1, 715, 605, N13, X5, X15, X19"},"geometry":{"type":"LineString","coordinates":[[13.067137,52.39065],[13.06717,52.390587]]}},{"type":"Feature","properties":{"mode":"bus","n":16,"arr":["580","650","690","694","695","hvb:614","N14","N16","N17","pm:601","pm:N13","pm:X1","vip:605","vip:N13","X5","X15"],"lines":"580, 650, 690, 694, 695, 614, N14, N16, N17, 601, N13, X1, 605, N13, X5, X15"},"geometry":{"type":"LineString","coordinates":[[13.067137,52.39065],[13.067081,52.390707]]}},{"type":"Feature","properties":{"mode":"bus","n":10,"arr":["580","650","694","695","hvb:614","N14","N16","vip:605","X5","X15"],"lines":"580, 650, 694, 695, 614, N14, N16, 605, X5, X15"},"geometry":{"type":"LineString","coordinates":[[13.067081,52.390707],[13.066994,52.390768]]}},{"type":"Feature","properties":{"mode":"bus","n":5,"arr":["580","650","694","hvb:614","N14"],"lines":"580, 650, 694, 614, N14"},"geometry":{"type":"LineString","coordinates":[[13.066994,52.390768],[13.066817,52.390836],[13.066593,52.390846]]}},{"type":"Feature","properties":{"mode":"bus","n":6,"arr":["580","650","694","hvb:604","hvb:614","N14"],"lines":"580, 650, 694, 604, 614, N14"},"geometry":{"type":"LineString","coordinates":[[13.066593,52.390846],[13.066171,52.390864]]}},{"type":"Feature","properties":{"mode":"bus","n":13,"arr":["580","631","650","694","hvb:604","hvb:614","N14","N15","N16","N17","vip:605","X5","X15"],"lines":"580, 631, 650, 694, 604, 614, N14, N15, N16, N17, 605, X5, X15"},"geometry":{"type":"LineString","coordinates":[[13.066171,52.390864],[13.064863,52.390931]]}},{"type":"Feature","properties":{"mode":"bus","n":10,"arr":["580","631","650","694","hvb:604","hvb:614","N14","N15","N16","N17"],"lines":"580, 631, 650, 694, 604, 614, N14, N15, N16, N17"},"geometry":{"type":"LineString","coordinates":[[13.064863,52.390931],[13.064334,52.391047],[13.064126,52.391132],[13.064025,52.39122],[13.063867,52.3915],[13.063711,52.392162],[13.063415,52.392585]]}},{"type":"Feature","properties":{"mode":"bus","n":6,"arr":["582","588","590","pm:570","pm:581","pm:586"],"lines":"582, 588, 590, 570, 581, 586"},"geometry":{"type":"LineString","coordinates":[[12.597721,52.139956],[12.597125,52.14015],[12.596321,52.140476]]}},{"type":"Feature","properties":{"mode":"bus","n":6,"arr":["595","599","618","ee:546","ee:551","ee:552"],"lines":"595, 599, 618, 546, 551, 552"},"geometry":{"type":"LineString","coordinates":[[13.714678,51.633782],[13.715358,51.634285],[13.715385,51.634365],[13.715398,51.634386],[13.715421,51.634401],[13.715453,51.634411],[13.716882,51.634684],[13.721145,51.635333]]}},{"type":"Feature","properties":{"mode":"bus","n":6,"arr":["595","598","599","ee:551","ee:558","ee:560"],"lines":"595, 598, 599, 551, 558, 560"},"geometry":{"type":"LineString","coordinates":[[13.708033,51.635609],[13.708376,51.635849],[13.708732,51.635993],[13.710238,51.636434],[13.710506,51.636452]]}},{"type":"Feature","properties":{"mode":"bus","n":6,"arr":["598","599","618","ee:546","ee:552","ee:558"],"lines":"598, 599, 618, 546, 552, 558"},"geometry":{"type":"LineString","coordinates":[[13.712501,51.637135],[13.713405,51.636514],[13.714188,51.636019]]}},{"type":"Feature","properties":{"mode":"bus","n":5,"arr":["598","599","618","ee:546","ee:558"],"lines":"598, 599, 618, 546, 558"},"geometry":{"type":"LineString","coordinates":[[13.712184,51.635409],[13.714188,51.636019]]}},{"type":"Feature","properties":{"mode":"bus","n":5,"arr":["599","617","618","osl:621","osl:641"],"lines":"599, 617, 618, 621, 641"},"geometry":{"type":"LineString","coordinates":[[13.980772,51.522419],[13.980187,51.521674],[13.97993,51.521265],[13.980016,51.520896],[13.980437,51.519611]]}},{"type":"Feature","properties":{"mode":"bus","n":7,"arr":["599","617","618","osl:621","osl:641","osl:642","osl:643"],"lines":"599, 617, 618, 621, 641, 642, 643"},"geometry":{"type":"LineString","coordinates":[[13.980437,51.519611],[13.980903,51.518209],[13.981119,51.517791],[13.982007,51.516859],[13.983628,51.515481]]}},{"type":"Feature","properties":{"mode":"bus","n":7,"arr":["599","617","618","osl:621","osl:641","osl:642","osl:643"],"lines":"599, 617, 618, 621, 641, 642, 643"},"geometry":{"type":"LineString","coordinates":[[13.98435,51.51495],[13.984949,51.514542]]}},{"type":"Feature","properties":{"mode":"bus","n":6,"arr":["599","617","618","osl:621","osl:642","osl:643"],"lines":"599, 617, 618, 621, 642, 643"},"geometry":{"type":"LineString","coordinates":[[13.983628,51.515481],[13.983687,51.515392],[13.984,51.515153],[13.984226,51.514997],[13.98435,51.51495]]}},{"type":"Feature","properties":{"mode":"bus","n":6,"arr":["599","617","618","osl:621","osl:641","osl:642"],"lines":"599, 617, 618, 621, 641, 642"},"geometry":{"type":"LineString","coordinates":[[13.984949,51.514542],[13.985904,51.513888]]}},{"type":"Feature","properties":{"mode":"bus","n":5,"arr":["599","617","618","osl:621","osl:642"],"lines":"599, 617, 618, 621, 642"},"geometry":{"type":"LineString","coordinates":[[13.985904,51.513888],[13.986453,51.513586]]}},{"type":"Feature","properties":{"mode":"bus","n":5,"arr":["599","617","618","osl:622","osl:643"],"lines":"599, 617, 618, 622, 643"},"geometry":{"type":"LineString","coordinates":[[13.991559,51.516223],[13.997132,51.5194],[13.997654,51.519611],[13.997993,51.519645],[14.000767,51.519635],[14.001096,51.519655],[14.001326,51.519704],[14.00155,51.519784],[14.002116,51.520149],[14.002403,51.520278],[14.002652,51.520347],[14.003101,51.520403],[14.004958,51.520396]]}},{"type":"Feature","properties":{"mode":"bus","n":10,"arr":["599","617","618","osl:613","osl:619","osl:620","osl:622","osl:641","osl:642","osl:643"],"lines":"599, 617, 618, 613, 619, 620, 622, 641, 642, 643"},"geometry":{"type":"LineString","coordinates":[[14.004958,51.520396],[14.004955,51.520792],[14.004899,51.521122],[14.003558,51.524033]]}},{"type":"Feature","properties":{"mode":"bus","n":10,"arr":["599","617","618","osl:613","osl:619","osl:620","osl:622","osl:641","osl:642","osl:643"],"lines":"599, 617, 618, 613, 619, 620, 622, 641, 642, 643"},"geometry":{"type":"LineString","coordinates":[[14.003053,51.525123],[14.002656,51.525971]]}},{"type":"Feature","properties":{"mode":"bus","n":8,"arr":["599","617","618","osl:613","osl:619","osl:620","osl:622","osl:642"],"lines":"599, 617, 618, 613, 619, 620, 622, 642"},"geometry":{"type":"LineString","coordinates":[[14.003558,51.524033],[14.003053,51.525123]]}},{"type":"Feature","properties":{"mode":"bus","n":11,"arr":["599","617","618","osl:613","osl:619","osl:620","osl:621","osl:622","osl:641","osl:642","osl:643"],"lines":"599, 617, 618, 613, 619, 620, 621, 622, 641, 642, 643"},"geometry":{"type":"LineString","coordinates":[[14.003714,51.526471],[14.002656,51.525971]]}},{"type":"Feature","properties":{"mode":"bus","n":9,"arr":["599","617","618","osl:613","osl:619","osl:620","osl:622","osl:641","osl:643"],"lines":"599, 617, 618, 613, 619, 620, 622, 641, 643"},"geometry":{"type":"LineString","coordinates":[[14.003795,51.526508],[14.003714,51.526471]]}},{"type":"Feature","properties":{"mode":"bus","n":7,"arr":["599","617","618","osl:613","osl:619","osl:620","osl:622"],"lines":"599, 617, 618, 613, 619, 620, 622"},"geometry":{"type":"LineString","coordinates":[[14.003923,51.526405],[14.003795,51.526508]]}},{"type":"Feature","properties":{"mode":"bus","n":5,"arr":["599","618","osl:613","osl:619","osl:622"],"lines":"599, 618, 613, 619, 622"},"geometry":{"type":"LineString","coordinates":[[14.004079,51.52628],[14.003923,51.526405]]}},{"type":"Feature","properties":{"mode":"bus","n":5,"arr":["600","629","BER2","pm:X1","tf:704"],"lines":"600, 629, BER2, X1, 704"},"geometry":{"type":"LineString","coordinates":[[13.277239,52.396831],[13.277111,52.396914],[13.275831,52.397342]]}},{"type":"Feature","properties":{"mode":"bus","n":6,"arr":["606","osl:601","osl:602","osl:603","osl:604","osl:607"],"lines":"606, 601, 602, 603, 604, 607"},"geometry":{"type":"LineString","coordinates":[[13.941316,51.862425],[13.941426,51.86389]]}},{"type":"Feature","properties":{"mode":"bus","n":5,"arr":["606","lds:475","osl:602","osl:603","osl:661"],"lines":"606, 475, 602, 603, 661"},"geometry":{"type":"LineString","coordinates":[[13.939902,51.860386],[13.940904,51.860346]]}},{"type":"Feature","properties":{"mode":"bus","n":5,"arr":["606","osl:603","osl:604","osl:607","osl:661"],"lines":"606, 603, 604, 607, 661"},"geometry":{"type":"LineString","coordinates":[[13.953707,51.859484],[13.953039,51.859658],[13.952886,51.859669],[13.952195,51.859796]]}},{"type":"Feature","properties":{"mode":"bus","n":6,"arr":["606","osl:602","osl:603","osl:604","osl:607","osl:661"],"lines":"606, 602, 603, 604, 607, 661"},"geometry":{"type":"LineString","coordinates":[[13.954343,51.859322],[13.953707,51.859484]]}},{"type":"Feature","properties":{"mode":"bus","n":6,"arr":["606","osl:602","osl:603","osl:604","osl:607","osl:661"],"lines":"606, 602, 603, 604, 607, 661"},"geometry":{"type":"LineString","coordinates":[[13.95892,51.858013],[13.956185,51.858825],[13.955939,51.858919],[13.954882,51.859218]]}},{"type":"Feature","properties":{"mode":"bus","n":6,"arr":["606","osl:602","osl:603","osl:604","osl:607","osl:661"],"lines":"606, 602, 603, 604, 607, 661"},"geometry":{"type":"LineString","coordinates":[[13.961712,51.857143],[13.961426,51.857192],[13.961251,51.857272]]}},{"type":"Feature","properties":{"mode":"bus","n":6,"arr":["606","osl:602","osl:603","osl:604","osl:607","osl:661"],"lines":"606, 602, 603, 604, 607, 661"},"geometry":{"type":"LineString","coordinates":[[13.96732,51.859301],[13.967201,51.85949]]}},{"type":"Feature","properties":{"mode":"bus","n":5,"arr":["606","osl:602","osl:604","osl:607","osl:661"],"lines":"606, 602, 604, 607, 661"},"geometry":{"type":"LineString","coordinates":[[13.954882,51.859218],[13.954568,51.859302],[13.954343,51.859322]]}},{"type":"Feature","properties":{"mode":"bus","n":7,"arr":["606","osl:601","osl:602","osl:603","osl:604","osl:607","osl:661"],"lines":"606, 601, 602, 603, 604, 607, 661"},"geometry":{"type":"LineString","coordinates":[[13.959393,51.857869],[13.95892,51.858013]]}},{"type":"Feature","properties":{"mode":"bus","n":7,"arr":["606","osl:601","osl:602","osl:603","osl:604","osl:607","osl:661"],"lines":"606, 601, 602, 603, 604, 607, 661"},"geometry":{"type":"LineString","coordinates":[[13.961251,51.857272],[13.959813,51.857733]]}},{"type":"Feature","properties":{"mode":"bus","n":7,"arr":["606","osl:601","osl:602","osl:603","osl:604","osl:607","osl:661"],"lines":"606, 601, 602, 603, 604, 607, 661"},"geometry":{"type":"LineString","coordinates":[[13.966982,51.859278],[13.965239,51.85831],[13.964482,51.857825],[13.963622,51.857146],[13.96311,51.85665],[13.963086,51.856635],[13.963058,51.85663],[13.963024,51.856635],[13.962835,51.856689],[13.961712,51.857143]]}},{"type":"Feature","properties":{"mode":"bus","n":7,"arr":["606","osl:601","osl:602","osl:603","osl:604","osl:607","osl:661"],"lines":"606, 601, 602, 603, 604, 607, 661"},"geometry":{"type":"LineString","coordinates":[[13.967201,51.85949],[13.966751,51.860128],[13.966427,51.86037],[13.966119,51.860517],[13.962996,51.861772]]}},{"type":"Feature","properties":{"mode":"bus","n":5,"arr":["606","lds:465","osl:604","osl:605","osl:612"],"lines":"606, 465, 604, 605, 612"},"geometry":{"type":"LineString","coordinates":[[13.944527,51.749161],[13.946396,51.749299],[13.947351,51.749347],[13.947948,51.749355],[13.949132,51.749303],[13.950057,51.7492],[13.951354,51.748986],[13.954095,51.748406],[13.954126,51.748395],[13.954143,51.748379],[13.954148,51.748358],[13.954089,51.747748],[13.954145,51.746975]]}},{"type":"Feature","properties":{"mode":"bus","n":7,"arr":["606","lds:465","osl:604","osl:605","osl:610","osl:611","osl:612"],"lines":"606, 465, 604, 605, 610, 611, 612"},"geometry":{"type":"LineString","coordinates":[[13.952412,51.747756],[13.952227,51.747711]]}},{"type":"Feature","properties":{"mode":"bus","n":5,"arr":["606","osl:601","osl:602","osl:603","osl:661"],"lines":"606, 601, 602, 603, 661"},"geometry":{"type":"LineString","coordinates":[[13.962996,51.861772],[13.961257,51.862486]]}},{"type":"Feature","properties":{"mode":"bus","n":7,"arr":["606","lds:475","osl:601","osl:602","osl:603","osl:604","osl:607"],"lines":"606, 475, 601, 602, 603, 604, 607"},"geometry":{"type":"LineString","coordinates":[[13.94451,51.860191],[13.944003,51.860223],[13.943552,51.860216],[13.942569,51.860256],[13.941469,51.860325],[13.941351,51.860315]]}},{"type":"Feature","properties":{"mode":"bus","n":5,"arr":["615","ee:558","osl:613","osl:614","osl:616"],"lines":"615, 558, 613, 614, 616"},"geometry":{"type":"LineString","coordinates":[[13.997854,51.585717],[14.000364,51.586194],[14.00084,51.586221],[14.001088,51.586211],[14.002178,51.586089],[14.002957,51.585963],[14.005967,51.585422],[14.007077,51.585186]]}},{"type":"Feature","properties":{"mode":"bus","n":5,"arr":["615","ee:558","osl:613","osl:614","osl:616"],"lines":"615, 558, 613, 614, 616"},"geometry":{"type":"LineString","coordinates":[[14.008798,51.58784],[14.009194,51.587978],[14.00973,51.588052],[14.00991,51.588054],[14.010955,51.587881],[14.01098,51.58788],[14.010998,51.587883],[14.01101,51.587893],[14.011015,51.587908],[14.011033,51.588147],[14.011488,51.589599],[14.011769,51.590381],[14.012141,51.591254],[14.012156,51.591273],[14.01218,51.591282],[14.012214,51.591281],[14.012407,51.591254],[14.012607,51.591264],[14.013872,51.591441],[14.014297,51.591479]]}},{"type":"Feature","properties":{"mode":"bus","n":5,"arr":["617","625","C/692","G/693","osl:622"],"lines":"617, 625, C/692, G/693, 622"},"geometry":{"type":"LineString","coordinates":[[13.752695,51.496096],[13.749707,51.498404],[13.747714,51.499907],[13.747695,51.499918],[13.747675,51.499922],[13.747655,51.499919],[13.747634,51.49991],[13.747298,51.49972]]}},{"type":"Feature","properties":{"mode":"bus","n":6,"arr":["617","A/690","B/691","C/692","osl:622","osl:626"],"lines":"617, A/690, B/691, C/692, 622, 626"},"geometry":{"type":"LineString","coordinates":[[13.75904,51.494061],[13.760536,51.494011],[13.760758,51.494025],[13.760978,51.494053],[13.76124,51.494118],[13.762032,51.494366]]}},{"type":"Feature","properties":{"mode":"bus","n":8,"arr":["628","629","bvg:623","N12","pm:602","pm:622","pm:623","pm:N13"],"lines":"628, 629, 623, N12, 602, 622, 623, N13"},"geometry":{"type":"LineString","coordinates":[[13.210457,52.393524],[13.210322,52.393522]]}},{"type":"Feature","properties":{"mode":"bus","n":5,"arr":["627","bvg:623","N12","pm:602","pm:626"],"lines":"627, 623, N12, 602, 626"},"geometry":{"type":"LineString","coordinates":[[13.211067,52.393536],[13.210525,52.393526]]}},{"type":"Feature","properties":{"mode":"bus","n":7,"arr":["627","bvg:623","N12","pm:601","pm:602","pm:626","pm:X1"],"lines":"627, 623, N12, 601, 602, 626, X1"},"geometry":{"type":"LineString","coordinates":[[13.211075,52.393396],[13.211067,52.393536]]}},{"type":"Feature","properties":{"mode":"bus","n":7,"arr":["627","BER2","N12","pm:601","pm:602","pm:626","pm:X1"],"lines":"627, BER2, N12, 601, 602, 626, X1"},"geometry":{"type":"LineString","coordinates":[[13.221662,52.392424],[13.220957,52.392625],[13.219223,52.39338],[13.218271,52.393721],[13.217741,52.393852],[13.217112,52.393929],[13.21655,52.393946],[13.215851,52.393889],[13.21456,52.393614],[13.213675,52.39337],[13.213176,52.393442],[13.212966,52.393447],[13.211075,52.393396]]}},{"type":"Feature","properties":{"mode":"bus","n":7,"arr":["627","bvg:622","N12","pm:602","pm:622","pm:624","pm:626"],"lines":"627, 622, N12, 602, 622, 624, 626"},"geometry":{"type":"LineString","coordinates":[[13.222025,52.392031],[13.221835,52.391962]]}},{"type":"Feature","properties":{"mode":"bus","n":5,"arr":["627","bvg:622","N12","pm:622","pm:624"],"lines":"627, 622, N12, 622, 624"},"geometry":{"type":"LineString","coordinates":[[13.221835,52.391962],[13.221354,52.391848],[13.220772,52.391687],[13.220655,52.391636],[13.219038,52.390517],[13.218304,52.389968],[13.217998,52.389681],[13.217062,52.388587]]}},{"type":"Feature","properties":{"mode":"bus","n":5,"arr":["627","bvg:622","N12","pm:622","pm:624"],"lines":"627, 622, N12, 622, 624"},"geometry":{"type":"LineString","coordinates":[[13.211202,52.381895],[13.208035,52.378595]]}},{"type":"Feature","properties":{"mode":"bus","n":5,"arr":["627","pm:602","pm:622","pm:624","pm:626"],"lines":"627, 602, 622, 624, 626"},"geometry":{"type":"LineString","coordinates":[[13.222507,52.392304],[13.222301,52.392161],[13.222025,52.392031]]}},{"type":"Feature","properties":{"mode":"bus","n":8,"arr":["627","BER2","bvg:622","pm:601","pm:602","pm:622","pm:626","pm:X1"],"lines":"627, BER2, 622, 601, 602, 622, 626, X1"},"geometry":{"type":"LineString","coordinates":[[13.222507,52.392304],[13.222175,52.392336],[13.221662,52.392424]]}},{"type":"Feature","properties":{"mode":"bus","n":7,"arr":["627","BER2","bvg:623","N12","pm:601","pm:626","pm:X1"],"lines":"627, BER2, 623, N12, 601, 626, X1"},"geometry":{"type":"LineString","coordinates":[[13.211075,52.393396],[13.210782,52.393393]]}},{"type":"Feature","properties":{"mode":"bus","n":5,"arr":["627","BER2","pm:601","pm:626","pm:X1"],"lines":"627, BER2, 601, 626, X1"},"geometry":{"type":"LineString","coordinates":[[13.210782,52.393393],[13.21058,52.393423]]}},{"type":"Feature","properties":{"mode":"bus","n":6,"arr":["628","629","bvg:623","N12","pm:623","pm:N13"],"lines":"628, 629, 623, N12, 623, N13"},"geometry":{"type":"LineString","coordinates":[[13.210322,52.393522],[13.210198,52.39354]]}},{"type":"Feature","properties":{"mode":"bus","n":7,"arr":["628","629","BER2","bvg:623","pm:620","pm:623","pm:N13"],"lines":"628, 629, BER2, 623, 620, 623, N13"},"geometry":{"type":"LineString","coordinates":[[13.209535,52.393669],[13.209904,52.393575]]}},{"type":"Feature","properties":{"mode":"bus","n":8,"arr":["628","629","BER2","bvg:623","N12","pm:620","pm:623","pm:N13"],"lines":"628, 629, BER2, 623, N12, 620, 623, N13"},"geometry":{"type":"LineString","coordinates":[[13.209813,52.393512],[13.209222,52.393865],[13.208963,52.394103],[13.208871,52.394222],[13.208635,52.394785],[13.208262,52.395224],[13.207851,52.396357],[13.20783,52.396597],[13.207902,52.396969],[13.207361,52.398922],[13.20712,52.399303],[13.206816,52.399541]]}},{"type":"Feature","properties":{"mode":"bus","n":5,"arr":["628","BER2","bvg:623","N12","pm:620"],"lines":"628, BER2, 623, N12, 620"},"geometry":{"type":"LineString","coordinates":[[13.206671,52.399458],[13.206816,52.399541]]}},{"type":"Feature","properties":{"mode":"bus","n":6,"arr":["629","bvg:623","N12","pm:620","pm:623","pm:N13"],"lines":"629, 623, N12, 620, 623, N13"},"geometry":{"type":"LineString","coordinates":[[13.206816,52.399541],[13.206967,52.399637],[13.207035,52.399753],[13.207033,52.399911],[13.206877,52.400372],[13.206852,52.400704],[13.206893,52.401036],[13.207069,52.401487]]}},{"type":"Feature","properties":{"mode":"bus","n":6,"arr":["629","bvg:623","N12","pm:620","pm:623","pm:N13"],"lines":"629, 623, N12, 620, 623, N13"},"geometry":{"type":"LineString","coordinates":[[13.235082,52.405694],[13.234993,52.405792],[13.234982,52.405813],[13.234987,52.405832],[13.235007,52.405849],[13.235818,52.406341],[13.23583,52.406347],[13.235838,52.406351],[13.235843,52.406352],[13.235844,52.406349],[13.235841,52.406343],[13.235834,52.406334],[13.235708,52.406178],[13.235559,52.406092]]}},{"type":"Feature","properties":{"mode":"bus","n":6,"arr":["629","bvg:623","N12","pm:620","pm:623","pm:N13"],"lines":"629, 623, N12, 620, 623, N13"},"geometry":{"type":"LineString","coordinates":[[13.233325,52.404885],[13.233978,52.405266],[13.234132,52.405294],[13.234514,52.405483]]}},{"type":"Feature","properties":{"mode":"bus","n":8,"arr":["629","BER2","pm:601","pm:620","pm:624","pm:N13","pm:X1","X10"],"lines":"629, BER2, 601, 620, 624, N13, X1, X10"},"geometry":{"type":"LineString","coordinates":[[13.245548,52.397881],[13.245096,52.397696]]}},{"type":"Feature","properties":{"mode":"bus","n":7,"arr":["629","BER2","pm:601","pm:620","pm:N13","pm:X1","X10"],"lines":"629, BER2, 601, 620, N13, X1, X10"},"geometry":{"type":"LineString","coordinates":[[13.246041,52.39809],[13.245548,52.397881]]}},{"type":"Feature","properties":{"mode":"bus","n":6,"arr":["629","BER2","pm:601","pm:620","pm:N13","pm:X1"],"lines":"629, BER2, 601, 620, N13, X1"},"geometry":{"type":"LineString","coordinates":[[13.270579,52.399962],[13.270159,52.40028],[13.269914,52.400405],[13.269508,52.400523],[13.269155,52.400593],[13.268916,52.400607],[13.268645,52.40057]]}},{"type":"Feature","properties":{"mode":"bus","n":6,"arr":["629","BER2","pm:601","pm:620","pm:N13","pm:X1"],"lines":"629, BER2, 601, 620, N13, X1"},"geometry":{"type":"LineString","coordinates":[[13.275257,52.397505],[13.273534,52.398133],[13.272464,52.398543],[13.272243,52.39865],[13.272073,52.398757],[13.27184,52.398993],[13.270964,52.399703],[13.270619,52.399935],[13.270607,52.399943],[13.2706,52.399947],[13.270597,52.399948],[13.270598,52.399946],[13.270603,52.399941],[13.270612,52.399932],[13.271632,52.399023]]}},{"type":"Feature","properties":{"mode":"bus","n":5,"arr":["629","pm:601","pm:620","pm:N13","pm:X1"],"lines":"629, 601, 620, N13, X1"},"geometry":{"type":"LineString","coordinates":[[13.271632,52.399023],[13.271876,52.398843],[13.272073,52.398757]]}},{"type":"Feature","properties":{"mode":"bus","n":5,"arr":["629","BER2","pm:601","pm:623","pm:X1"],"lines":"629, BER2, 601, 623, X1"},"geometry":{"type":"LineString","coordinates":[[13.21058,52.393423],[13.210374,52.393435],[13.210244,52.393467]]}},{"type":"Feature","properties":{"mode":"bus","n":7,"arr":["630","631","633","634","635","pm:607","pm:641"],"lines":"630, 631, 633, 634, 635, 607, 641"},"geometry":{"type":"LineString","coordinates":[[12.931366,52.376986],[12.928811,52.376975],[12.928382,52.376993],[12.927733,52.377096],[12.926096,52.377545],[12.925862,52.377631],[12.925615,52.377776],[12.925483,52.377899],[12.92526,52.378036],[12.923372,52.378856],[12.923054,52.379126],[12.920066,52.382145],[12.918558,52.383864],[12.916667,52.385701],[12.914882,52.387831],[12.913439,52.38877],[12.911726,52.38943],[12.911115,52.389622],[12.911088,52.389635],[12.911079,52.389652],[12.911088,52.389671],[12.912063,52.39091],[12.91223,52.39102],[12.914494,52.39154],[12.916887,52.392012],[12.918113,52.392214],[12.919253,52.392368],[12.920193,52.392453],[12.922719,52.39257]]}},{"type":"Feature","properties":{"mode":"bus","n":8,"arr":["630","631","632","633","634","635","pm:607","pm:641"],"lines":"630, 631, 632, 633, 634, 635, 607, 641"},"geometry":{"type":"LineString","coordinates":[[12.922719,52.39257],[12.92454,52.392685],[12.924808,52.392661]]}},{"type":"Feature","properties":{"mode":"bus","n":7,"arr":["630","631","632","633","634","635","pm:607"],"lines":"630, 631, 632, 633, 634, 635, 607"},"geometry":{"type":"LineString","coordinates":[[12.924808,52.392661],[12.925043,52.392781],[12.925158,52.392803],[12.925321,52.39281],[12.925522,52.392774]]}},{"type":"Feature","properties":{"mode":"bus","n":5,"arr":["630","632","633","634","635"],"lines":"630, 632, 633, 634, 635"},"geometry":{"type":"LineString","coordinates":[[12.925522,52.392774],[12.925706,52.392742]]}},{"type":"Feature","properties":{"mode":"bus","n":8,"arr":["630","631","633","634","635","E30","pm:607","pm:641"],"lines":"630, 631, 633, 634, 635, E30, 607, 641"},"geometry":{"type":"LineString","coordinates":[[12.933168,52.377198],[12.933204,52.377052],[12.933204,52.377036],[12.933192,52.377023],[12.93317,52.377014],[12.933095,52.376993],[12.931366,52.376986]]}},{"type":"Feature","properties":{"mode":"bus","n":7,"arr":["630","631","633","635","E30","pm:607","pm:641"],"lines":"630, 631, 633, 635, E30, 607, 641"},"geometry":{"type":"LineString","coordinates":[[12.934108,52.376464],[12.933211,52.377025]]}},{"type":"Feature","properties":{"mode":"bus","n":7,"arr":["631","691","694","BER2","pm:607","pm:608","pm:643"],"lines":"631, 691, 694, BER2, 607, 608, 643"},"geometry":{"type":"LineString","coordinates":[[13.066587,52.390609],[13.066144,52.390625]]}},{"type":"Feature","properties":{"mode":"bus","n":5,"arr":["631","694","BER2","pm:608","pm:643"],"lines":"631, 694, BER2, 608, 643"},"geometry":{"type":"LineString","coordinates":[[13.066587,52.390609],[13.066888,52.390597]]}},{"type":"Feature","properties":{"mode":"bus","n":15,"arr":["631","690","694","695","hvb:604","N16","N17","pm:601","pm:607","pm:608","pm:643","pm:N13","pm:X1","vip:N13","X43"],"lines":"631, 690, 694, 695, 604, N16, N17, 601, 607, 608, 643, N13, X1, N13, X43"},"geometry":{"type":"LineString","coordinates":[[13.066157,52.390737],[13.066163,52.390797]]}},{"type":"Feature","properties":{"mode":"bus","n":12,"arr":["631","694","hvb:604","N14","N15","N16","N17","pm:608","pm:643","vip:605","X5","X15"],"lines":"631, 694, 604, N14, N15, N16, N17, 608, 643, 605, X5, X15"},"geometry":{"type":"LineString","coordinates":[[13.066163,52.390797],[13.066171,52.390864]]}},{"type":"Feature","properties":{"mode":"bus","n":8,"arr":["631","650","hvb:604","hvb:614","N14","N15","N16","N17"],"lines":"631, 650, 604, 614, N14, N15, N16, N17"},"geometry":{"type":"LineString","coordinates":[[13.063415,52.392585],[13.063346,52.39264]]}},{"type":"Feature","properties":{"mode":"bus","n":10,"arr":["631","650","hvb:604","hvb:614","N14","N15","N16","N17","vip:605","X15"],"lines":"631, 650, 604, 614, N14, N15, N16, N17, 605, X15"},"geometry":{"type":"LineString","coordinates":[[13.063346,52.39264],[13.06136,52.394073],[13.061182,52.394148],[13.061051,52.394174]]}},{"type":"Feature","properties":{"mode":"bus","n":11,"arr":["631","650","hvb:604","hvb:614","N14","N15","N16","N17","vip:605","X5","X15"],"lines":"631, 650, 604, 614, N14, N15, N16, N17, 605, X5, X15"},"geometry":{"type":"LineString","coordinates":[[13.061051,52.394174],[13.059738,52.394358],[13.059557,52.394429],[13.059377,52.394574],[13.059312,52.394682],[13.059184,52.395214],[13.058908,52.395634],[13.058634,52.396384],[13.058401,52.397138],[13.058356,52.397454]]}},{"type":"Feature","properties":{"mode":"bus","n":11,"arr":["631","650","692","hvb:604","hvb:614","N14","N15","N17","vip:605","X5","X15"],"lines":"631, 650, 692, 604, 614, N14, N15, N17, 605, X5, X15"},"geometry":{"type":"LineString","coordinates":[[13.058356,52.397454],[13.058227,52.398246]]}},{"type":"Feature","properties":{"mode":"bus","n":12,"arr":["631","650","692","hvb:604","hvb:614","N14","N15","N17","vip:603","vip:605","X5","X15"],"lines":"631, 650, 692, 604, 614, N14, N15, N17, 603, 605, X5, X15"},"geometry":{"type":"LineString","coordinates":[[13.058227,52.398246],[13.058022,52.399064],[13.057859,52.39933],[13.057794,52.399612],[13.057725,52.399748]]}},{"type":"Feature","properties":{"mode":"bus","n":8,"arr":["631","650","692","hvb:614","N14","vip:605","X5","X15"],"lines":"631, 650, 692, 614, N14, 605, X5, X15"},"geometry":{"type":"LineString","coordinates":[[13.057725,52.399748],[13.054938,52.399418],[13.054473,52.399407],[13.05194,52.399069],[13.051514,52.398985],[13.048734,52.398654],[13.048435,52.398651]]}},{"type":"Feature","properties":{"mode":"bus","n":8,"arr":["631","650","692","hvb:614","N14","vip:605","X5","X15"],"lines":"631, 650, 692, 614, N14, 605, X5, X15"},"geometry":{"type":"LineString","coordinates":[[13.052312,52.399046],[13.053305,52.399173]]}},{"type":"Feature","properties":{"mode":"bus","n":5,"arr":["631","632","633","635","pm:641"],"lines":"631, 632, 633, 635, 641"},"geometry":{"type":"LineString","coordinates":[[12.924808,52.392661],[12.926602,52.392372],[12.926628,52.39237],[12.926648,52.392374],[12.926663,52.392383],[12.926673,52.392398],[12.92672,52.392513],[12.926697,52.392549],[12.926659,52.392574],[12.926343,52.392628]]}},{"type":"Feature","properties":{"mode":"bus","n":6,"arr":["631","632","633","634","635","pm:641"],"lines":"631, 632, 633, 634, 635, 641"},"geometry":{"type":"LineString","coordinates":[[12.925706,52.392742],[12.926228,52.392648]]}},{"type":"Feature","properties":{"mode":"bus","n":7,"arr":["631","650","hvb:614","N14","vip:605","X5","X15"],"lines":"631, 650, 614, N14, 605, X5, X15"},"geometry":{"type":"LineString","coordinates":[[13.051514,52.398985],[13.052312,52.399046]]}},{"type":"Feature","properties":{"mode":"bus","n":6,"arr":["631","650","hvb:614","N14","X5","X15"],"lines":"631, 650, 614, N14, X5, X15"},"geometry":{"type":"LineString","coordinates":[[13.053305,52.399173],[13.05458,52.399343],[13.054938,52.399418]]}},{"type":"Feature","properties":{"mode":"bus","n":9,"arr":["631","650","hvb:604","hvb:614","N14","N15","N17","X5","X15"],"lines":"631, 650, 604, 614, N14, N15, N17, X5, X15"},"geometry":{"type":"LineString","coordinates":[[13.057991,52.398178],[13.057913,52.398452]]}},{"type":"Feature","properties":{"mode":"bus","n":10,"arr":["631","650","hvb:604","hvb:614","N14","N15","N17","vip:605","X5","X15"],"lines":"631, 650, 604, 614, N14, N15, N17, 605, X5, X15"},"geometry":{"type":"LineString","coordinates":[[13.059155,52.395277],[13.059081,52.395343],[13.058874,52.395425],[13.05882,52.395532],[13.058451,52.396512],[13.057991,52.398178]]}},{"type":"Feature","properties":{"mode":"bus","n":16,"arr":["631","690","695","N14","N15","pm:601","pm:607","pm:608","pm:643","pm:N13","pm:X1","vip:605","vip:N13","X5","X15","X43"],"lines":"631, 690, 695, N14, N15, 601, 607, 608, 643, N13, X1, 605, N13, X5, X15, X43"},"geometry":{"type":"LineString","coordinates":[[13.066607,52.390781],[13.066163,52.390797]]}},{"type":"Feature","properties":{"mode":"bus","n":6,"arr":["695","N14","N16","vip:605","X5","X15"],"lines":"695, N14, N16, 605, X5, X15"},"geometry":{"type":"LineString","coordinates":[[13.066994,52.390768],[13.066607,52.390781]]}},{"type":"Feature","properties":{"mode":"bus","n":5,"arr":["638","639","697","hvb:604","N15"],"lines":"638, 639, 697, 604, N15"},"geometry":{"type":"LineString","coordinates":[[13.060363,52.459434],[13.059527,52.459438],[13.058709,52.459476],[13.057337,52.459677],[13.056688,52.459813],[13.056015,52.459921],[13.055545,52.459943],[13.05486,52.459893],[13.0541,52.459702],[13.049851,52.458381],[13.049343,52.458133],[13.048555,52.457402]]}},{"type":"Feature","properties":{"mode":"bus","n":7,"arr":["638","697","hvb:604","hvb:662","N15","vip:609","vip:662"],"lines":"638, 697, 604, 662, N15, 609, 662"},"geometry":{"type":"LineString","coordinates":[[13.048555,52.457402],[13.047876,52.456743],[13.047708,52.456506],[13.047033,52.45438],[13.046848,52.453703],[13.046288,52.450387],[13.046096,52.448999],[13.046063,52.444923],[13.0462,52.444426],[13.046314,52.444214],[13.048576,52.441101],[13.0495,52.439669],[13.050337,52.43845],[13.050452,52.438255],[13.0506,52.437758],[13.0512,52.436674]]}},{"type":"Feature","properties":{"mode":"bus","n":8,"arr":["638","692","697","hvb:604","hvb:662","N15","vip:609","vip:662"],"lines":"638, 692, 697, 604, 662, N15, 609, 662"},"geometry":{"type":"LineString","coordinates":[[13.0512,52.436674],[13.051295,52.436521],[13.051799,52.435998],[13.05191,52.435793],[13.053256,52.432736]]}},{"type":"Feature","properties":{"mode":"bus","n":5,"arr":["638","692","hvb:662","vip:609","vip:662"],"lines":"638, 692, 662, 609, 662"},"geometry":{"type":"LineString","coordinates":[[13.053256,52.432736],[13.053862,52.432831],[13.053895,52.432832],[13.053919,52.432824],[13.053934,52.432805],[13.054142,52.432337]]}},{"type":"Feature","properties":{"mode":"bus","n":5,"arr":["638","692","hvb:662","vip:609","vip:662"],"lines":"638, 692, 662, 609, 662"},"geometry":{"type":"LineString","coordinates":[[13.054864,52.431932],[13.054435,52.431865],[13.054373,52.431881],[13.054346,52.431893],[13.054331,52.431911],[13.054157,52.432302],[13.054155,52.432323],[13.054169,52.432337],[13.054199,52.432346],[13.054498,52.432396]]}},{"type":"Feature","properties":{"mode":"bus","n":7,"arr":["640","645","647","pm:546","pm:641","pm:643","X43"],"lines":"640, 645, 647, 546, 641, 643, X43"},"geometry":{"type":"LineString","coordinates":[[12.966742,52.237514],[12.968238,52.237317],[12.970861,52.236776],[12.973299,52.236337]]}},{"type":"Feature","properties":{"mode":"bus","n":7,"arr":["640","645","647","pm:546","pm:641","pm:643","X43"],"lines":"640, 645, 647, 546, 641, 643, X43"},"geometry":{"type":"LineString","coordinates":[[12.964219,52.237794],[12.96454,52.237757]]}},{"type":"Feature","properties":{"mode":"bus","n":8,"arr":["640","644","645","647","pm:546","pm:641","pm:643","X43"],"lines":"640, 644, 645, 647, 546, 641, 643, X43"},"geometry":{"type":"LineString","coordinates":[[12.973299,52.236337],[12.975425,52.235976],[12.976861,52.235672]]}},{"type":"Feature","properties":{"mode":"bus","n":8,"arr":["640","644","645","647","pm:546","pm:641","pm:643","X43"],"lines":"640, 644, 645, 647, 546, 641, 643, X43"},"geometry":{"type":"LineString","coordinates":[[12.96454,52.237757],[12.966742,52.237514]]}},{"type":"Feature","properties":{"mode":"bus","n":7,"arr":["640","644","645","pm:546","pm:641","pm:643","X43"],"lines":"640, 644, 645, 546, 641, 643, X43"},"geometry":{"type":"LineString","coordinates":[[12.976861,52.235672],[12.978097,52.235338],[12.97829,52.235312],[12.978465,52.235327]]}},{"type":"Feature","properties":{"mode":"bus","n":6,"arr":["640","645","647","pm:546","pm:641","X43"],"lines":"640, 645, 647, 546, 641, X43"},"geometry":{"type":"LineString","coordinates":[[12.964063,52.237811],[12.964219,52.237794]]}},{"type":"Feature","properties":{"mode":"bus","n":5,"arr":["646","pm:608","pm:613","pm:643","X43"],"lines":"646, 608, 613, 643, X43"},"geometry":{"type":"LineString","coordinates":[[13.027958,52.308953],[13.028046,52.30913],[13.028116,52.309193],[13.028802,52.309641],[13.028982,52.309793],[13.029186,52.310121],[13.030705,52.313274],[13.032022,52.316189]]}},{"type":"Feature","properties":{"mode":"bus","n":5,"arr":["649","656","657","667","686"],"lines":"649, 656, 657, 667, 686"},"geometry":{"type":"LineString","coordinates":[[13.004951,52.578081],[13.004844,52.578155],[13.004357,52.57832],[13.000611,52.580065]]}},{"type":"Feature","properties":{"mode":"bus","n":5,"arr":["649","656","657","667","686"],"lines":"649, 656, 657, 667, 686"},"geometry":{"type":"LineString","coordinates":[[12.976749,52.586985],[12.980542,52.586063],[12.985045,52.584731],[12.987722,52.583915]]}},{"type":"Feature","properties":{"mode":"bus","n":6,"arr":["649","650","663","667","A","C"],"lines":"649, 650, 663, 667, A, C"},"geometry":{"type":"LineString","coordinates":[[12.941712,52.546993],[12.942047,52.546684]]}},{"type":"Feature","properties":{"mode":"bus","n":5,"arr":["649","650","663","A","C"],"lines":"649, 650, 663, A, C"},"geometry":{"type":"LineString","coordinates":[[12.941132,52.547086],[12.941739,52.546539],[12.941756,52.546527],[12.941774,52.546523],[12.941793,52.546525],[12.941813,52.546535],[12.942047,52.546684]]}},{"type":"Feature","properties":{"mode":"bus","n":7,"arr":["649","650","663","667","A","C","hvb:642"],"lines":"649, 650, 663, 667, A, C, 642"},"geometry":{"type":"LineString","coordinates":[[12.94068,52.547494],[12.941132,52.547086]]}},{"type":"Feature","properties":{"mode":"bus","n":6,"arr":["649","650","663","667","C","hvb:642"],"lines":"649, 650, 663, 667, C, 642"},"geometry":{"type":"LineString","coordinates":[[12.940032,52.548097],[12.94068,52.547494]]}},{"type":"Feature","properties":{"mode":"bus","n":5,"arr":["650","692","695","hvb:614","X15"],"lines":"650, 692, 695, 614, X15"},"geometry":{"type":"LineString","coordinates":[[13.048435,52.398651],[13.048271,52.398781],[13.048085,52.398995],[13.04785,52.399523],[13.047648,52.400177],[13.046989,52.401489]]}},{"type":"Feature","properties":{"mode":"bus","n":11,"arr":["650","692","695","697","698","hvb:614","N17","pm:612","vip:612","vip:619","X15"],"lines":"650, 692, 695, 697, 698, 614, N17, 612, 612, 619, X15"},"geometry":{"type":"LineString","coordinates":[[13.029055,52.413786],[13.019867,52.41711]]}},{"type":"Feature","properties":{"mode":"bus","n":6,"arr":["650","692","698","hvb:614","N17","vip:619"],"lines":"650, 692, 698, 614, N17, 619"},"geometry":{"type":"LineString","coordinates":[[13.019867,52.41711],[13.013371,52.41913],[13.012103,52.419496]]}},{"type":"Feature","properties":{"mode":"bus","n":5,"arr":["650","692","hvb:614","N17","vip:619"],"lines":"650, 692, 614, N17, 619"},"geometry":{"type":"LineString","coordinates":[[13.012103,52.419496],[13.008147,52.420373],[13.004985,52.421161],[13.004381,52.421342],[13.0037,52.421626],[13.0013,52.422871],[12.999675,52.423591],[12.999503,52.423719],[12.999499,52.423918],[12.999588,52.424146]]}},{"type":"Feature","properties":{"mode":"bus","n":8,"arr":["650","692","698","hvb:614","N17","pm:612","vip:612","vip:619"],"lines":"650, 692, 698, 614, N17, 612, 612, 619"},"geometry":{"type":"LineString","coordinates":[[12.999588,52.424146],[13.000514,52.425308],[13.001237,52.4261]]}},{"type":"Feature","properties":{"mode":"bus","n":7,"arr":["650","692","hvb:614","N17","pm:612","vip:612","vip:619"],"lines":"650, 692, 614, N17, 612, 612, 619"},"geometry":{"type":"LineString","coordinates":[[13.001237,52.4261],[13.002263,52.427226],[13.002282,52.427349]]}},{"type":"Feature","properties":{"mode":"bus","n":5,"arr":["650","hvb:614","pm:612","vip:612","vip:619"],"lines":"650, 614, 612, 612, 619"},"geometry":{"type":"LineString","coordinates":[[13.002282,52.427349],[13.002238,52.427419],[13.002128,52.42749],[13.001113,52.427899],[13.000687,52.428141],[13.000512,52.428301],[12.999452,52.429528],[12.999141,52.429802],[12.993314,52.433539],[12.990629,52.435547],[12.990385,52.435778],[12.989205,52.437158],[12.988998,52.437484],[12.98826,52.439661],[12.988047,52.440155],[12.987885,52.440424],[12.987694,52.440687],[12.986367,52.442269],[12.985792,52.443039],[12.984643,52.44496],[12.983627,52.446584]]}},{"type":"Feature","properties":{"mode":"bus","n":9,"arr":["650","658","659","660","663","664","667","680","hvb:661"],"lines":"650, 658, 659, 660, 663, 664, 667, 680, 661"},"geometry":{"type":"LineString","coordinates":[[12.880347,52.605679],[12.879569,52.605139],[12.879553,52.605131],[12.879536,52.60513],[12.879517,52.605135],[12.879463,52.605156]]}},{"type":"Feature","properties":{"mode":"bus","n":10,"arr":["650","658","659","660","663","664","667","680","hvb:661","orp:758"],"lines":"650, 658, 659, 660, 663, 664, 667, 680, 661, 758"},"geometry":{"type":"LineString","coordinates":[[12.880541,52.605814],[12.880347,52.605679]]}},{"type":"Feature","properties":{"mode":"bus","n":10,"arr":["650","658","659","660","663","664","667","680","hvb:661","orp:758"],"lines":"650, 658, 659, 660, 663, 664, 667, 680, 661, 758"},"geometry":{"type":"LineString","coordinates":[[12.881233,52.610239],[12.881353,52.610047],[12.881456,52.609954],[12.882171,52.609564],[12.882376,52.609401],[12.882497,52.609235],[12.882548,52.6091],[12.882574,52.608961],[12.882534,52.60877]]}},{"type":"Feature","properties":{"mode":"bus","n":11,"arr":["650","658","659","660","663","664","666","667","680","hvb:661","orp:758"],"lines":"650, 658, 659, 660, 663, 664, 666, 667, 680, 661, 758"},"geometry":{"type":"LineString","coordinates":[[12.883882,52.612258],[12.885381,52.611855]]}},{"type":"Feature","properties":{"mode":"bus","n":14,"arr":["650","658","659","660","663","664","666","667","680","B","C","hvb:661","orp:758","X4"],"lines":"650, 658, 659, 660, 663, 664, 666, 667, 680, B, C, 661, 758, X4"},"geometry":{"type":"LineString","coordinates":[[12.885381,52.611855],[12.885604,52.61215],[12.885602,52.612175],[12.885599,52.612183],[12.885592,52.612189],[12.885581,52.612193],[12.88474,52.612418]]}},{"type":"Feature","properties":{"mode":"bus","n":13,"arr":["650","658","659","660","663","664","666","667","669","680","C","hvb:661","orp:758"],"lines":"650, 658, 659, 660, 663, 664, 666, 667, 669, 680, C, 661, 758"},"geometry":{"type":"LineString","coordinates":[[12.881106,52.610206],[12.881356,52.609946],[12.882098,52.609533],[12.882298,52.609367],[12.882471,52.609083],[12.882484,52.608958],[12.882446,52.608778]]}},{"type":"Feature","properties":{"mode":"bus","n":13,"arr":["650","658","659","660","663","664","666","667","669","680","C","hvb:661","orp:758"],"lines":"650, 658, 659, 660, 663, 664, 666, 667, 669, 680, C, 661, 758"},"geometry":{"type":"LineString","coordinates":[[12.880463,52.605849],[12.879463,52.605156]]}},{"type":"Feature","properties":{"mode":"bus","n":11,"arr":["650","658","659","660","663","664","666","667","669","680","hvb:661"],"lines":"650, 658, 659, 660, 663, 664, 666, 667, 669, 680, 661"},"geometry":{"type":"LineString","coordinates":[[12.882446,52.608778],[12.882534,52.60877]]}},{"type":"Feature","properties":{"mode":"bus","n":11,"arr":["650","658","659","660","663","664","666","667","669","680","hvb:661"],"lines":"650, 658, 659, 660, 663, 664, 666, 667, 669, 680, 661"},"geometry":{"type":"LineString","coordinates":[[12.880541,52.605814],[12.880463,52.605849]]}},{"type":"Feature","properties":{"mode":"bus","n":9,"arr":["658","659","660","664","666","669","680","C","hvb:661"],"lines":"658, 659, 660, 664, 666, 669, 680, C, 661"},"geometry":{"type":"LineString","coordinates":[[12.879463,52.605156],[12.878604,52.604478],[12.878461,52.604294]]}},{"type":"Feature","properties":{"mode":"bus","n":8,"arr":["650","hvb:604","hvb:614","N14","N15","N17","X5","X15"],"lines":"650, 604, 614, N14, N15, N17, X5, X15"},"geometry":{"type":"LineString","coordinates":[[13.057913,52.398452],[13.057726,52.399214],[13.05769,52.399611],[13.057725,52.399748]]}},{"type":"Feature","properties":{"mode":"bus","n":7,"arr":["650","hvb:604","hvb:614","N15","N17","tf:715","X19"],"lines":"650, 604, 614, N15, N17, 715, X19"},"geometry":{"type":"LineString","coordinates":[[13.066594,52.390666],[13.067137,52.39065]]}},{"type":"Feature","properties":{"mode":"bus","n":6,"arr":["651","652","653","655","686","X37"],"lines":"651, 652, 653, 655, 686, X37"},"geometry":{"type":"LineString","coordinates":[[13.088814,52.560284],[13.088444,52.560381],[13.088351,52.560428],[13.088328,52.560461],[13.088321,52.560478],[13.088326,52.560496],[13.088391,52.560596]]}},{"type":"Feature","properties":{"mode":"bus","n":6,"arr":["651","652","653","654","656","X37"],"lines":"651, 652, 653, 654, 656, X37"},"geometry":{"type":"LineString","coordinates":[[13.095217,52.562634],[13.093839,52.561821],[13.091758,52.560525],[13.091639,52.560346]]}},{"type":"Feature","properties":{"mode":"bus","n":5,"arr":["651","653","654","656","X37"],"lines":"651, 653, 654, 656, X37"},"geometry":{"type":"LineString","coordinates":[[13.103168,52.567041],[13.103047,52.566953],[13.102714,52.566477],[13.10239,52.566098],[13.101254,52.565276],[13.098782,52.564138],[13.097452,52.563773],[13.096937,52.563573],[13.096407,52.563307],[13.095217,52.562634]]}},{"type":"Feature","properties":{"mode":"bus","n":5,"arr":["651","652","653","654","656"],"lines":"651, 652, 653, 654, 656"},"geometry":{"type":"LineString","coordinates":[[13.095217,52.562634],[13.095408,52.562521],[13.096223,52.56215]]}},{"type":"Feature","properties":{"mode":"bus","n":5,"arr":["653","655","670","A","C"],"lines":"653, 655, 670, A, C"},"geometry":{"type":"LineString","coordinates":[[13.063095,52.542816],[13.063307,52.54393],[13.063416,52.544281],[13.063714,52.544904],[13.063773,52.545099],[13.063735,52.545377],[13.063583,52.545595]]}},{"type":"Feature","properties":{"mode":"bus","n":5,"arr":["653","663","670","A","C"],"lines":"653, 663, 670, A, C"},"geometry":{"type":"LineString","coordinates":[[13.054498,52.542851],[13.054596,52.54294],[13.05478,52.542995],[13.056449,52.543148],[13.057698,52.543114],[13.057883,52.543079]]}},{"type":"Feature","properties":{"mode":"bus","n":8,"arr":["658","659","660","664","666","669","680","hvb:661"],"lines":"658, 659, 660, 664, 666, 669, 680, 661"},"geometry":{"type":"LineString","coordinates":[[12.878352,52.604209],[12.878117,52.604257],[12.877577,52.604556],[12.876551,52.604884]]}},{"type":"Feature","properties":{"mode":"bus","n":5,"arr":["669","680","B","hvb:661","X4"],"lines":"669, 680, B, 661, X4"},"geometry":{"type":"LineString","coordinates":[[12.79523,52.620271],[12.793259,52.619831],[12.79129,52.619266],[12.790393,52.619047],[12.787287,52.618333],[12.786172,52.618105],[12.78568,52.618035],[12.784552,52.61796],[12.783656,52.617972],[12.783008,52.618025],[12.782436,52.618102],[12.781264,52.61831],[12.779052,52.618747],[12.753784,52.623853],[12.753202,52.62399],[12.752561,52.624178],[12.751659,52.624537],[12.751237,52.624658],[12.734439,52.628477],[12.720173,52.632097],[12.719719,52.632188],[12.718798,52.632322],[12.712031,52.632892],[12.711235,52.633032],[12.69328,52.636888]]}},{"type":"Feature","properties":{"mode":"bus","n":14,"arr":["672","673","674","676","678","679","680","681","683","684","685","687","B","X4"],"lines":"672, 673, 674, 676, 678, 679, 680, 681, 683, 684, 685, 687, B, X4"},"geometry":{"type":"LineString","coordinates":[[12.354395,52.600335],[12.355118,52.6005]]}},{"type":"Feature","properties":{"mode":"bus","n":13,"arr":["673","674","676","678","679","680","683","684","685","687","B","RB34","X4"],"lines":"673, 674, 676, 678, 679, 680, 683, 684, 685, 687, B, RB34, X4"},"geometry":{"type":"LineString","coordinates":[[12.354303,52.600314],[12.354395,52.600335]]}},{"type":"Feature","properties":{"mode":"bus","n":13,"arr":["672","673","674","676","678","679","680","681","683","684","685","687","B"],"lines":"672, 673, 674, 676, 678, 679, 680, 681, 683, 684, 685, 687, B"},"geometry":{"type":"LineString","coordinates":[[12.355118,52.6005],[12.355081,52.600681],[12.354988,52.600762],[12.354889,52.600801],[12.354612,52.600822],[12.354324,52.60079],[12.35429,52.60079],[12.354263,52.600799],[12.354246,52.600817],[12.353483,52.602091],[12.353401,52.602364],[12.353405,52.602583],[12.353688,52.603477]]}},{"type":"Feature","properties":{"mode":"bus","n":10,"arr":["672","674","675","678","679","680","681","683","685","687"],"lines":"672, 674, 675, 678, 679, 680, 681, 683, 685, 687"},"geometry":{"type":"LineString","coordinates":[[12.342744,52.605346],[12.347512,52.604249],[12.353688,52.603477]]}},{"type":"Feature","properties":{"mode":"bus","n":10,"arr":["672","674","675","678","679","680","681","683","685","687"],"lines":"672, 674, 675, 678, 679, 680, 681, 683, 685, 687"},"geometry":{"type":"LineString","coordinates":[[12.340329,52.605918],[12.342283,52.605466]]}},{"type":"Feature","properties":{"mode":"bus","n":10,"arr":["672","674","675","678","679","680","681","683","685","687"],"lines":"672, 674, 675, 678, 679, 680, 681, 683, 685, 687"},"geometry":{"type":"LineString","coordinates":[[12.338411,52.606345],[12.340026,52.605988]]}},{"type":"Feature","properties":{"mode":"bus","n":8,"arr":["672","673","675","678","679","681","683","687"],"lines":"672, 673, 675, 678, 679, 681, 683, 687"},"geometry":{"type":"LineString","coordinates":[[12.3354,52.607081],[12.336369,52.606788],[12.33809,52.606408]]}},{"type":"Feature","properties":{"mode":"bus","n":7,"arr":["672","674","676","680","681","683","B"],"lines":"672, 674, 676, 680, 681, 683, B"},"geometry":{"type":"LineString","coordinates":[[12.353688,52.603477],[12.354695,52.60336],[12.355052,52.603339],[12.360214,52.603269]]}},{"type":"Feature","properties":{"mode":"bus","n":5,"arr":["672","680","681","683","B"],"lines":"672, 680, 681, 683, B"},"geometry":{"type":"LineString","coordinates":[[12.360214,52.603269],[12.361148,52.603259]]}},{"type":"Feature","properties":{"mode":"bus","n":5,"arr":["672","680","683","B","X4"],"lines":"672, 680, 683, B, X4"},"geometry":{"type":"LineString","coordinates":[[12.378969,52.605985],[12.379723,52.605986],[12.380869,52.605929],[12.384054,52.605717]]}},{"type":"Feature","properties":{"mode":"bus","n":7,"arr":["673","675","678","683","684","685","687"],"lines":"673, 675, 678, 683, 684, 685, 687"},"geometry":{"type":"LineString","coordinates":[[12.354043,52.604873],[12.353944,52.604229],[12.353688,52.603477]]}},{"type":"Feature","properties":{"mode":"bus","n":9,"arr":["673","674","675","676","678","683","684","685","687"],"lines":"673, 674, 675, 676, 678, 683, 684, 685, 687"},"geometry":{"type":"LineString","coordinates":[[12.351596,52.609044],[12.352533,52.608075],[12.352902,52.607615],[12.353269,52.607075],[12.353705,52.606248],[12.353954,52.605464],[12.354029,52.605126],[12.354043,52.604873]]}},{"type":"Feature","properties":{"mode":"bus","n":7,"arr":["673","674","676","683","684","685","687"],"lines":"673, 674, 676, 683, 684, 685, 687"},"geometry":{"type":"LineString","coordinates":[[12.351896,52.608738],[12.352039,52.608763]]}},{"type":"Feature","properties":{"mode":"bus","n":6,"arr":["673","674","676","684","685","687"],"lines":"673, 674, 676, 684, 685, 687"},"geometry":{"type":"LineString","coordinates":[[12.347914,52.612202],[12.348347,52.611927],[12.349684,52.611417],[12.350026,52.611192],[12.350136,52.611047],[12.350363,52.610489],[12.350513,52.610224],[12.3508,52.609856],[12.351596,52.609044]]}},{"type":"Feature","properties":{"mode":"bus","n":5,"arr":["673","676","684","685","687"],"lines":"673, 676, 684, 685, 687"},"geometry":{"type":"LineString","coordinates":[[12.340839,52.612977],[12.342057,52.612963],[12.3444,52.612846],[12.347014,52.612504],[12.347333,52.612417],[12.347914,52.612202]]}},{"type":"Feature","properties":{"mode":"bus","n":5,"arr":["673","683","684","685","X4"],"lines":"673, 683, 684, 685, X4"},"geometry":{"type":"LineString","coordinates":[[12.355118,52.6005],[12.355165,52.600504]]}},{"type":"Feature","properties":{"mode":"bus","n":5,"arr":["674","676","680","681","683"],"lines":"674, 676, 680, 681, 683"},"geometry":{"type":"LineString","coordinates":[[12.360218,52.603395],[12.360214,52.603269]]}},{"type":"Feature","properties":{"mode":"bus","n":5,"arr":["674","675","676","680","685"],"lines":"674, 675, 676, 680, 685"},"geometry":{"type":"LineString","coordinates":[[12.336716,52.602819],[12.336579,52.603192],[12.336587,52.603386],[12.33664,52.603531],[12.336883,52.604032],[12.338179,52.606282]]}},{"type":"Feature","properties":{"mode":"bus","n":19,"arr":["690","694","695","BER2","hvb:604","N14","N15","N16","N17","pm:601","pm:N13","pm:X1","tf:715","vip:605","vip:N13","X5","X15","X19","X43"],"lines":"690, 694, 695, BER2, 604, N14, N15, N16, N17, 601, N13, X1, 715, 605, N13, X5, X15, X19, X43"},"geometry":{"type":"LineString","coordinates":[[13.06717,52.390587],[13.067185,52.390474],[13.067162,52.390389],[13.067155,52.390373],[13.067141,52.390364],[13.067121,52.39036],[13.067095,52.390361],[13.066129,52.390491]]}},{"type":"Feature","properties":{"mode":"bus","n":8,"arr":["690","N17","pm:601","pm:N13","pm:X1","tf:715","vip:N13","X19"],"lines":"690, N17, 601, N13, X1, 715, N13, X19"},"geometry":{"type":"LineString","coordinates":[[13.06882,52.390058],[13.068205,52.39009],[13.06725,52.390234],[13.067217,52.390243],[13.067194,52.390258],[13.06718,52.390278],[13.067153,52.390353]]}},{"type":"Feature","properties":{"mode":"bus","n":9,"arr":["690","BER2","N17","pm:601","pm:N13","pm:X1","tf:715","vip:N13","X19"],"lines":"690, BER2, N17, 601, N13, X1, 715, N13, X19"},"geometry":{"type":"LineString","coordinates":[[13.067153,52.390353],[13.068464,52.39016],[13.068685,52.390114],[13.06882,52.390058],[13.074269,52.389241],[13.074857,52.389178],[13.075372,52.389189],[13.075798,52.389267],[13.075954,52.389323],[13.076216,52.389493],[13.076579,52.389799],[13.076872,52.389984],[13.077208,52.390141],[13.077578,52.390265],[13.077975,52.390354],[13.078736,52.390463],[13.079899,52.390561],[13.080226,52.390566],[13.08292,52.39042],[13.083524,52.390432],[13.085412,52.390544],[13.085647,52.390513],[13.087881,52.389971],[13.088334,52.389882],[13.088446,52.389879]]}},{"type":"Feature","properties":{"mode":"bus","n":6,"arr":["690","693","N14","N17","pm:601","vip:616"],"lines":"690, 693, N14, N17, 601, 616"},"geometry":{"type":"LineString","coordinates":[[13.090634,52.390675],[13.091473,52.392028]]}},{"type":"Feature","properties":{"mode":"bus","n":5,"arr":["690","693","N14","N17","pm:601"],"lines":"690, 693, N14, N17, 601"},"geometry":{"type":"LineString","coordinates":[[13.090406,52.390385],[13.090634,52.390675]]}},{"type":"Feature","properties":{"mode":"bus","n":5,"arr":["690","693","N14","N17","pm:601"],"lines":"690, 693, N14, N17, 601"},"geometry":{"type":"LineString","coordinates":[[13.090051,52.390189],[13.090362,52.390361],[13.090375,52.390367],[13.090383,52.390371],[13.090388,52.390371],[13.090389,52.390368],[13.090386,52.390362],[13.090378,52.390353],[13.090185,52.390129]]}},{"type":"Feature","properties":{"mode":"bus","n":9,"arr":["690","693","N14","pm:601","pm:602","pm:N13","tf:715","vip:N13","X19"],"lines":"690, 693, N14, 601, 602, N13, 715, N13, X19"},"geometry":{"type":"LineString","coordinates":[[13.090015,52.389995],[13.090453,52.389837]]}},{"type":"Feature","properties":{"mode":"bus","n":11,"arr":["690","693","BER2","N14","pm:601","pm:602","pm:N13","pm:X1","tf:715","vip:N13","X19"],"lines":"690, 693, BER2, N14, 601, 602, N13, X1, 715, N13, X19"},"geometry":{"type":"LineString","coordinates":[[13.090453,52.389837],[13.092064,52.389464],[13.095029,52.388853]]}},{"type":"Feature","properties":{"mode":"bus","n":7,"arr":["690","696","BER2","pm:601","pm:X1","tf:715","X19"],"lines":"690, 696, BER2, 601, X1, 715, X19"},"geometry":{"type":"LineString","coordinates":[[13.125054,52.372195],[13.123417,52.372222],[13.122466,52.372276],[13.121327,52.372374],[13.119981,52.372606],[13.118575,52.37291],[13.114765,52.37382],[13.113734,52.37415],[13.112416,52.374629],[13.111596,52.375029]]}},{"type":"Feature","properties":{"mode":"bus","n":7,"arr":["690","696","BER2","pm:601","pm:X1","tf:715","X19"],"lines":"690, 696, BER2, 601, X1, 715, X19"},"geometry":{"type":"LineString","coordinates":[[13.111111,52.375429],[13.1124,52.374791],[13.113345,52.374401],[13.114345,52.374055],[13.115555,52.373727],[13.118626,52.372999],[13.120026,52.372703],[13.12136,52.372482],[13.123084,52.372329],[13.124473,52.372307]]}},{"type":"Feature","properties":{"mode":"bus","n":6,"arr":["690","BER2","pm:602","pm:X1","tf:715","X19"],"lines":"690, BER2, 602, X1, 715, X19"},"geometry":{"type":"LineString","coordinates":[[13.137488,52.372231],[13.135568,52.372231]]}},{"type":"Feature","properties":{"mode":"bus","n":5,"arr":["690","N14","pm:613","pm:N13","vip:N13"],"lines":"690, N14, 613, N13, N13"},"geometry":{"type":"LineString","coordinates":[[13.13144,52.375426],[13.129435,52.375398]]}},{"type":"Feature","properties":{"mode":"bus","n":5,"arr":["690","BER2","pm:X1","tf:715","X19"],"lines":"690, BER2, X1, 715, X19"},"geometry":{"type":"LineString","coordinates":[[13.124473,52.372307],[13.126309,52.372318]]}},{"type":"Feature","properties":{"mode":"bus","n":10,"arr":["690","693","BER2","N14","pm:601","pm:N13","pm:X1","tf:715","vip:N13","X19"],"lines":"690, 693, BER2, N14, 601, N13, X1, 715, N13, X19"},"geometry":{"type":"LineString","coordinates":[[13.090146,52.39002],[13.090243,52.389934],[13.090453,52.389837]]}},{"type":"Feature","properties":{"mode":"bus","n":15,"arr":["691","694","695","hvb:604","N14","N15","N16","N17","pm:607","pm:608","pm:643","vip:605","X5","X15","X43"],"lines":"691, 694, 695, 604, N14, N15, N16, N17, 607, 608, 643, 605, X5, X15, X43"},"geometry":{"type":"LineString","coordinates":[[13.066129,52.390491],[13.065937,52.390517]]}},{"type":"Feature","properties":{"mode":"bus","n":14,"arr":["694","695","hvb:604","N14","N15","N16","N17","pm:607","pm:608","pm:643","vip:605","X5","X15","X43"],"lines":"694, 695, 604, N14, N15, N16, N17, 607, 608, 643, 605, X5, X15, X43"},"geometry":{"type":"LineString","coordinates":[[13.065937,52.390517],[13.064732,52.39065],[13.06453,52.390597]]}},{"type":"Feature","properties":{"mode":"bus","n":6,"arr":["691","694","pm:607","pm:608","pm:643","X43"],"lines":"691, 694, 607, 608, 643, X43"},"geometry":{"type":"LineString","coordinates":[[13.065362,52.39046],[13.065213,52.390365],[13.065146,52.390211],[13.065145,52.390178],[13.065171,52.39015],[13.065414,52.389989],[13.065699,52.38984],[13.06572,52.389824],[13.065722,52.389807],[13.065707,52.389789],[13.065277,52.389469],[13.065082,52.389172]]}},{"type":"Feature","properties":{"mode":"bus","n":5,"arr":["692","N17","pm:612","vip:612","vip:619"],"lines":"692, N17, 612, 612, 619"},"geometry":{"type":"LineString","coordinates":[[13.002403,52.427394],[13.002502,52.427431],[13.002647,52.427546]]}},{"type":"Feature","properties":{"mode":"bus","n":6,"arr":["692","hvb:614","N17","pm:612","vip:612","vip:619"],"lines":"692, 614, N17, 612, 612, 619"},"geometry":{"type":"LineString","coordinates":[[13.002282,52.427349],[13.002403,52.427394]]}},{"type":"Feature","properties":{"mode":"bus","n":7,"arr":["692","697","698","N17","pm:612","vip:612","vip:619"],"lines":"692, 697, 698, N17, 612, 612, 619"},"geometry":{"type":"LineString","coordinates":[[13.032025,52.414041],[13.03215,52.414062],[13.032362,52.414034],[13.032712,52.413919],[13.032763,52.413838],[13.032864,52.413779],[13.033358,52.413708],[13.033399,52.413707],[13.033437,52.413717],[13.033505,52.413744],[13.033526,52.413791],[13.033529,52.413815],[13.033515,52.413838],[13.033298,52.414056],[13.03319,52.414115],[13.032981,52.414139],[13.032846,52.414106],[13.032794,52.414074],[13.032774,52.414066],[13.032753,52.414063],[13.032729,52.414066],[13.032135,52.41421],[13.03211,52.414213],[13.032091,52.414211],[13.032077,52.414202],[13.032069,52.414188],[13.031927,52.413717],[13.031914,52.413698],[13.031891,52.413688],[13.031857,52.413686],[13.031271,52.413725],[13.029055,52.413786]]}},{"type":"Feature","properties":{"mode":"bus","n":8,"arr":["693","BER2","N17","pm:N13","pm:X1","tf:715","vip:N13","X19"],"lines":"693, BER2, N17, N13, X1, 715, N13, X19"},"geometry":{"type":"LineString","coordinates":[[13.088659,52.389893],[13.088889,52.389933]]}},{"type":"Feature","properties":{"mode":"bus","n":7,"arr":["BER2","N17","pm:N13","pm:X1","tf:715","vip:N13","X19"],"lines":"BER2, N17, N13, X1, 715, N13, X19"},"geometry":{"type":"LineString","coordinates":[[13.088446,52.389879],[13.088659,52.389893]]}},{"type":"Feature","properties":{"mode":"bus","n":7,"arr":["BER2","N17","pm:N13","pm:X1","tf:715","vip:N13","X19"],"lines":"BER2, N17, N13, X1, 715, N13, X19"},"geometry":{"type":"LineString","coordinates":[[13.089901,52.390143],[13.089171,52.389983]]}},{"type":"Feature","properties":{"mode":"bus","n":8,"arr":["BER2","N17","pm:602","pm:N13","pm:X1","tf:715","vip:N13","X19"],"lines":"BER2, N17, 602, N13, X1, 715, N13, X19"},"geometry":{"type":"LineString","coordinates":[[13.088889,52.389933],[13.089171,52.389983]]}},{"type":"Feature","properties":{"mode":"bus","n":7,"arr":["693","BER2","N14","pm:602","pm:X1","tf:715","X19"],"lines":"693, BER2, N14, 602, X1, 715, X19"},"geometry":{"type":"LineString","coordinates":[[13.095029,52.388853],[13.093423,52.385573]]}},{"type":"Feature","properties":{"mode":"bus","n":5,"arr":["693","N14","pm:602","tf:715","X19"],"lines":"693, N14, 602, 715, X19"},"geometry":{"type":"LineString","coordinates":[[13.092305,52.384103],[13.092646,52.384404],[13.092933,52.384721],[13.093179,52.385106],[13.093423,52.385573]]}},{"type":"Feature","properties":{"mode":"bus","n":5,"arr":["693","699","N14","pm:602","pm:611"],"lines":"693, 699, N14, 602, 611"},"geometry":{"type":"LineString","coordinates":[[13.098163,52.359765],[13.098117,52.359831]]}},{"type":"Feature","properties":{"mode":"bus","n":5,"arr":["694","pm:607","pm:608","pm:643","X43"],"lines":"694, 607, 608, 643, X43"},"geometry":{"type":"LineString","coordinates":[[13.054927,52.381837],[13.055964,52.382371],[13.056194,52.382561],[13.057401,52.38401],[13.057872,52.38439],[13.058502,52.384689],[13.059583,52.385068],[13.060822,52.385417],[13.062151,52.385692],[13.062526,52.385789],[13.062777,52.3859],[13.063168,52.386155],[13.063504,52.386523],[13.064776,52.388495],[13.065175,52.389448],[13.065313,52.389616],[13.0655,52.389779],[13.065512,52.389794],[13.065513,52.389807],[13.065504,52.389818],[13.065484,52.389829],[13.06535,52.389882],[13.065215,52.389966],[13.064515,52.390451],[13.064435,52.390518],[13.064424,52.39053],[13.064422,52.390542],[13.06443,52.390553],[13.064447,52.390563],[13.06453,52.390597]]}},{"type":"Feature","properties":{"mode":"bus","n":10,"arr":["694","695","hvb:604","N14","N15","N16","N17","vip:605","X5","X15"],"lines":"694, 695, 604, N14, N15, N16, N17, 605, X5, X15"},"geometry":{"type":"LineString","coordinates":[[13.06453,52.390597],[13.063989,52.390977],[13.063876,52.39109],[13.063778,52.391306],[13.06356,52.39212],[13.063459,52.392276],[13.063235,52.392503]]}},{"type":"Feature","properties":{"mode":"bus","n":5,"arr":["694","695","hvb:604","N14","N15"],"lines":"694, 695, 604, N14, N15"},"geometry":{"type":"LineString","coordinates":[[13.063989,52.390977],[13.064044,52.391007]]}},{"type":"Feature","properties":{"mode":"bus","n":5,"arr":["694","696","699","pm:602","pm:613"],"lines":"694, 696, 699, 602, 613"},"geometry":{"type":"LineString","coordinates":[[13.128102,52.371962],[13.128102,52.371542]]}},{"type":"Feature","properties":{"mode":"bus","n":6,"arr":["694","699","N17","pm:613","pm:N13","vip:N13"],"lines":"694, 699, N17, 613, N13, N13"},"geometry":{"type":"LineString","coordinates":[[13.128298,52.37558],[13.129076,52.375581]]}},{"type":"Feature","properties":{"mode":"bus","n":6,"arr":["695","698","pm:612","vip:605","vip:612","X5"],"lines":"695, 698, 612, 605, 612, X5"},"geometry":{"type":"LineString","coordinates":[[12.973185,52.41042],[12.972021,52.410553]]}},{"type":"Feature","properties":{"mode":"bus","n":6,"arr":["695","N14","pm:612","vip:605","vip:612","X5"],"lines":"695, N14, 612, 605, 612, X5"},"geometry":{"type":"LineString","coordinates":[[13.013923,52.406011],[13.012849,52.405979],[13.012291,52.405934],[13.008466,52.4053],[13.008106,52.405265],[13.007446,52.405251],[13.007013,52.40527],[13.005752,52.405459],[13.005254,52.405488],[12.998687,52.405456],[12.995527,52.405289]]}},{"type":"Feature","properties":{"mode":"bus","n":5,"arr":["695","697","pm:612","vip:612","X15"],"lines":"695, 697, 612, 612, X15"},"geometry":{"type":"LineString","coordinates":[[13.019867,52.41711],[13.019235,52.4158],[13.019028,52.414984],[13.018983,52.414399],[13.019167,52.412421],[13.019026,52.411649],[13.018929,52.411459],[13.018627,52.411104],[13.01837,52.410882],[13.017722,52.41042],[13.014457,52.408378],[13.014119,52.40809],[13.013954,52.407881],[13.013812,52.407546],[13.013807,52.407278],[13.013923,52.406011]]}},{"type":"Feature","properties":{"mode":"bus","n":5,"arr":["697","N14","vip:605","X5","X15"],"lines":"697, N14, 605, X5, X15"},"geometry":{"type":"LineString","coordinates":[[13.013923,52.406011],[13.014106,52.404382],[13.014087,52.404211],[13.013924,52.404062],[13.013741,52.403977],[13.012336,52.403557],[13.011708,52.403329],[13.011223,52.40308],[13.010975,52.402917],[13.010837,52.402736],[13.010801,52.402625],[13.011125,52.399528],[13.011171,52.399397],[13.011243,52.399307],[13.011348,52.39924],[13.011654,52.399122],[13.01317,52.398887]]}},{"type":"Feature","properties":{"mode":"bus","n":5,"arr":["699","N17","pm:613","pm:N13","vip:N13"],"lines":"699, N17, 613, N13, N13"},"geometry":{"type":"LineString","coordinates":[[13.129435,52.375398],[13.128293,52.375384]]}},{"type":"Feature","properties":{"mode":"bus","n":6,"arr":["700","729","789","tf:707","tf:714","tf:770"],"lines":"700, 729, 789, 707, 714, 770"},"geometry":{"type":"LineString","coordinates":[[13.454733,52.213805],[13.454882,52.214087],[13.454884,52.214296]]}},{"type":"Feature","properties":{"mode":"bus","n":5,"arr":["700","729","tf:707","tf:714","tf:770"],"lines":"700, 729, 707, 714, 770"},"geometry":{"type":"LineString","coordinates":[[13.454716,52.213772],[13.454733,52.213805]]}},{"type":"Feature","properties":{"mode":"bus","n":6,"arr":["700","729","789","tf:701","tf:707","tf:714"],"lines":"700, 729, 789, 701, 707, 714"},"geometry":{"type":"LineString","coordinates":[[13.469722,52.218188],[13.470087,52.218104],[13.470132,52.218086],[13.470158,52.218056],[13.470372,52.2176],[13.470375,52.217579],[13.470361,52.217564],[13.470331,52.217555],[13.467344,52.217],[13.466648,52.2169],[13.465995,52.21676],[13.463518,52.216005],[13.462309,52.215471],[13.46165,52.215093],[13.461265,52.21496],[13.460856,52.214893],[13.460482,52.214867],[13.458597,52.214933],[13.457703,52.21494],[13.455742,52.214442],[13.454884,52.214296]]}},{"type":"Feature","properties":{"mode":"bus","n":7,"arr":["700","729","789","tf:701","tf:707","tf:714","tf:770"],"lines":"700, 729, 789, 701, 707, 714, 770"},"geometry":{"type":"LineString","coordinates":[[13.454884,52.214296],[13.454691,52.214285],[13.454384,52.214311],[13.453639,52.214458],[13.453479,52.214473],[13.453257,52.21446],[13.453221,52.214461],[13.453191,52.21447],[13.453169,52.214487],[13.453059,52.214603],[13.452854,52.214676],[13.450616,52.215173],[13.450241,52.215207],[13.448658,52.215884],[13.44863,52.215891],[13.448599,52.21589],[13.44854,52.215881],[13.44843,52.215815],[13.447433,52.215128],[13.446445,52.214353],[13.446327,52.214288]]}},{"type":"Feature","properties":{"mode":"bus","n":10,"arr":["700","729","789","795","tf:701","tf:706","tf:707","tf:714","tf:770","tf:771"],"lines":"700, 729, 789, 795, 701, 706, 707, 714, 770, 771"},"geometry":{"type":"LineString","coordinates":[[13.446327,52.214288],[13.445323,52.214764],[13.445128,52.214842],[13.444199,52.215122],[13.443863,52.215254],[13.4435,52.215437],[13.440682,52.217708],[13.440295,52.218148],[13.440087,52.218485]]}},{"type":"Feature","properties":{"mode":"bus","n":10,"arr":["700","729","789","795","tf:701","tf:706","tf:707","tf:714","tf:770","tf:771"],"lines":"700, 729, 789, 795, 701, 706, 707, 714, 770, 771"},"geometry":{"type":"LineString","coordinates":[[13.439342,52.218494],[13.439248,52.218656]]}},{"type":"Feature","properties":{"mode":"bus","n":9,"arr":["700","729","789","795","tf:701","tf:707","tf:714","tf:770","tf:771"],"lines":"700, 729, 789, 795, 701, 707, 714, 770, 771"},"geometry":{"type":"LineString","coordinates":[[13.440087,52.218485],[13.439963,52.218809],[13.439902,52.219106],[13.439919,52.219601]]}},{"type":"Feature","properties":{"mode":"bus","n":10,"arr":["700","729","789","795","tf:701","tf:707","tf:714","tf:770","tf:771","tf:791"],"lines":"700, 729, 789, 795, 701, 707, 714, 770, 771, 791"},"geometry":{"type":"LineString","coordinates":[[13.439919,52.219601],[13.439698,52.219597],[13.439313,52.219498],[13.439222,52.219382],[13.439225,52.219192]]}},{"type":"Feature","properties":{"mode":"bus","n":10,"arr":["700","729","789","795","tf:701","tf:707","tf:714","tf:770","tf:771","tf:791"],"lines":"700, 729, 789, 795, 701, 707, 714, 770, 771, 791"},"geometry":{"type":"LineString","coordinates":[[13.439232,52.21902],[13.439241,52.21881]]}},{"type":"Feature","properties":{"mode":"bus","n":9,"arr":["700","789","795","tf:701","tf:707","tf:714","tf:770","tf:771","tf:791"],"lines":"700, 789, 795, 701, 707, 714, 770, 771, 791"},"geometry":{"type":"LineString","coordinates":[[13.439225,52.219192],[13.439232,52.21902]]}},{"type":"Feature","properties":{"mode":"bus","n":11,"arr":["700","729","789","795","tf:701","tf:706","tf:707","tf:714","tf:770","tf:771","tf:791"],"lines":"700, 729, 789, 795, 701, 706, 707, 714, 770, 771, 791"},"geometry":{"type":"LineString","coordinates":[[13.439248,52.218656],[13.439241,52.21881]]}},{"type":"Feature","properties":{"mode":"bus","n":9,"arr":["700","729","789","tf:701","tf:706","tf:707","tf:714","tf:770","tf:771"],"lines":"700, 729, 789, 701, 706, 707, 714, 770, 771"},"geometry":{"type":"LineString","coordinates":[[13.440087,52.218485],[13.439656,52.21841],[13.439449,52.218434],[13.439342,52.218494]]}},{"type":"Feature","properties":{"mode":"bus","n":6,"arr":["700","789","tf:701","tf:706","tf:707","tf:714"],"lines":"700, 789, 701, 706, 707, 714"},"geometry":{"type":"LineString","coordinates":[[13.439656,52.21841],[13.439658,52.218385]]}},{"type":"Feature","properties":{"mode":"bus","n":6,"arr":["708","750","pm:621","tf:714","tf:715","X19"],"lines":"708, 750, 621, 714, 715, X19"},"geometry":{"type":"LineString","coordinates":[[13.266756,52.298487],[13.266716,52.298307]]}},{"type":"Feature","properties":{"mode":"bus","n":11,"arr":["708","720","750","pm:621","tf:702","tf:705","tf:714","tf:715","tf:721","tf:751","X19"],"lines":"708, 720, 750, 621, 702, 705, 714, 715, 721, 751, X19"},"geometry":{"type":"LineString","coordinates":[[13.266716,52.298307],[13.266696,52.298216],[13.266767,52.298045],[13.266603,52.297397],[13.266534,52.297316],[13.26647,52.297303],[13.266298,52.297336],[13.265957,52.297529],[13.265829,52.297569],[13.265568,52.297593]]}},{"type":"Feature","properties":{"mode":"bus","n":8,"arr":["708","709","720","tf:701","tf:702","tf:715","tf:721","X19"],"lines":"708, 709, 720, 701, 702, 715, 721, X19"},"geometry":{"type":"LineString","coordinates":[[13.258774,52.301647],[13.258941,52.3016],[13.259346,52.301397],[13.259954,52.301049]]}},{"type":"Feature","properties":{"mode":"bus","n":8,"arr":["708","709","pm:621","tf:701","tf:702","tf:715","tf:721","X19"],"lines":"708, 709, 621, 701, 702, 715, 721, X19"},"geometry":{"type":"LineString","coordinates":[[13.247617,52.307975],[13.249361,52.307046],[13.253544,52.304628],[13.254199,52.304284]]}},{"type":"Feature","properties":{"mode":"bus","n":10,"arr":["708","709","pm:621","tf:701","tf:702","tf:703","tf:715","tf:721","tf:751","X19"],"lines":"708, 709, 621, 701, 702, 703, 715, 721, 751, X19"},"geometry":{"type":"LineString","coordinates":[[13.246721,52.308411],[13.247617,52.307975]]}},{"type":"Feature","properties":{"mode":"bus","n":8,"arr":["708","pm:621","tf:701","tf:702","tf:715","tf:721","tf:751","X19"],"lines":"708, 621, 701, 702, 715, 721, 751, X19"},"geometry":{"type":"LineString","coordinates":[[13.2456,52.308952],[13.246721,52.308411]]}},{"type":"Feature","properties":{"mode":"bus","n":6,"arr":["708","pm:621","tf:715","tf:721","tf:751","X19"],"lines":"708, 621, 715, 721, 751, X19"},"geometry":{"type":"LineString","coordinates":[[13.2456,52.308952],[13.243035,52.310197]]}},{"type":"Feature","properties":{"mode":"bus","n":7,"arr":["708","pm:621","tf:705","tf:715","tf:721","tf:751","X19"],"lines":"708, 621, 705, 715, 721, 751, X19"},"geometry":{"type":"LineString","coordinates":[[13.237561,52.314721],[13.242188,52.310729],[13.243035,52.310197]]}},{"type":"Feature","properties":{"mode":"bus","n":8,"arr":["709","720","pm:621","tf:701","tf:702","tf:715","tf:721","X19"],"lines":"709, 720, 621, 701, 702, 715, 721, X19"},"geometry":{"type":"LineString","coordinates":[[13.256004,52.303235],[13.257894,52.302109],[13.258774,52.301647]]}},{"type":"Feature","properties":{"mode":"bus","n":9,"arr":["709","pm:621","tf:701","tf:702","tf:703","tf:715","tf:721","tf:751","X19"],"lines":"709, 621, 701, 702, 703, 715, 721, 751, X19"},"geometry":{"type":"LineString","coordinates":[[13.254199,52.304284],[13.256004,52.303235]]}},{"type":"Feature","properties":{"mode":"bus","n":5,"arr":["709","720","tf:701","tf:703","tf:751"],"lines":"709, 720, 701, 703, 751"},"geometry":{"type":"LineString","coordinates":[[13.258498,52.307106],[13.257584,52.304339],[13.257491,52.304238],[13.256004,52.303235]]}},{"type":"Feature","properties":{"mode":"bus","n":5,"arr":["709","tf:701","tf:703","tf:705","tf:751"],"lines":"709, 701, 703, 705, 751"},"geometry":{"type":"LineString","coordinates":[[13.261045,52.301738],[13.261427,52.301493],[13.26195,52.301221],[13.261971,52.301205],[13.261974,52.301188],[13.261959,52.30117],[13.26096,52.300382]]}},{"type":"Feature","properties":{"mode":"bus","n":5,"arr":["709","tf:701","tf:703","tf:705","tf:751"],"lines":"709, 701, 703, 705, 751"},"geometry":{"type":"LineString","coordinates":[[13.261458,52.300777],[13.261323,52.300851]]}},{"type":"Feature","properties":{"mode":"bus","n":11,"arr":["709","720","pm:621","tf:701","tf:702","tf:703","tf:705","tf:715","tf:721","tf:751","X19"],"lines":"709, 720, 621, 701, 702, 703, 705, 715, 721, 751, X19"},"geometry":{"type":"LineString","coordinates":[[13.26096,52.300382],[13.264057,52.298637],[13.264953,52.298071],[13.265276,52.297725]]}},{"type":"Feature","properties":{"mode":"bus","n":5,"arr":["716","789","795","tf:701","tf:791"],"lines":"716, 789, 795, 701, 791"},"geometry":{"type":"LineString","coordinates":[[13.425808,52.23954],[13.425869,52.23975],[13.425868,52.23977],[13.425852,52.239784],[13.425821,52.239792],[13.424717,52.239922],[13.424685,52.23993],[13.424667,52.239944],[13.424663,52.239965],[13.424686,52.2402],[13.424915,52.240865],[13.425026,52.241134],[13.425138,52.241282],[13.425433,52.24146],[13.425689,52.241556],[13.42726,52.241948],[13.428067,52.241948],[13.42853,52.241878],[13.428804,52.241873],[13.429221,52.241945],[13.429563,52.242075]]}},{"type":"Feature","properties":{"mode":"bus","n":6,"arr":["716","789","795","tf:701","tf:714","tf:791"],"lines":"716, 789, 795, 701, 714, 791"},"geometry":{"type":"LineString","coordinates":[[13.433615,52.239963],[13.433068,52.239955],[13.432746,52.240037],[13.432354,52.240335],[13.429563,52.242075]]}},{"type":"Feature","properties":{"mode":"bus","n":5,"arr":["716","789","tf:701","tf:714","tf:791"],"lines":"716, 789, 701, 714, 791"},"geometry":{"type":"LineString","coordinates":[[13.432398,52.240306],[13.432482,52.240365]]}},{"type":"Feature","properties":{"mode":"bus","n":5,"arr":["716","789","tf:701","tf:714","tf:791"],"lines":"716, 789, 701, 714, 791"},"geometry":{"type":"LineString","coordinates":[[13.434533,52.240021],[13.433674,52.239967],[13.433654,52.239967],[13.433642,52.239969],[13.433638,52.239974],[13.433641,52.239981],[13.433651,52.239991],[13.433727,52.24005],[13.433714,52.240279],[13.433664,52.240319]]}},{"type":"Feature","properties":{"mode":"bus","n":5,"arr":["720","793","797","tf:704","tf:792"],"lines":"720, 793, 797, 704, 792"},"geometry":{"type":"LineString","coordinates":[[13.413043,52.336168],[13.413119,52.336153]]}},{"type":"Feature","properties":{"mode":"bus","n":5,"arr":["720","793","797","tf:704","tf:792"],"lines":"720, 793, 797, 704, 792"},"geometry":{"type":"LineString","coordinates":[[13.413077,52.336232],[13.413153,52.336217]]}},{"type":"Feature","properties":{"mode":"bus","n":5,"arr":["720","793","797","tf:704","tf:792"],"lines":"720, 793, 797, 704, 792"},"geometry":{"type":"LineString","coordinates":[[13.413059,52.336062],[13.413187,52.336281]]}},{"type":"Feature","properties":{"mode":"bus","n":5,"arr":["720","793","797","tf:704","tf:792"],"lines":"720, 793, 797, 704, 792"},"geometry":{"type":"LineString","coordinates":[[13.412375,52.336195],[13.412959,52.337599],[13.412974,52.337618],[13.412998,52.337626],[13.413032,52.337626],[13.414589,52.3374]]}},{"type":"Feature","properties":{"mode":"bus","n":5,"arr":["720","793","797","tf:704","tf:792"],"lines":"720, 793, 797, 704, 792"},"geometry":{"type":"LineString","coordinates":[[13.413555,52.337548],[13.413401,52.337138],[13.413408,52.337115],[13.413416,52.337104],[13.41343,52.337096],[13.413471,52.337081]]}},{"type":"Feature","properties":{"mode":"bus","n":5,"arr":["720","793","797","tf:704","tf:792"],"lines":"720, 793, 797, 704, 792"},"geometry":{"type":"LineString","coordinates":[[13.412501,52.336489],[13.413184,52.336353],[13.413203,52.336347],[13.413212,52.336337],[13.413209,52.336323],[13.413199,52.336304],[13.413191,52.336294],[13.413181,52.336289],[13.413167,52.336287],[13.41315,52.336288],[13.412968,52.336325]]}},{"type":"Feature","properties":{"mode":"bus","n":5,"arr":["720","793","797","tf:704","tf:792"],"lines":"720, 793, 797, 704, 792"},"geometry":{"type":"LineString","coordinates":[[13.414242,52.336787],[13.413927,52.336375],[13.413681,52.33597],[13.413663,52.335952],[13.413637,52.335945],[13.413604,52.335947],[13.412431,52.336184],[13.412405,52.336187],[13.412384,52.336184],[13.412368,52.336175],[13.412356,52.336161],[13.411981,52.335469]]}},{"type":"Feature","properties":{"mode":"bus","n":7,"arr":["720","pm:621","tf:701","tf:702","tf:715","tf:721","X19"],"lines":"720, 621, 701, 702, 715, 721, X19"},"geometry":{"type":"LineString","coordinates":[[13.260712,52.300537],[13.26096,52.300382]]}},{"type":"Feature","properties":{"mode":"bus","n":6,"arr":["720","tf:701","tf:702","tf:715","tf:721","X19"],"lines":"720, 701, 702, 715, 721, X19"},"geometry":{"type":"LineString","coordinates":[[13.259954,52.301049],[13.260627,52.30064],[13.260712,52.300537]]}},{"type":"Feature","properties":{"mode":"bus","n":6,"arr":["720","pm:621","tf:702","tf:715","tf:721","X19"],"lines":"720, 621, 702, 715, 721, X19"},"geometry":{"type":"LineString","coordinates":[[13.258774,52.301647],[13.258976,52.301497],[13.26053,52.300608],[13.260712,52.300537]]}},{"type":"Feature","properties":{"mode":"bus","n":5,"arr":["723","lds:721","lds:722","los:428","los:722"],"lines":"723, 721, 722, 428, 722"},"geometry":{"type":"LineString","coordinates":[[13.632268,52.297186],[13.632207,52.297235],[13.632193,52.297361]]}},{"type":"Feature","properties":{"mode":"bus","n":6,"arr":["723","lds:721","lds:722","los:428","los:722","los:733"],"lines":"723, 721, 722, 428, 722, 733"},"geometry":{"type":"LineString","coordinates":[[13.647473,52.291343],[13.644184,52.291456],[13.643454,52.291541],[13.642114,52.291765],[13.641802,52.291841],[13.640257,52.292311],[13.637846,52.293098],[13.63589,52.293595],[13.632812,52.294322],[13.632676,52.294377],[13.63258,52.29445],[13.632477,52.294626],[13.632481,52.296554],[13.632348,52.296876],[13.632315,52.297116],[13.632268,52.297186]]}},{"type":"Feature","properties":{"mode":"bus","n":5,"arr":["723","lds:722","los:428","los:722","los:733"],"lines":"723, 722, 428, 722, 733"},"geometry":{"type":"LineString","coordinates":[[13.632094,52.297199],[13.631979,52.297225],[13.631939,52.297256],[13.631897,52.297539]]}},{"type":"Feature","properties":{"mode":"bus","n":9,"arr":["724","727","728","729","730","735","736","737","N36"],"lines":"724, 727, 728, 729, 730, 735, 736, 737, N36"},"geometry":{"type":"LineString","coordinates":[[13.625234,52.299423],[13.626551,52.299257],[13.627222,52.299123],[13.627539,52.299038],[13.627983,52.298882],[13.628861,52.298491]]}},{"type":"Feature","properties":{"mode":"bus","n":7,"arr":["724","727","728","729","730","735","N36"],"lines":"724, 727, 728, 729, 730, 735, N36"},"geometry":{"type":"LineString","coordinates":[[13.624388,52.29932],[13.624556,52.299381],[13.624792,52.29943],[13.625051,52.299441],[13.625234,52.299423]]}},{"type":"Feature","properties":{"mode":"bus","n":5,"arr":["724","727","728","729","730"],"lines":"724, 727, 728, 729, 730"},"geometry":{"type":"LineString","coordinates":[[13.624388,52.29932],[13.624446,52.29922],[13.624455,52.29897],[13.624386,52.298462]]}},{"type":"Feature","properties":{"mode":"bus","n":6,"arr":["724","727","735","736","737","739"],"lines":"724, 727, 735, 736, 737, 739"},"geometry":{"type":"LineString","coordinates":[[13.630461,52.29487],[13.630745,52.295808],[13.63065,52.296266]]}},{"type":"Feature","properties":{"mode":"bus","n":8,"arr":["728","729","730","735","736","737","739","N36"],"lines":"728, 729, 730, 735, 736, 737, 739, N36"},"geometry":{"type":"LineString","coordinates":[[13.630632,52.297321],[13.630609,52.297217]]}},{"type":"Feature","properties":{"mode":"bus","n":7,"arr":["728","729","735","736","737","739","N36"],"lines":"728, 729, 735, 736, 737, 739, N36"},"geometry":{"type":"LineString","coordinates":[[13.63058,52.296645],[13.627866,52.296612],[13.627681,52.296571],[13.627636,52.296553],[13.627614,52.296524],[13.62734,52.295643],[13.627332,52.295629],[13.627318,52.295619],[13.627298,52.295616],[13.627272,52.295619],[13.626754,52.295715],[13.624994,52.295976],[13.624739,52.295929],[13.624508,52.295771],[13.618992,52.291491],[13.618704,52.291239],[13.61649,52.28817],[13.615537,52.286613],[13.614648,52.284977],[13.614426,52.284504]]}},{"type":"Feature","properties":{"mode":"bus","n":5,"arr":["728","729","730","790","N36"],"lines":"728, 729, 730, 790, N36"},"geometry":{"type":"LineString","coordinates":[[13.540078,52.260441],[13.53976,52.260676],[13.539184,52.261197],[13.538053,52.261882],[13.537697,52.262137],[13.537494,52.262371],[13.537133,52.263001],[13.536571,52.263589],[13.536395,52.263818],[13.536059,52.264435]]}},{"type":"Feature","properties":{"mode":"bus","n":7,"arr":["728","729","730","735","736","737","739"],"lines":"728, 729, 730, 735, 736, 737, 739"},"geometry":{"type":"LineString","coordinates":[[13.63065,52.296266],[13.63058,52.296645]]}},{"type":"Feature","properties":{"mode":"bus","n":6,"arr":["730","735","736","737","739","N36"],"lines":"730, 735, 736, 737, 739, N36"},"geometry":{"type":"LineString","coordinates":[[13.630609,52.297217],[13.630572,52.297001],[13.63058,52.296645]]}},{"type":"Feature","properties":{"mode":"bus","n":6,"arr":["731","734","735","736","738","N36"],"lines":"731, 734, 735, 736, 738, N36"},"geometry":{"type":"LineString","coordinates":[[13.608744,52.339601],[13.607822,52.339446],[13.607122,52.339379]]}},{"type":"Feature","properties":{"mode":"bus","n":7,"arr":["732","735","736","737","739","N36","T3"],"lines":"732, 735, 736, 737, 739, N36, T3"},"geometry":{"type":"LineString","coordinates":[[13.63038,52.301774],[13.63033,52.299821],[13.630292,52.29967],[13.630054,52.299285],[13.628861,52.298491]]}},{"type":"Feature","properties":{"mode":"bus","n":5,"arr":["732","736","737","N36","T3"],"lines":"732, 736, 737, N36, T3"},"geometry":{"type":"LineString","coordinates":[[13.633582,52.309718],[13.633378,52.309571],[13.633289,52.309469],[13.633206,52.30931],[13.633167,52.309123],[13.633027,52.307744],[13.632749,52.306146],[13.632815,52.305448],[13.632804,52.305186],[13.632765,52.304829],[13.63265,52.30448],[13.63246,52.304223],[13.632159,52.303974],[13.630882,52.303155],[13.630617,52.302877],[13.630443,52.302474]]}},{"type":"Feature","properties":{"mode":"bus","n":5,"arr":["732","736","737","N36","T3"],"lines":"732, 736, 737, N36, T3"},"geometry":{"type":"LineString","coordinates":[[13.63038,52.301774],[13.630338,52.301879],[13.630352,52.30211],[13.630434,52.302438],[13.630437,52.302448],[13.630439,52.302454],[13.630441,52.302456],[13.630442,52.302454],[13.630442,52.302448],[13.630442,52.302438],[13.630431,52.301874],[13.63038,52.301774]]}},{"type":"Feature","properties":{"mode":"bus","n":5,"arr":["734","735","736","738","N36"],"lines":"734, 735, 736, 738, N36"},"geometry":{"type":"LineString","coordinates":[[13.607122,52.339379],[13.604023,52.339205],[13.603564,52.339219],[13.603288,52.339273],[13.603068,52.339344],[13.602255,52.339772],[13.591445,52.345944]]}},{"type":"Feature","properties":{"mode":"bus","n":5,"arr":["734","735","736","lds:741","N36"],"lines":"734, 735, 736, 741, N36"},"geometry":{"type":"LineString","coordinates":[[13.556183,52.361661],[13.556039,52.361894],[13.555955,52.362146],[13.555818,52.364614],[13.555752,52.364808],[13.555603,52.365069],[13.555399,52.365328],[13.555286,52.365417]]}},{"type":"Feature","properties":{"mode":"bus","n":6,"arr":["735","736","BER2","N36","X7","X71"],"lines":"735, 736, BER2, N36, X7, X71"},"geometry":{"type":"LineString","coordinates":[[13.510285,52.363961],[13.510547,52.363544]]}},{"type":"Feature","properties":{"mode":"bus","n":5,"arr":["735","736","N36","X7","X71"],"lines":"735, 736, N36, X7, X71"},"geometry":{"type":"LineString","coordinates":[[13.510547,52.363544],[13.510664,52.363357]]}},{"type":"Feature","properties":{"mode":"bus","n":5,"arr":["740","745","747","orp:741","orp:742"],"lines":"740, 745, 747, 741, 742"},"geometry":{"type":"LineString","coordinates":[[12.482654,53.162409],[12.48156,53.162018],[12.481331,53.161967],[12.480996,53.16191],[12.479363,53.161734]]}},{"type":"Feature","properties":{"mode":"bus","n":5,"arr":["740","orp:741","orp:742","orp:743","orp:744"],"lines":"740, 741, 742, 743, 744"},"geometry":{"type":"LineString","coordinates":[[12.475754,53.161257],[12.475788,53.161169],[12.475907,53.161111],[12.476697,53.160981],[12.47704,53.160964],[12.477915,53.16101]]}},{"type":"Feature","properties":{"mode":"bus","n":7,"arr":["740","745","747","orp:741","orp:742","orp:743","orp:744"],"lines":"740, 745, 747, 741, 742, 743, 744"},"geometry":{"type":"LineString","coordinates":[[12.478347,53.16103],[12.477915,53.16101]]}},{"type":"Feature","properties":{"mode":"bus","n":7,"arr":["740","745","746","747","orp:741","orp:742","orp:744"],"lines":"740, 745, 746, 747, 741, 742, 744"},"geometry":{"type":"LineString","coordinates":[[12.478802,53.16104],[12.478347,53.16103]]}},{"type":"Feature","properties":{"mode":"bus","n":6,"arr":["740","745","746","747","orp:741","orp:742"],"lines":"740, 745, 746, 747, 741, 742"},"geometry":{"type":"LineString","coordinates":[[12.48321,53.159991],[12.483003,53.160088],[12.480803,53.160538],[12.479989,53.160681],[12.479842,53.160736],[12.479472,53.160944],[12.479178,53.161001],[12.478802,53.16104]]}},{"type":"Feature","properties":{"mode":"bus","n":5,"arr":["745","vgp:903","vgp:912","vgp:913","vgp:934"],"lines":"745, 903, 912, 913, 934"},"geometry":{"type":"LineString","coordinates":[[12.244004,53.312623],[12.243781,53.312591],[12.243767,53.312587],[12.24376,53.31258],[12.24376,53.312571],[12.243772,53.31254],[12.243965,53.312446],[12.246632,53.311478]]}},{"type":"Feature","properties":{"mode":"bus","n":5,"arr":["746","747","785","786","787"],"lines":"746, 747, 785, 786, 787"},"geometry":{"type":"LineString","coordinates":[[12.765267,53.156436],[12.76518,53.156482],[12.765167,53.156487],[12.765153,53.156488],[12.765138,53.156486],[12.765094,53.156475],[12.764753,53.156103]]}},{"type":"Feature","properties":{"mode":"bus","n":8,"arr":["750","753","755","tf:719","tf:752","tf:757","tf:770","tf:772"],"lines":"750, 753, 755, 719, 752, 757, 770, 772"},"geometry":{"type":"LineString","coordinates":[[13.168358,52.086383],[13.165737,52.085866],[13.1621,52.0851]]}},{"type":"Feature","properties":{"mode":"bus","n":8,"arr":["750","753","755","tf:719","tf:752","tf:757","tf:770","tf:772"],"lines":"750, 753, 755, 719, 752, 757, 770, 772"},"geometry":{"type":"LineString","coordinates":[[13.160499,52.089794],[13.160579,52.089888],[13.16094,52.090018],[13.161119,52.090131],[13.161425,52.090423],[13.16151,52.09054],[13.16154,52.090647],[13.161521,52.090813],[13.161586,52.090966],[13.163265,52.092832]]}},{"type":"Feature","properties":{"mode":"bus","n":8,"arr":["750","753","755","tf:719","tf:752","tf:757","tf:770","tf:772"],"lines":"750, 753, 755, 719, 752, 757, 770, 772"},"geometry":{"type":"LineString","coordinates":[[13.173833,52.091773],[13.173182,52.091404],[13.172534,52.090949],[13.17134,52.089955]]}},{"type":"Feature","properties":{"mode":"bus","n":6,"arr":["750","753","755","tf:757","tf:770","tf:772"],"lines":"750, 753, 755, 757, 770, 772"},"geometry":{"type":"LineString","coordinates":[[13.168621,52.086435],[13.168358,52.086383]]}},{"type":"Feature","properties":{"mode":"bus","n":6,"arr":["750","753","755","tf:757","tf:770","tf:772"],"lines":"750, 753, 755, 757, 770, 772"},"geometry":{"type":"LineString","coordinates":[[13.1621,52.0851],[13.161228,52.084895]]}},{"type":"Feature","properties":{"mode":"bus","n":6,"arr":["750","753","tf:719","tf:752","tf:757","tf:770"],"lines":"750, 753, 719, 752, 757, 770"},"geometry":{"type":"LineString","coordinates":[[13.165737,52.085866],[13.16551,52.08629],[13.165399,52.086712],[13.165298,52.086841],[13.160392,52.088672],[13.160368,52.088686],[13.160361,52.088703],[13.160372,52.088722],[13.161157,52.089521],[13.161167,52.089536],[13.161167,52.089549],[13.161156,52.08956],[13.161136,52.08957],[13.160499,52.089794]]}},{"type":"Feature","properties":{"mode":"bus","n":6,"arr":["750","753","755","tf:719","tf:752","tf:770"],"lines":"750, 753, 755, 719, 752, 770"},"geometry":{"type":"LineString","coordinates":[[13.175527,52.090632],[13.175463,52.090666]]}},{"type":"Feature","properties":{"mode":"bus","n":7,"arr":["753","755","tf:719","tf:752","tf:757","tf:770","tf:772"],"lines":"753, 755, 719, 752, 757, 770, 772"},"geometry":{"type":"LineString","coordinates":[[13.163265,52.092832],[13.17134,52.089955]]}},{"type":"Feature","properties":{"mode":"bus","n":5,"arr":["753","763","765","tf:754","tf:764"],"lines":"753, 763, 765, 754, 764"},"geometry":{"type":"LineString","coordinates":[[13.086996,52.00278],[13.086412,52.00247],[13.086224,52.0023],[13.086135,52.002088],[13.086133,52.001995],[13.086355,52.001526],[13.086352,52.001175],[13.086092,52.000556],[13.085959,52.000378],[13.085281,51.999698],[13.085201,51.99949],[13.085196,51.999353],[13.08524,51.999206],[13.085343,51.999064],[13.085827,51.998654],[13.086082,51.998186]]}},{"type":"Feature","properties":{"mode":"bus","n":8,"arr":["753","761","763","765","769","tf:754","tf:758","tf:764"],"lines":"753, 761, 763, 765, 769, 754, 758, 764"},"geometry":{"type":"LineString","coordinates":[[13.086082,51.998186],[13.08608,51.997077],[13.085885,51.995887],[13.085792,51.995466],[13.085687,51.995271],[13.085443,51.995026],[13.085067,51.99476],[13.084552,51.994418],[13.083266,51.993723],[13.083165,51.993655],[13.083151,51.993572],[13.083191,51.99353],[13.084244,51.993347],[13.085615,51.993078],[13.086264,51.992928],[13.086887,51.992679],[13.088072,51.992136],[13.088314,51.991828],[13.088675,51.991114],[13.088748,51.990175],[13.088746,51.99016],[13.088736,51.99015],[13.088718,51.990145],[13.088693,51.990146],[13.086258,51.990457],[13.085659,51.990509],[13.083888,51.990565],[13.082831,51.990567],[13.080949,51.990487]]}},{"type":"Feature","properties":{"mode":"bus","n":8,"arr":["753","761","763","765","769","tf:754","tf:758","tf:764"],"lines":"753, 761, 763, 765, 769, 754, 758, 764"},"geometry":{"type":"LineString","coordinates":[[13.079716,51.991707],[13.080217,51.990427]]}},{"type":"Feature","properties":{"mode":"bus","n":6,"arr":["753","761","763","765","tf:754","tf:758"],"lines":"753, 761, 763, 765, 754, 758"},"geometry":{"type":"LineString","coordinates":[[13.075248,51.992186],[13.07687,51.992573],[13.078792,51.993117],[13.082227,51.993641],[13.082431,51.99363],[13.08289,51.993493],[13.082917,51.993488],[13.082938,51.993493],[13.082955,51.993506],[13.082996,51.993553],[13.083165,51.993655]]}},{"type":"Feature","properties":{"mode":"bus","n":9,"arr":["753","761","763","765","768","769","tf:754","tf:758","tf:759"],"lines":"753, 761, 763, 765, 768, 769, 754, 758, 759"},"geometry":{"type":"LineString","coordinates":[[13.074512,51.991999],[13.075248,51.992186]]}},{"type":"Feature","properties":{"mode":"bus","n":9,"arr":["753","761","763","765","768","769","tf:754","tf:758","tf:764"],"lines":"753, 761, 763, 765, 768, 769, 754, 758, 764"},"geometry":{"type":"LineString","coordinates":[[13.074512,51.991999],[13.074654,51.991788]]}},{"type":"Feature","properties":{"mode":"bus","n":5,"arr":["753","761","768","769","tf:754"],"lines":"753, 761, 768, 769, 754"},"geometry":{"type":"LineString","coordinates":[[13.074587,51.99179],[13.07457,51.99189]]}},{"type":"Feature","properties":{"mode":"bus","n":6,"arr":["761","763","769","tf:754","tf:758","tf:764"],"lines":"761, 763, 769, 754, 758, 764"},"geometry":{"type":"LineString","coordinates":[[13.074654,51.991788],[13.074663,51.991757]]}},{"type":"Feature","properties":{"mode":"bus","n":9,"arr":["753","761","763","765","768","769","tf:758","tf:759","tf:764"],"lines":"753, 761, 763, 765, 768, 769, 758, 759, 764"},"geometry":{"type":"LineString","coordinates":[[13.075248,51.992186],[13.075176,51.991831]]}},{"type":"Feature","properties":{"mode":"bus","n":9,"arr":["753","761","763","765","768","769","tf:754","tf:759","tf:764"],"lines":"753, 761, 763, 765, 768, 769, 754, 759, 764"},"geometry":{"type":"LineString","coordinates":[[13.071959,51.991512],[13.072425,51.991602],[13.073538,51.991756],[13.074512,51.991999]]}},{"type":"Feature","properties":{"mode":"bus","n":7,"arr":["753","761","763","765","768","tf:754","tf:764"],"lines":"753, 761, 763, 765, 768, 754, 764"},"geometry":{"type":"LineString","coordinates":[[13.072142,51.990335],[13.072095,51.990388],[13.072065,51.990514],[13.072019,51.991252],[13.071959,51.991512]]}},{"type":"Feature","properties":{"mode":"bus","n":6,"arr":["753","761","763","765","tf:754","tf:764"],"lines":"753, 761, 763, 765, 754, 764"},"geometry":{"type":"LineString","coordinates":[[13.075807,51.990176],[13.07461,51.990186],[13.074138,51.990283],[13.072382,51.99028],[13.072246,51.990294],[13.072142,51.990335]]}},{"type":"Feature","properties":{"mode":"bus","n":7,"arr":["753","761","763","765","tf:754","tf:758","tf:764"],"lines":"753, 761, 763, 765, 754, 758, 764"},"geometry":{"type":"LineString","coordinates":[[13.080217,51.990427],[13.076707,51.989995],[13.076303,51.990007],[13.075807,51.990176]]}},{"type":"Feature","properties":{"mode":"bus","n":7,"arr":["753","761","763","765","tf:754","tf:758","tf:764"],"lines":"753, 761, 763, 765, 754, 758, 764"},"geometry":{"type":"LineString","coordinates":[[13.080949,51.990487],[13.080801,51.990984],[13.080359,51.991877],[13.080348,51.991891],[13.080333,51.991898],[13.080314,51.991899],[13.08029,51.991894],[13.079716,51.991707]]}},{"type":"Feature","properties":{"mode":"bus","n":5,"arr":["761","769","tf:758","tf:759","tf:764"],"lines":"761, 769, 758, 759, 764"},"geometry":{"type":"LineString","coordinates":[[13.075135,51.9916],[13.075104,51.991428],[13.075094,51.991408],[13.075072,51.991397],[13.075039,51.991394],[13.074716,51.991402],[13.074683,51.991407],[13.074663,51.99142],[13.074655,51.99144],[13.074643,51.991628]]}},{"type":"Feature","properties":{"mode":"bus","n":6,"arr":["761","763","769","tf:758","tf:759","tf:764"],"lines":"761, 763, 769, 758, 759, 764"},"geometry":{"type":"LineString","coordinates":[[13.074663,51.991757],[13.074643,51.991628]]}},{"type":"Feature","properties":{"mode":"bus","n":7,"arr":["orp:711","orp:752","orp:754","orp:756","orp:759","orp:770","orp:771"],"lines":"711, 752, 754, 756, 759, 770, 771"},"geometry":{"type":"LineString","coordinates":[[12.807809,52.926708],[12.807209,52.926259],[12.807196,52.926245],[12.807193,52.926232],[12.8072,52.92622],[12.807218,52.926208],[12.809056,52.925309],[12.809077,52.925293],[12.80908,52.925276],[12.809065,52.925258],[12.803828,52.921262],[12.803802,52.921249],[12.803774,52.921247],[12.803744,52.921256],[12.801827,52.922167],[12.801797,52.922176],[12.801768,52.922174],[12.801742,52.922161],[12.800425,52.921185],[12.800221,52.921104]]}},{"type":"Feature","properties":{"mode":"bus","n":10,"arr":["762","777","778","orp:711","orp:752","orp:754","orp:756","orp:759","orp:770","orp:771"],"lines":"762, 777, 778, 711, 752, 754, 756, 759, 770, 771"},"geometry":{"type":"LineString","coordinates":[[12.8084,52.92715],[12.807809,52.926708]]}},{"type":"Feature","properties":{"mode":"bus","n":11,"arr":["762","777","778","787","orp:711","orp:752","orp:754","orp:756","orp:759","orp:770","orp:771"],"lines":"762, 777, 778, 787, 711, 752, 754, 756, 759, 770, 771"},"geometry":{"type":"LineString","coordinates":[[12.810788,52.928946],[12.8084,52.92715]]}},{"type":"Feature","properties":{"mode":"bus","n":9,"arr":["762","777","778","787","orp:764","orp:770","orp:771","orp:791","orp:794"],"lines":"762, 777, 778, 787, 764, 770, 771, 791, 794"},"geometry":{"type":"LineString","coordinates":[[12.811337,52.934011],[12.812809,52.931024],[12.81273,52.930868],[12.811952,52.929808],[12.811031,52.929125]]}},{"type":"Feature","properties":{"mode":"bus","n":14,"arr":["762","777","778","787","orp:711","orp:752","orp:754","orp:756","orp:759","orp:764","orp:770","orp:771","orp:791","orp:794"],"lines":"762, 777, 778, 787, 711, 752, 754, 756, 759, 764, 770, 771, 791, 794"},"geometry":{"type":"LineString","coordinates":[[12.811031,52.929125],[12.810788,52.928946]]}},{"type":"Feature","properties":{"mode":"bus","n":6,"arr":["762","787","orp:764","orp:770","orp:771","orp:794"],"lines":"762, 787, 764, 770, 771, 794"},"geometry":{"type":"LineString","coordinates":[[12.808509,52.939625],[12.808629,52.939536],[12.808676,52.939436],[12.808788,52.93932]]}},{"type":"Feature","properties":{"mode":"bus","n":5,"arr":["777","778","orp:764","orp:770","orp:791"],"lines":"777, 778, 764, 770, 791"},"geometry":{"type":"LineString","coordinates":[[12.827363,52.948178],[12.833232,52.950953],[12.834154,52.95132],[12.834592,52.951419],[12.83526,52.951492],[12.836395,52.951471],[12.836896,52.951493],[12.839142,52.951823],[12.839563,52.951868],[12.839868,52.951871],[12.840207,52.951808],[12.840746,52.951599],[12.841318,52.951347],[12.841671,52.95116],[12.841859,52.951013],[12.842566,52.950317],[12.843184,52.949416],[12.843651,52.948972],[12.84383,52.948759],[12.844052,52.948434],[12.84422,52.948004],[12.844442,52.947781],[12.846606,52.94651],[12.847223,52.946206],[12.847644,52.946035],[12.848437,52.94577]]}},{"type":"Feature","properties":{"mode":"bus","n":5,"arr":["789","tf:701","tf:707","tf:714","tf:791"],"lines":"789, 701, 707, 714, 791"},"geometry":{"type":"LineString","coordinates":[[13.439919,52.219601],[13.44008,52.220117],[13.440331,52.220602]]}},{"type":"Feature","properties":{"mode":"bus","n":6,"arr":["789","795","tf:701","tf:707","tf:714","tf:791"],"lines":"789, 795, 701, 707, 714, 791"},"geometry":{"type":"LineString","coordinates":[[13.440331,52.220602],[13.442237,52.223976],[13.442303,52.224204],[13.442316,52.224222],[13.442341,52.224234],[13.442369,52.224241],[13.442396,52.224253],[13.442413,52.22427],[13.442584,52.224569],[13.442609,52.224615],[13.442579,52.224659],[13.442573,52.224682],[13.442586,52.224705],[13.442736,52.224845],[13.443237,52.225814],[13.444317,52.228555],[13.444982,52.230354],[13.445721,52.232122]]}},{"type":"Feature","properties":{"mode":"bus","n":5,"arr":["795","tf:706","tf:770","tf:771","tf:791"],"lines":"795, 706, 770, 771, 791"},"geometry":{"type":"LineString","coordinates":[[13.364678,52.141854],[13.364825,52.141916],[13.364894,52.142007],[13.365566,52.143251],[13.366121,52.143899],[13.367477,52.144524],[13.370794,52.145914],[13.37801,52.149027],[13.378968,52.149406],[13.383641,52.151003],[13.385426,52.151648],[13.386217,52.15189],[13.387851,52.152383],[13.397424,52.15499],[13.397857,52.155102],[13.398983,52.155327],[13.401667,52.155786],[13.404069,52.156104],[13.405455,52.156353],[13.405631,52.156402]]}},{"type":"Feature","properties":{"mode":"bus","n":11,"arr":["801","802","803","804","805","821","823","824","bbg:825","ohv:800","ohv:825"],"lines":"801, 802, 803, 804, 805, 821, 823, 824, 825, 800, 825"},"geometry":{"type":"LineString","coordinates":[[13.248026,52.754427],[13.24745,52.755287],[13.246714,52.756907]]}},{"type":"Feature","properties":{"mode":"bus","n":8,"arr":["801","802","803","804","821","823","824","ohv:800"],"lines":"801, 802, 803, 804, 821, 823, 824, 800"},"geometry":{"type":"LineString","coordinates":[[13.246714,52.756907],[13.244564,52.756471]]}},{"type":"Feature","properties":{"mode":"bus","n":8,"arr":["801","802","803","804","821","823","824","ohv:800"],"lines":"801, 802, 803, 804, 821, 823, 824, 800"},"geometry":{"type":"LineString","coordinates":[[13.244564,52.756471],[13.244484,52.756482],[13.244252,52.756439],[13.241793,52.755932],[13.241025,52.755765],[13.240926,52.755709],[13.240913,52.755701],[13.240908,52.755694],[13.240911,52.75569],[13.240922,52.755688],[13.240942,52.755689],[13.241065,52.755697],[13.244292,52.756367],[13.244496,52.756411],[13.244564,52.756471]]}},{"type":"Feature","properties":{"mode":"bus","n":5,"arr":["802","830","831","832","ohv:857"],"lines":"802, 830, 831, 832, 857"},"geometry":{"type":"LineString","coordinates":[[13.189603,52.896688],[13.189497,52.896851],[13.189296,52.89692],[13.188344,52.898654],[13.188336,52.898759],[13.188328,52.898779],[13.188307,52.898792],[13.188274,52.898796],[13.159946,52.899394],[13.159308,52.899351],[13.158818,52.899275],[13.158512,52.899198],[13.157945,52.899011],[13.155626,52.898093],[13.155396,52.898053],[13.155241,52.898088],[13.155206,52.898091],[13.155175,52.898086],[13.155148,52.898072],[13.154718,52.897745],[13.154417,52.897599],[13.151108,52.896204],[13.151085,52.896198],[13.151066,52.896198],[13.151051,52.896204],[13.151039,52.896218],[13.150987,52.896304],[13.150826,52.896456]]}},{"type":"Feature","properties":{"mode":"bus","n":5,"arr":["802","830","831","832","ohv:857"],"lines":"802, 830, 831, 832, 857"},"geometry":{"type":"LineString","coordinates":[[13.166507,52.899256],[13.166597,52.898589],[13.166644,52.898476]]}},{"type":"Feature","properties":{"mode":"bus","n":5,"arr":["802","830","831","832","ohv:857"],"lines":"802, 830, 831, 832, 857"},"geometry":{"type":"LineString","coordinates":[[13.166644,52.898476],[13.166685,52.89821],[13.166694,52.898194],[13.166713,52.898183],[13.16676,52.898166],[13.16684,52.898174],[13.166891,52.898197],[13.16691,52.898211],[13.166914,52.89823],[13.166903,52.898296],[13.166644,52.898476]]}},{"type":"Feature","properties":{"mode":"bus","n":5,"arr":["804","821","823","824","ohv:800"],"lines":"804, 821, 823, 824, 800"},"geometry":{"type":"LineString","coordinates":[[13.240883,52.755685],[13.238914,52.755247],[13.238768,52.755122],[13.238363,52.754489],[13.238241,52.754381],[13.237215,52.753818],[13.237073,52.753791],[13.236754,52.753786]]}},{"type":"Feature","properties":{"mode":"bus","n":6,"arr":["807","808","809","811","824","X36"],"lines":"807, 808, 809, 811, 824, X36"},"geometry":{"type":"LineString","coordinates":[[13.204447,52.635897],[13.203999,52.637156],[13.203581,52.637996],[13.203558,52.638215],[13.20359,52.638496],[13.203927,52.639455],[13.20394,52.639474],[13.203964,52.639484],[13.203998,52.639485],[13.204298,52.63946],[13.204337,52.63945],[13.204355,52.639443],[13.204367,52.639432],[13.204384,52.639406],[13.204733,52.637976],[13.205211,52.637366],[13.205432,52.637011]]}},{"type":"Feature","properties":{"mode":"bus","n":6,"arr":["807","808","809","811","824","X36"],"lines":"807, 808, 809, 811, 824, X36"},"geometry":{"type":"LineString","coordinates":[[13.205834,52.636094],[13.204433,52.63594]]}},{"type":"Feature","properties":{"mode":"bus","n":5,"arr":["807","808","809","811","824"],"lines":"807, 808, 809, 811, 824"},"geometry":{"type":"LineString","coordinates":[[13.204257,52.633513],[13.204614,52.635393],[13.204447,52.635897]]}},{"type":"Feature","properties":{"mode":"bus","n":5,"arr":["807","808","809","811","824"],"lines":"807, 808, 809, 811, 824"},"geometry":{"type":"LineString","coordinates":[[13.205432,52.637011],[13.20565,52.636673],[13.205997,52.63624],[13.205992,52.636178],[13.205979,52.636149],[13.205942,52.636129],[13.205834,52.636094]]}},{"type":"Feature","properties":{"mode":"bus","n":5,"arr":["807","808","811","814","824"],"lines":"807, 808, 811, 814, 824"},"geometry":{"type":"LineString","coordinates":[[13.201468,52.647433],[13.19968,52.648064]]}},{"type":"Feature","properties":{"mode":"bus","n":8,"arr":["830","833","835","836","837","841","845","ohv:854"],"lines":"830, 833, 835, 836, 837, 841, 845, 854"},"geometry":{"type":"LineString","coordinates":[[13.166679,53.001232],[13.166975,53.001515],[13.166986,53.001529],[13.166986,53.001542],[13.166977,53.001554],[13.166957,53.001564],[13.16681,53.001619],[13.16679,53.001629],[13.166781,53.001641],[13.166781,53.001654],[13.166792,53.001668],[13.169371,53.004077],[13.169387,53.004126],[13.169387,53.004142],[13.169376,53.004153],[13.169353,53.00416],[13.16815,53.004359]]}},{"type":"Feature","properties":{"mode":"bus","n":6,"arr":["830","833","835","836","837","845"],"lines":"830, 833, 835, 836, 837, 845"},"geometry":{"type":"LineString","coordinates":[[13.164485,53.004031],[13.164956,53.004119],[13.164987,53.004129],[13.165007,53.004145],[13.165014,53.004166],[13.16503,53.004397],[13.165083,53.004595],[13.165446,53.005216]]}},{"type":"Feature","properties":{"mode":"bus","n":5,"arr":["832","833","838","845","ohv:850"],"lines":"832, 833, 838, 845, 850"},"geometry":{"type":"LineString","coordinates":[[13.34267,52.984276],[13.343079,52.983846]]}},{"type":"Feature","properties":{"mode":"bus","n":5,"arr":["832","833","838","845","ohv:850"],"lines":"832, 833, 838, 845, 850"},"geometry":{"type":"LineString","coordinates":[[13.349237,52.979416],[13.348129,52.980549],[13.347818,52.980775],[13.346609,52.981388]]}},{"type":"Feature","properties":{"mode":"bus","n":7,"arr":["832","833","838","842","843","845","ohv:850"],"lines":"832, 833, 838, 842, 843, 845, 850"},"geometry":{"type":"LineString","coordinates":[[13.343079,52.983846],[13.343198,52.98368],[13.343218,52.983662],[13.343245,52.983653],[13.34328,52.983652],[13.343398,52.983664],[13.343453,52.983662],[13.343503,52.983647],[13.343724,52.983544],[13.348148,52.982152],[13.348353,52.982122],[13.348648,52.982121]]}},{"type":"Feature","properties":{"mode":"bus","n":7,"arr":["832","833","838","842","843","845","ohv:850"],"lines":"832, 833, 838, 842, 843, 845, 850"},"geometry":{"type":"LineString","coordinates":[[13.346609,52.981388],[13.344363,52.979657],[13.343485,52.979062],[13.342922,52.97871],[13.340926,52.977596],[13.339621,52.976767],[13.339505,52.976763],[13.338522,52.977009],[13.338209,52.977063],[13.337636,52.977124],[13.337291,52.977133],[13.33652,52.977093],[13.335846,52.977003],[13.332959,52.976368],[13.332713,52.976335],[13.330452,52.976469],[13.330188,52.976535]]}},{"type":"Feature","properties":{"mode":"bus","n":6,"arr":["832","833","838","843","845","ohv:850"],"lines":"832, 833, 838, 843, 845, 850"},"geometry":{"type":"LineString","coordinates":[[13.348648,52.982121],[13.348755,52.982013],[13.348858,52.981969],[13.351366,52.981307],[13.351387,52.981299],[13.351398,52.981289],[13.351398,52.981277],[13.351387,52.981263],[13.349416,52.979479],[13.349237,52.979416]]}},{"type":"Feature","properties":{"mode":"bus","n":5,"arr":["832","842","843","845","ohv:850"],"lines":"832, 842, 843, 845, 850"},"geometry":{"type":"LineString","coordinates":[[13.329994,52.976029],[13.330188,52.976535]]}},{"type":"Feature","properties":{"mode":"bus","n":6,"arr":["833","838","842","843","ohv:850","ohv:854"],"lines":"833, 838, 842, 843, 850, 854"},"geometry":{"type":"LineString","coordinates":[[13.31786,52.97916],[13.317968,52.979274],[13.31811,52.979347],[13.320334,52.98033],[13.320505,52.980446]]}},{"type":"Feature","properties":{"mode":"bus","n":5,"arr":["833","838","842","843","ohv:850"],"lines":"833, 838, 842, 843, 850"},"geometry":{"type":"LineString","coordinates":[[13.329974,52.976668],[13.329777,52.976752],[13.328763,52.97702],[13.328349,52.977154],[13.328061,52.977276],[13.324687,52.979022],[13.323918,52.979335],[13.320505,52.980446]]}},{"type":"Feature","properties":{"mode":"bus","n":6,"arr":["833","838","842","843","845","ohv:850"],"lines":"833, 838, 842, 843, 845, 850"},"geometry":{"type":"LineString","coordinates":[[13.330188,52.976535],[13.329974,52.976668]]}},{"type":"Feature","properties":{"mode":"bus","n":5,"arr":["834","836","839","847","ohv:851"],"lines":"834, 836, 839, 847, 851"},"geometry":{"type":"LineString","coordinates":[[13.051124,53.103183],[13.05237,53.104071],[13.052882,53.10429],[13.053047,53.104382],[13.053264,53.104561],[13.053974,53.105258],[13.054675,53.106517],[13.054884,53.106779],[13.056596,53.108364],[13.056807,53.108648],[13.056884,53.108808],[13.056899,53.108828],[13.056924,53.10884],[13.056959,53.108844],[13.057103,53.108848],[13.057268,53.108904],[13.058299,53.109827]]}},{"type":"Feature","properties":{"mode":"bus","n":6,"arr":["838","839","841","846","847","848"],"lines":"838, 839, 841, 846, 847, 848"},"geometry":{"type":"LineString","coordinates":[[13.144095,53.179704],[13.144323,53.181212],[13.144401,53.181537],[13.144493,53.181788],[13.145187,53.183204],[13.145272,53.183586],[13.14529,53.18373],[13.145113,53.184361],[13.145135,53.184486],[13.145693,53.185488],[13.146299,53.186455],[13.146364,53.186632],[13.146376,53.186802],[13.146311,53.186996],[13.145093,53.189344],[13.145082,53.189358],[13.145066,53.189366],[13.145045,53.189368],[13.14502,53.189365],[13.144532,53.189248],[13.143548,53.189094],[13.142488,53.189163],[13.141992,53.189279]]}},{"type":"Feature","properties":{"mode":"bus","n":6,"arr":["838","839","841","846","847","848"],"lines":"838, 839, 841, 846, 847, 848"},"geometry":{"type":"LineString","coordinates":[[13.145421,53.185016],[13.14535,53.185061],[13.144741,53.185192],[13.144707,53.185195],[13.144682,53.185188],[13.144664,53.18517],[13.144316,53.184615],[13.14431,53.184599],[13.144314,53.184586],[13.144328,53.184576],[13.144351,53.184569],[13.145113,53.184406]]}},{"type":"Feature","properties":{"mode":"bus","n":7,"arr":["838","839","841","846","847","848","uvg:517"],"lines":"838, 839, 841, 846, 847, 848, 517"},"geometry":{"type":"LineString","coordinates":[[13.140457,53.186027],[13.140106,53.186208],[13.140027,53.186297],[13.140029,53.186357],[13.140324,53.186695],[13.140427,53.186861],[13.140934,53.187681],[13.141629,53.188941],[13.141708,53.189053],[13.141992,53.189279]]}},{"type":"Feature","properties":{"mode":"bus","n":5,"arr":["838","841","846","847","848"],"lines":"838, 841, 846, 847, 848"},"geometry":{"type":"LineString","coordinates":[[13.144525,53.185239],[13.144685,53.185204]]}},{"type":"Feature","properties":{"mode":"bus","n":5,"arr":["849","856","cb:851","cb:879","cb:885"],"lines":"849, 856, 851, 879, 885"},"geometry":{"type":"LineString","coordinates":[[14.598367,51.614151],[14.598623,51.614033]]}},{"type":"Feature","properties":{"mode":"bus","n":8,"arr":["849","856","860","cb:851","cb:868","cb:879","cb:885","cb:887"],"lines":"849, 856, 860, 851, 868, 879, 885, 887"},"geometry":{"type":"LineString","coordinates":[[14.59768,51.614639],[14.598442,51.614301],[14.598465,51.614286],[14.598471,51.614269],[14.59846,51.614249],[14.598367,51.614151]]}},{"type":"Feature","properties":{"mode":"bus","n":6,"arr":["849","856","860","cb:851","cb:868","cb:887"],"lines":"849, 856, 860, 851, 868, 887"},"geometry":{"type":"LineString","coordinates":[[14.60252,51.618846],[14.602457,51.6188],[14.602432,51.618787],[14.602404,51.618782],[14.602372,51.618785],[14.602311,51.618796],[14.602276,51.618799],[14.602244,51.618794],[14.602217,51.61878],[14.601545,51.618301],[14.601207,51.617965],[14.600889,51.617449],[14.600757,51.617297],[14.600268,51.616891],[14.599561,51.616437],[14.599453,51.616342],[14.599134,51.615935],[14.59889,51.615572],[14.59768,51.614639]]}},{"type":"Feature","properties":{"mode":"bus","n":5,"arr":["852","853","858","cb:851","cb:854"],"lines":"852, 853, 858, 851, 854"},"geometry":{"type":"LineString","coordinates":[[14.636575,51.739393],[14.636801,51.739383]]}},{"type":"Feature","properties":{"mode":"bus","n":7,"arr":["852","853","855","858","cb:851","cb:854","cb:861"],"lines":"852, 853, 855, 858, 851, 854, 861"},"geometry":{"type":"LineString","coordinates":[[14.636801,51.739383],[14.637015,51.739373]]}},{"type":"Feature","properties":{"mode":"bus","n":8,"arr":["852","853","855","858","cb:850","cb:851","cb:854","cb:861"],"lines":"852, 853, 855, 858, 850, 851, 854, 861"},"geometry":{"type":"LineString","coordinates":[[14.637015,51.739373],[14.637862,51.739342],[14.637896,51.739345],[14.637919,51.739356],[14.637932,51.739375],[14.63857,51.741442]]}},{"type":"Feature","properties":{"mode":"bus","n":5,"arr":["852","853","cb:850","cb:854","cb:861"],"lines":"852, 853, 850, 854, 861"},"geometry":{"type":"LineString","coordinates":[[14.637454,51.726923],[14.641548,51.727444],[14.646069,51.728345]]}},{"type":"Feature","properties":{"mode":"bus","n":5,"arr":["858","cb:870","cb:877","cb:890","cb:894"],"lines":"858, 870, 877, 890, 894"},"geometry":{"type":"LineString","coordinates":[[14.712591,51.949189],[14.711165,51.948356],[14.710926,51.948246],[14.710435,51.948097],[14.710089,51.948039],[14.709479,51.947991],[14.703393,51.947597]]}},{"type":"Feature","properties":{"mode":"bus","n":5,"arr":["858","cb:870","cb:877","cb:890","cb:894"],"lines":"858, 870, 877, 890, 894"},"geometry":{"type":"LineString","coordinates":[[14.713319,51.953271],[14.713356,51.953245]]}},{"type":"Feature","properties":{"mode":"bus","n":5,"arr":["858","cb:870","cb:877","cb:890","cb:894"],"lines":"858, 870, 877, 890, 894"},"geometry":{"type":"LineString","coordinates":[[14.712803,51.953649],[14.713017,51.95349]]}},{"type":"Feature","properties":{"mode":"bus","n":7,"arr":["862","910","916","918","bbg:883","bbg:923","mol:923"],"lines":"862, 910, 916, 918, 883, 923, 923"},"geometry":{"type":"LineString","coordinates":[[13.828395,52.829485],[13.828195,52.829505],[13.828008,52.829561],[13.825022,52.831225],[13.823157,52.831982],[13.822599,52.832274],[13.822265,52.832516],[13.82097,52.833983]]}},{"type":"Feature","properties":{"mode":"bus","n":13,"arr":["862","865","910","914","916","918","921","922","bbg:861","bbg:883","bbg:912","bbg:923","mol:923"],"lines":"862, 865, 910, 914, 916, 918, 921, 922, 861, 883, 912, 923, 923"},"geometry":{"type":"LineString","coordinates":[[13.818635,52.833453],[13.818785,52.833455],[13.820261,52.833772],[13.82097,52.833983]]}},{"type":"Feature","properties":{"mode":"bus","n":12,"arr":["862","865","910","916","918","921","922","bbg:861","bbg:883","bbg:912","bbg:923","mol:923"],"lines":"862, 865, 910, 916, 918, 921, 922, 861, 883, 912, 923, 923"},"geometry":{"type":"LineString","coordinates":[[13.813079,52.834015],[13.813434,52.833718],[13.813612,52.833629],[13.818635,52.833453]]}},{"type":"Feature","properties":{"mode":"bus","n":9,"arr":["862","863","864","865","910","bbg:861","bbg:866","bbg:912","bbg:915"],"lines":"862, 863, 864, 865, 910, 861, 866, 912, 915"},"geometry":{"type":"LineString","coordinates":[[13.791635,52.835692],[13.794094,52.835366],[13.795876,52.835069],[13.799993,52.83415]]}},{"type":"Feature","properties":{"mode":"bus","n":7,"arr":["862","864","910","bbg:861","bbg:866","bbg:912","bbg:915"],"lines":"862, 864, 910, 861, 866, 912, 915"},"geometry":{"type":"LineString","coordinates":[[13.78253,52.837729],[13.790341,52.835869],[13.791635,52.835692]]}},{"type":"Feature","properties":{"mode":"bus","n":6,"arr":["862","864","910","bbg:861","bbg:866","bbg:915"],"lines":"862, 864, 910, 861, 866, 915"},"geometry":{"type":"LineString","coordinates":[[13.782109,52.837831],[13.78253,52.837729]]}},{"type":"Feature","properties":{"mode":"bus","n":14,"arr":["864","865","914","916","918","922","bbg:866","bbg:883","bbg:912","bbg:913","bbg:915","bbg:919","bbg:923","mol:923"],"lines":"864, 865, 914, 916, 918, 922, 866, 883, 912, 913, 915, 919, 923, 923"},"geometry":{"type":"LineString","coordinates":[[13.798323,52.833248],[13.798265,52.833249],[13.798053,52.833365],[13.797979,52.833365]]}},{"type":"Feature","properties":{"mode":"bus","n":11,"arr":["864","865","914","916","922","bbg:866","bbg:883","bbg:912","bbg:915","bbg:919","mol:923"],"lines":"864, 865, 914, 916, 922, 866, 883, 912, 915, 919, 923"},"geometry":{"type":"LineString","coordinates":[[13.797979,52.833365],[13.797823,52.833446]]}},{"type":"Feature","properties":{"mode":"bus","n":6,"arr":["864","865","914","922","bbg:866","mol:923"],"lines":"864, 865, 914, 922, 866, 923"},"geometry":{"type":"LineString","coordinates":[[13.797823,52.833446],[13.797681,52.833472],[13.797645,52.833474],[13.797615,52.833468],[13.797589,52.833453],[13.797496,52.833378],[13.7975,52.833347],[13.797507,52.833332],[13.797524,52.83332],[13.797599,52.833286],[13.797939,52.833216]]}},{"type":"Feature","properties":{"mode":"bus","n":8,"arr":["864","865","914","918","922","bbg:866","bbg:915","mol:923"],"lines":"864, 865, 914, 918, 922, 866, 915, 923"},"geometry":{"type":"LineString","coordinates":[[13.797939,52.833216],[13.798008,52.833203],[13.798194,52.833097]]}},{"type":"Feature","properties":{"mode":"bus","n":11,"arr":["864","865","914","916","918","922","bbg:866","bbg:883","bbg:912","bbg:915","mol:923"],"lines":"864, 865, 914, 916, 918, 922, 866, 883, 912, 915, 923"},"geometry":{"type":"LineString","coordinates":[[13.798194,52.833097],[13.79827,52.833094],[13.79841,52.833009]]}},{"type":"Feature","properties":{"mode":"bus","n":13,"arr":["864","865","914","916","918","922","bbg:866","bbg:883","bbg:912","bbg:913","bbg:915","bbg:919","bbg:923"],"lines":"864, 865, 914, 916, 918, 922, 866, 883, 912, 913, 915, 919, 923"},"geometry":{"type":"LineString","coordinates":[[13.798728,52.833041],[13.798323,52.833248]]}},{"type":"Feature","properties":{"mode":"bus","n":8,"arr":["865","910","914","916","921","922","bbg:861","bbg:912"],"lines":"865, 910, 914, 916, 921, 922, 861, 912"},"geometry":{"type":"LineString","coordinates":[[13.82097,52.833983],[13.820565,52.834546],[13.81983,52.835156]]}},{"type":"Feature","properties":{"mode":"bus","n":6,"arr":["867","891","899","900","bbg:893","bvg:893"],"lines":"867, 891, 899, 900, 893, 893"},"geometry":{"type":"LineString","coordinates":[[13.532501,52.659415],[13.532634,52.659342],[13.532848,52.659279],[13.53538,52.657692]]}},{"type":"Feature","properties":{"mode":"bus","n":6,"arr":["867","891","899","900","bbg:893","bvg:893"],"lines":"867, 891, 899, 900, 893, 893"},"geometry":{"type":"LineString","coordinates":[[13.538124,52.656004],[13.541351,52.655179],[13.542134,52.654939],[13.543207,52.654522]]}},{"type":"Feature","properties":{"mode":"bus","n":5,"arr":["867","891","899","bbg:893","bvg:893"],"lines":"867, 891, 899, 893, 893"},"geometry":{"type":"LineString","coordinates":[[13.53538,52.657692],[13.538124,52.656004]]}},{"type":"Feature","properties":{"mode":"bus","n":6,"arr":["867","899","900","bbg:872","bbg:893","bvg:893"],"lines":"867, 899, 900, 872, 893, 893"},"geometry":{"type":"LineString","coordinates":[[13.543207,52.654522],[13.541089,52.651544],[13.540836,52.65109],[13.540702,52.650955]]}},{"type":"Feature","properties":{"mode":"bus","n":5,"arr":["867","899","900","bbg:872","bvg:893"],"lines":"867, 899, 900, 872, 893"},"geometry":{"type":"LineString","coordinates":[[13.540827,52.650931],[13.540702,52.650955]]}},{"type":"Feature","properties":{"mode":"bus","n":5,"arr":["869","900","908","bbg:868","bbg:870"],"lines":"869, 900, 908, 868, 870"},"geometry":{"type":"LineString","coordinates":[[13.592591,52.67649],[13.592439,52.676594]]}},{"type":"Feature","properties":{"mode":"bus","n":17,"arr":["869","891","895","896","897","898","900","907","908","909","bbg:825","bbg:868","bbg:870","bbg:890","bbg:892","bbg:894","ohv:825"],"lines":"869, 891, 895, 896, 897, 898, 900, 907, 908, 909, 825, 868, 870, 890, 892, 894, 825"},"geometry":{"type":"LineString","coordinates":[[13.592439,52.676594],[13.591967,52.676929],[13.591953,52.676941],[13.591951,52.676952],[13.591961,52.676962],[13.591983,52.676969],[13.592895,52.677187]]}},{"type":"Feature","properties":{"mode":"bus","n":16,"arr":["869","891","895","896","897","900","907","908","909","bbg:825","bbg:868","bbg:870","bbg:890","bbg:892","bbg:894","ohv:825"],"lines":"869, 891, 895, 896, 897, 900, 907, 908, 909, 825, 868, 870, 890, 892, 894, 825"},"geometry":{"type":"LineString","coordinates":[[13.592895,52.677187],[13.593152,52.677249],[13.593446,52.677355],[13.595178,52.678128]]}},{"type":"Feature","properties":{"mode":"bus","n":6,"arr":["869","898","907","908","bbg:868","bbg:870"],"lines":"869, 898, 907, 908, 868, 870"},"geometry":{"type":"LineString","coordinates":[[13.596353,52.67756],[13.595957,52.677711]]}},{"type":"Feature","properties":{"mode":"bus","n":5,"arr":["869","898","907","908","bbg:868"],"lines":"869, 898, 907, 908, 868"},"geometry":{"type":"LineString","coordinates":[[13.597383,52.677258],[13.597322,52.677298],[13.596353,52.67756]]}},{"type":"Feature","properties":{"mode":"bus","n":6,"arr":["869","898","908","bbg:868","bbg:870","bbg:892"],"lines":"869, 898, 908, 868, 870, 892"},"geometry":{"type":"LineString","coordinates":[[13.596405,52.677609],[13.595957,52.677711]]}},{"type":"Feature","properties":{"mode":"bus","n":16,"arr":["869","891","895","896","897","898","900","907","908","909","bbg:825","bbg:870","bbg:890","bbg:892","bbg:894","ohv:825"],"lines":"869, 891, 895, 896, 897, 898, 900, 907, 908, 909, 825, 870, 890, 892, 894, 825"},"geometry":{"type":"LineString","coordinates":[[13.595178,52.678128],[13.593963,52.678996],[13.593729,52.679332],[13.59063,52.681489],[13.59055,52.681554],[13.590495,52.681659]]}},{"type":"Feature","properties":{"mode":"bus","n":12,"arr":["869","891","895","897","898","900","908","bbg:825","bbg:890","bbg:892","bbg:894","ohv:825"],"lines":"869, 891, 895, 897, 898, 900, 908, 825, 890, 892, 894, 825"},"geometry":{"type":"LineString","coordinates":[[13.590495,52.681659],[13.590014,52.68164],[13.589615,52.681663],[13.586923,52.682028],[13.586332,52.68204],[13.585866,52.681982]]}},{"type":"Feature","properties":{"mode":"bus","n":15,"arr":["869","891","895","896","897","898","907","909","bbg:825","bbg:868","bbg:870","bbg:890","bbg:892","bbg:894","ohv:825"],"lines":"869, 891, 895, 896, 897, 898, 907, 909, 825, 868, 870, 890, 892, 894, 825"},"geometry":{"type":"LineString","coordinates":[[13.593296,52.676744],[13.593007,52.677047]]}},{"type":"Feature","properties":{"mode":"bus","n":16,"arr":["869","891","895","896","897","898","900","907","909","bbg:825","bbg:868","bbg:870","bbg:890","bbg:892","bbg:894","ohv:825"],"lines":"869, 891, 895, 896, 897, 898, 900, 907, 909, 825, 868, 870, 890, 892, 894, 825"},"geometry":{"type":"LineString","coordinates":[[13.593007,52.677047],[13.592895,52.677187]]}},{"type":"Feature","properties":{"mode":"bus","n":13,"arr":["869","891","895","896","897","898","907","909","bbg:825","bbg:890","bbg:892","bbg:894","ohv:825"],"lines":"869, 891, 895, 896, 897, 898, 907, 909, 825, 890, 892, 894, 825"},"geometry":{"type":"LineString","coordinates":[[13.593266,52.676598],[13.59339,52.676642],[13.59341,52.676651],[13.593418,52.676662],[13.593414,52.676673],[13.593398,52.676685],[13.593296,52.676744]]}},{"type":"Feature","properties":{"mode":"bus","n":5,"arr":["869","896","907","909","bbg:890"],"lines":"869, 896, 907, 909, 890"},"geometry":{"type":"LineString","coordinates":[[13.593145,52.676557],[13.593006,52.676509]]}},{"type":"Feature","properties":{"mode":"bus","n":8,"arr":["869","896","897","907","909","bbg:825","bbg:890","bbg:894"],"lines":"869, 896, 897, 907, 909, 825, 890, 894"},"geometry":{"type":"LineString","coordinates":[[13.593145,52.676557],[13.593266,52.676598]]}},{"type":"Feature","properties":{"mode":"bus","n":5,"arr":["871","899","bbg:892","bbg:893","bbg:901"],"lines":"871, 899, 892, 893, 901"},"geometry":{"type":"LineString","coordinates":[[13.546513,52.630027],[13.546221,52.629755],[13.546197,52.629739],[13.546167,52.629732],[13.546132,52.629734],[13.545902,52.62977]]}},{"type":"Feature","properties":{"mode":"bus","n":6,"arr":["871","899","900","bbg:872","bbg:893","bbg:901"],"lines":"871, 899, 900, 872, 893, 901"},"geometry":{"type":"LineString","coordinates":[[13.546513,52.630027],[13.546621,52.63013],[13.546634,52.630149],[13.546629,52.630167],[13.546607,52.630183],[13.546431,52.630271]]}},{"type":"Feature","properties":{"mode":"bus","n":9,"arr":["874","875","bbg:873","bbg:879","bbg:883","bbg:886","bbg:889","bbg:958","mol:889"],"lines":"874, 875, 873, 879, 883, 886, 889, 958, 889"},"geometry":{"type":"LineString","coordinates":[[14.034908,52.789749],[14.0348,52.789797]]}},{"type":"Feature","properties":{"mode":"bus","n":14,"arr":["874","875","878","882","bbg:873","bbg:877","bbg:879","bbg:881","bbg:883","bbg:886","bbg:887","bbg:889","bbg:958","mol:889"],"lines":"874, 875, 878, 882, 873, 877, 879, 881, 883, 886, 887, 889, 958, 889"},"geometry":{"type":"LineString","coordinates":[[14.0348,52.789797],[14.034857,52.78986],[14.034868,52.789879],[14.034862,52.789897],[14.034839,52.789913],[14.034261,52.790184],[14.034231,52.790193],[14.034203,52.790191],[14.034177,52.790178],[14.032743,52.789095],[14.032649,52.789058]]}},{"type":"Feature","properties":{"mode":"bus","n":12,"arr":["874","875","882","bbg:873","bbg:877","bbg:879","bbg:881","bbg:886","bbg:887","bbg:889","bbg:958","mol:889"],"lines":"874, 875, 882, 873, 877, 879, 881, 886, 887, 889, 958, 889"},"geometry":{"type":"LineString","coordinates":[[14.032649,52.789058],[14.032631,52.788994],[14.032527,52.788911],[14.031213,52.78801],[14.030269,52.7875],[14.030248,52.787483],[14.030243,52.787465],[14.030254,52.787444],[14.031501,52.786066],[14.031768,52.78585],[14.032486,52.785404],[14.033238,52.784893]]}},{"type":"Feature","properties":{"mode":"bus","n":11,"arr":["874","875","882","bbg:873","bbg:877","bbg:879","bbg:886","bbg:887","bbg:889","bbg:958","mol:889"],"lines":"874, 875, 882, 873, 877, 879, 886, 887, 889, 958, 889"},"geometry":{"type":"LineString","coordinates":[[14.033919,52.784422],[14.033238,52.784893]]}},{"type":"Feature","properties":{"mode":"bus","n":6,"arr":["874","882","bbg:873","bbg:877","bbg:887","bbg:889"],"lines":"874, 882, 873, 877, 887, 889"},"geometry":{"type":"LineString","coordinates":[[14.030257,52.778256],[14.030249,52.778347],[14.02989,52.778926],[14.02989,52.779123],[14.03037,52.779773],[14.030967,52.780765],[14.031634,52.781677],[14.03188,52.781902],[14.033006,52.782604],[14.033268,52.782828],[14.033837,52.78365],[14.03387,52.783775],[14.033788,52.784301],[14.033919,52.784422]]}},{"type":"Feature","properties":{"mode":"bus","n":7,"arr":["874","882","bbg:873","bbg:877","bbg:881","bbg:887","bbg:889"],"lines":"874, 882, 873, 877, 881, 887, 889"},"geometry":{"type":"LineString","coordinates":[[14.033373,52.783625],[14.033858,52.783729]]}},{"type":"Feature","properties":{"mode":"bus","n":6,"arr":["874","882","bbg:873","bbg:877","bbg:881","bbg:887"],"lines":"874, 882, 873, 877, 881, 887"},"geometry":{"type":"LineString","coordinates":[[14.033858,52.783729],[14.034506,52.783853],[14.034715,52.783862]]}},{"type":"Feature","properties":{"mode":"bus","n":5,"arr":["874","882","bbg:873","bbg:881","bbg:887"],"lines":"874, 882, 873, 881, 887"},"geometry":{"type":"LineString","coordinates":[[14.039609,52.785236],[14.03928,52.785055],[14.038396,52.784682],[14.037619,52.784442],[14.036582,52.784193],[14.035217,52.78397],[14.035041,52.783924]]}},{"type":"Feature","properties":{"mode":"bus","n":10,"arr":["874","882","bbg:873","bbg:877","bbg:881","bbg:886","bbg:887","bbg:889","bbg:958","mol:889"],"lines":"874, 882, 873, 877, 881, 886, 887, 889, 958, 889"},"geometry":{"type":"LineString","coordinates":[[14.033238,52.784893],[14.033364,52.784952],[14.033395,52.784962],[14.033426,52.784961],[14.033456,52.784951],[14.033626,52.784863],[14.033774,52.784844],[14.033945,52.784854],[14.035531,52.785451],[14.036703,52.785764],[14.037099,52.785849],[14.037336,52.785962],[14.037386,52.785977],[14.037441,52.785977],[14.038296,52.78587],[14.039075,52.785715],[14.039412,52.785578],[14.039714,52.785342],[14.039729,52.785324],[14.039727,52.785306],[14.039706,52.78529],[14.039609,52.785236]]}},{"type":"Feature","properties":{"mode":"bus","n":11,"arr":["874","878","882","bbg:873","bbg:877","bbg:879","bbg:881","bbg:886","bbg:887","bbg:889","bbg:958"],"lines":"874, 878, 882, 873, 877, 879, 881, 886, 887, 889, 958"},"geometry":{"type":"LineString","coordinates":[[14.034754,52.789748],[14.0348,52.789797]]}},{"type":"Feature","properties":{"mode":"bus","n":6,"arr":["875","bbg:879","bbg:886","bbg:889","bbg:958","mol:889"],"lines":"875, 879, 886, 889, 958, 889"},"geometry":{"type":"LineString","coordinates":[[14.033919,52.784422],[14.034625,52.783968],[14.03475,52.783926]]}},{"type":"Feature","properties":{"mode":"bus","n":6,"arr":["875","bbg:879","bbg:886","bbg:889","bbg:958","mol:889"],"lines":"875, 879, 886, 889, 958, 889"},"geometry":{"type":"LineString","coordinates":[[14.035007,52.783777],[14.035223,52.783655],[14.037818,52.782525]]}},{"type":"Feature","properties":{"mode":"bus","n":6,"arr":["875","bbg:879","bbg:886","bbg:889","bbg:958","mol:889"],"lines":"875, 879, 886, 889, 958, 889"},"geometry":{"type":"LineString","coordinates":[[14.038884,52.782059],[14.041282,52.781105],[14.042962,52.78021],[14.045416,52.779327],[14.046584,52.778852],[14.047351,52.778511],[14.048942,52.777875],[14.052271,52.776588],[14.053451,52.776157],[14.054024,52.775973],[14.055559,52.775563],[14.060878,52.773944],[14.062299,52.77347],[14.064507,52.772679],[14.065218,52.772505],[14.067387,52.772069],[14.073095,52.770495],[14.074644,52.769996],[14.075151,52.76981],[14.075488,52.769644],[14.077712,52.768384]]}},{"type":"Feature","properties":{"mode":"bus","n":7,"arr":["875","bbg:877","bbg:879","bbg:886","bbg:889","bbg:958","mol:889"],"lines":"875, 877, 879, 886, 889, 958, 889"},"geometry":{"type":"LineString","coordinates":[[14.037818,52.782525],[14.038884,52.782059]]}},{"type":"Feature","properties":{"mode":"bus","n":7,"arr":["bbg:880","bbg:885","bbg:886","bbg:889","bbg:958","mol:889","mol:958"],"lines":"880, 885, 886, 889, 958, 889, 958"},"geometry":{"type":"LineString","coordinates":[[14.133787,52.71497],[14.133138,52.714926],[14.133,52.714883]]}},{"type":"Feature","properties":{"mode":"bus","n":7,"arr":["875","bbg:885","bbg:886","bbg:889","bbg:958","mol:889","mol:958"],"lines":"875, 885, 886, 889, 958, 889, 958"},"geometry":{"type":"LineString","coordinates":[[14.13981,52.71589],[14.139063,52.71458],[14.139014,52.714544],[14.138919,52.714527],[14.137956,52.71463],[14.137475,52.71472],[14.136263,52.715007],[14.135413,52.715068],[14.133787,52.71497]]}},{"type":"Feature","properties":{"mode":"bus","n":9,"arr":["875","bbg:876","bbg:879","bbg:885","bbg:886","bbg:889","bbg:958","mol:889","mol:958"],"lines":"875, 876, 879, 885, 886, 889, 958, 889, 958"},"geometry":{"type":"LineString","coordinates":[[14.139936,52.716108],[14.13981,52.71589]]}},{"type":"Feature","properties":{"mode":"bus","n":5,"arr":["878","882","bbg:877","bbg:881","bbg:887"],"lines":"878, 882, 877, 881, 887"},"geometry":{"type":"LineString","coordinates":[[14.03487,52.789697],[14.034754,52.789748]]}},{"type":"Feature","properties":{"mode":"bus","n":6,"arr":["878","895","898","906","908","bbg:887"],"lines":"878, 895, 898, 906, 908, 887"},"geometry":{"type":"LineString","coordinates":[[13.739894,52.636973],[13.740307,52.637412],[13.740403,52.637451],[13.741808,52.637724]]}},{"type":"Feature","properties":{"mode":"bus","n":6,"arr":["878","895","898","906","908","bbg:887"],"lines":"878, 895, 898, 906, 908, 887"},"geometry":{"type":"LineString","coordinates":[[13.736529,52.636823],[13.737576,52.637005],[13.738335,52.637081],[13.739184,52.637239]]}},{"type":"Feature","properties":{"mode":"bus","n":7,"arr":["878","895","898","906","908","918","bbg:887"],"lines":"878, 895, 898, 906, 908, 918, 887"},"geometry":{"type":"LineString","coordinates":[[13.739184,52.637239],[13.739894,52.636973]]}},{"type":"Feature","properties":{"mode":"bus","n":7,"arr":["882","bbg:881","bbg:886","bbg:887","bbg:889","bbg:958","mol:889"],"lines":"882, 881, 886, 887, 889, 958, 889"},"geometry":{"type":"LineString","coordinates":[[14.039171,52.785651],[14.039198,52.785668]]}},{"type":"Feature","properties":{"mode":"bus","n":10,"arr":["891","895","897","898","900","908","bbg:825","bbg:892","bbg:894","ohv:825"],"lines":"891, 895, 897, 898, 900, 908, 825, 892, 894, 825"},"geometry":{"type":"LineString","coordinates":[[13.585866,52.681982],[13.585093,52.681797],[13.584563,52.681616],[13.584263,52.681446],[13.584049,52.681288],[13.583575,52.680871]]}},{"type":"Feature","properties":{"mode":"bus","n":5,"arr":["891","895","898","908","bbg:892"],"lines":"891, 895, 898, 908, 892"},"geometry":{"type":"LineString","coordinates":[[13.583575,52.680871],[13.582106,52.679607],[13.58196,52.6794],[13.581966,52.679175],[13.582108,52.678771],[13.582293,52.677983],[13.582332,52.677484],[13.582873,52.676474]]}},{"type":"Feature","properties":{"mode":"bus","n":5,"arr":["895","898","906","908","918"],"lines":"895, 898, 906, 908, 918"},"geometry":{"type":"LineString","coordinates":[[13.735963,52.636718],[13.733158,52.636236],[13.733128,52.636226],[13.733113,52.636212],[13.733115,52.636191],[13.733526,52.635134],[13.733575,52.63455],[13.733611,52.634506],[13.733857,52.634427],[13.737659,52.633831]]}},{"type":"Feature","properties":{"mode":"bus","n":5,"arr":["895","898","906","908","bbg:887"],"lines":"895, 898, 906, 908, 887"},"geometry":{"type":"LineString","coordinates":[[13.737659,52.633831],[13.739073,52.633623],[13.739697,52.633511],[13.740921,52.633241],[13.741321,52.633118]]}},{"type":"Feature","properties":{"mode":"bus","n":7,"arr":["897","909","bbg:825","bbg:894","bbg:902","bbg:903","ohv:825"],"lines":"897, 909, 825, 894, 902, 903, 825"},"geometry":{"type":"LineString","coordinates":[[13.46635,52.745413],[13.466397,52.745459],[13.466406,52.745474],[13.466402,52.745487],[13.466382,52.745499],[13.46339,52.74669]]}},{"type":"Feature","properties":{"mode":"bus","n":5,"arr":["897","bbg:825","bbg:902","bbg:903","ohv:825"],"lines":"897, 825, 902, 903, 825"},"geometry":{"type":"LineString","coordinates":[[13.466197,52.745573],[13.465934,52.745298],[13.465923,52.745278],[13.46593,52.745257],[13.465961,52.745217],[13.466035,52.745189],[13.466068,52.745183],[13.466102,52.745188],[13.466166,52.745209],[13.46635,52.745413]]}},{"type":"Feature","properties":{"mode":"bus","n":5,"arr":["897","909","bbg:894","bbg:902","bbg:903"],"lines":"897, 909, 894, 902, 903"},"geometry":{"type":"LineString","coordinates":[[13.46339,52.74669],[13.465846,52.748716]]}},{"type":"Feature","properties":{"mode":"bus","n":6,"arr":["898","907","908","bbg:868","bbg:870","bbg:892"],"lines":"898, 907, 908, 868, 870, 892"},"geometry":{"type":"LineString","coordinates":[[13.598163,52.677232],[13.597725,52.677215]]}},{"type":"Feature","properties":{"mode":"bus","n":6,"arr":["898","907","908","bbg:868","bbg:870","bbg:892"],"lines":"898, 907, 908, 868, 870, 892"},"geometry":{"type":"LineString","coordinates":[[13.600661,52.676894],[13.600135,52.67707],[13.599764,52.677145],[13.598163,52.677232],[13.597732,52.67729]]}},{"type":"Feature","properties":{"mode":"bus","n":5,"arr":["924","972","977","vgp:937","vgp:958"],"lines":"924, 972, 977, 937, 958"},"geometry":{"type":"LineString","coordinates":[[12.006756,53.016635],[12.007405,53.016475],[12.008132,53.016407],[12.008806,53.016386],[12.00926,53.016345],[12.010075,53.016168],[12.021252,53.011459],[12.023265,53.010636],[12.024075,53.010344],[12.064049,53.00139]]}},{"type":"Feature","properties":{"mode":"bus","n":5,"arr":["926","966","mol:931","mol:937","mol:955"],"lines":"926, 966, 931, 937, 955"},"geometry":{"type":"LineString","coordinates":[[13.888479,52.577918],[13.888115,52.578205],[13.887677,52.578426]]}},{"type":"Feature","properties":{"mode":"bus","n":7,"arr":["926","929","bbg:923","mol:923","mol:931","mol:937","mol:955"],"lines":"926, 929, 923, 923, 931, 937, 955"},"geometry":{"type":"LineString","coordinates":[[13.887677,52.578426],[13.887027,52.57866],[13.886089,52.57893]]}},{"type":"Feature","properties":{"mode":"bus","n":9,"arr":["926","929","966","bbg:923","mol:923","mol:931","mol:937","mol:946","mol:955"],"lines":"926, 929, 966, 923, 923, 931, 937, 946, 955"},"geometry":{"type":"LineString","coordinates":[[13.886089,52.57893],[13.884049,52.57708],[13.883682,52.576831],[13.883305,52.576725],[13.882967,52.576694],[13.882681,52.576692],[13.881892,52.576738]]}},{"type":"Feature","properties":{"mode":"bus","n":9,"arr":["926","929","966","bbg:923","mol:923","mol:931","mol:937","mol:946","mol:955"],"lines":"926, 929, 966, 923, 923, 931, 937, 946, 955"},"geometry":{"type":"LineString","coordinates":[[13.881192,52.576462],[13.881153,52.576419]]}},{"type":"Feature","properties":{"mode":"bus","n":7,"arr":["926","966","bbg:923","mol:923","mol:937","mol:946","mol:955"],"lines":"926, 966, 923, 923, 937, 946, 955"},"geometry":{"type":"LineString","coordinates":[[13.881192,52.576462],[13.881264,52.576652]]}},{"type":"Feature","properties":{"mode":"bus","n":6,"arr":["926","966","mol:923","mol:931","mol:946","mol:955"],"lines":"926, 966, 923, 931, 946, 955"},"geometry":{"type":"LineString","coordinates":[[13.881153,52.576419],[13.880965,52.576269]]}},{"type":"Feature","properties":{"mode":"bus","n":8,"arr":["926","929","966","bbg:923","mol:923","mol:931","mol:937","mol:955"],"lines":"926, 929, 966, 923, 923, 931, 937, 955"},"geometry":{"type":"LineString","coordinates":[[13.881153,52.576419],[13.881276,52.576366],[13.881345,52.576278]]}},{"type":"Feature","properties":{"mode":"bus","n":5,"arr":["927","bbg:885","bbg:889","mol:889","mol:937"],"lines":"927, 885, 889, 889, 937"},"geometry":{"type":"LineString","coordinates":[[13.990387,52.637744],[13.988304,52.637352],[13.987741,52.637219],[13.987711,52.637208],[13.987696,52.637192],[13.987695,52.63717],[13.987884,52.63642],[13.987853,52.636331],[13.987719,52.63624],[13.981616,52.63445],[13.979779,52.634002],[13.979545,52.633908],[13.979226,52.633698],[13.979208,52.63369],[13.979188,52.633689],[13.979169,52.633695],[13.979142,52.633709],[13.979119,52.633726],[13.979111,52.633748],[13.979107,52.633805]]}},{"type":"Feature","properties":{"mode":"bus","n":6,"arr":["928","970","los:432","mol:936","mol:939","mol:955"],"lines":"928, 970, 432, 936, 939, 955"},"geometry":{"type":"LineString","coordinates":[[14.140386,52.502708],[14.140126,52.502657],[14.139957,52.50267]]}},{"type":"Feature","properties":{"mode":"bus","n":8,"arr":["929","966","bbg:923","mol:923","mol:931","mol:937","mol:946","mol:955"],"lines":"929, 966, 923, 923, 931, 937, 946, 955"},"geometry":{"type":"LineString","coordinates":[[13.881361,52.57664],[13.881192,52.576462]]}},{"type":"Feature","properties":{"mode":"bus","n":6,"arr":["929","966","bbg:923","mol:923","mol:937","mol:955"],"lines":"929, 966, 923, 923, 937, 955"},"geometry":{"type":"LineString","coordinates":[[13.881892,52.576738],[13.881507,52.576698],[13.881361,52.57664]]}},{"type":"Feature","properties":{"mode":"bus","n":6,"arr":["929","966","bbg:923","mol:923","mol:937","mol:955"],"lines":"929, 966, 923, 923, 937, 955"},"geometry":{"type":"LineString","coordinates":[[13.887677,52.578426],[13.888744,52.579489]]}},{"type":"Feature","properties":{"mode":"bus","n":5,"arr":["929","966","bbg:923","mol:923","mol:937"],"lines":"929, 966, 923, 923, 937"},"geometry":{"type":"LineString","coordinates":[[13.888744,52.579489],[13.889647,52.580419],[13.890161,52.581305],[13.890496,52.581699],[13.890676,52.581833],[13.893104,52.583311],[13.893646,52.583791],[13.89398,52.584166],[13.894292,52.58461]]}},{"type":"Feature","properties":{"mode":"bus","n":6,"arr":["966","mol:931","mol:937","mol:946","mol:947","R931"],"lines":"966, 931, 937, 946, 947, R931"},"geometry":{"type":"LineString","coordinates":[[13.895427,52.587983],[13.902394,52.58976]]}},{"type":"Feature","properties":{"mode":"bus","n":7,"arr":["929","966","mol:931","mol:937","mol:946","mol:947","R931"],"lines":"929, 966, 931, 937, 946, 947, R931"},"geometry":{"type":"LineString","coordinates":[[13.902394,52.58976],[13.908089,52.591242]]}},{"type":"Feature","properties":{"mode":"bus","n":7,"arr":["929","966","mol:931","mol:937","mol:946","mol:947","R931"],"lines":"929, 966, 931, 937, 946, 947, R931"},"geometry":{"type":"LineString","coordinates":[[13.907772,52.591159],[13.907826,52.591103],[13.908315,52.590925],[13.908384,52.590922],[13.908447,52.590951],[13.908618,52.591097]]}},{"type":"Feature","properties":{"mode":"bus","n":9,"arr":["929","966","bbg:889","mol:889","mol:931","mol:937","mol:946","mol:947","R931"],"lines":"929, 966, 889, 889, 931, 937, 946, 947, R931"},"geometry":{"type":"LineString","coordinates":[[13.908618,52.591097],[13.908681,52.591163],[13.908871,52.591269]]}},{"type":"Feature","properties":{"mode":"bus","n":5,"arr":["bbg:889","mol:889","mol:946","mol:947","R931"],"lines":"889, 889, 946, 947, R931"},"geometry":{"type":"LineString","coordinates":[[13.916137,52.593584],[13.91605,52.593534],[13.915607,52.593406],[13.915338,52.593299]]}},{"type":"Feature","properties":{"mode":"bus","n":5,"arr":["929","966","bbg:958","mol:957","mol:958"],"lines":"929, 966, 958, 957, 958"},"geometry":{"type":"LineString","coordinates":[[14.233561,52.596212],[14.233436,52.59625],[14.233241,52.596249],[14.233215,52.596251],[14.233197,52.596258],[14.233186,52.596269],[14.233182,52.596285],[14.233185,52.596492],[14.233531,52.597074],[14.233588,52.597397]]}},{"type":"Feature","properties":{"mode":"bus","n":5,"arr":["940","943","mol:942","mol:944","mol:945"],"lines":"940, 943, 942, 944, 945"},"geometry":{"type":"LineString","coordinates":[[13.671944,52.518151],[13.672101,52.517467],[13.672067,52.517269],[13.671994,52.517137],[13.670658,52.515586],[13.670653,52.515578],[13.670654,52.515571],[13.67066,52.515565],[13.670673,52.51556],[13.67073,52.515545],[13.670995,52.51551],[13.67269,52.515534],[13.672784,52.51552],[13.672813,52.51552],[13.672834,52.515527],[13.672847,52.515544],[13.673619,52.517371],[13.673651,52.517408],[13.673673,52.517424],[13.673704,52.517432],[13.674377,52.517506],[13.674408,52.517513],[13.674424,52.517527],[13.674425,52.517547],[13.674383,52.517691],[13.674334,52.51772],[13.674304,52.517731],[13.67427,52.517733],[13.673825,52.517694]]}},{"type":"Feature","properties":{"mode":"bus","n":5,"arr":["953","971","vgp:946","vgp:948","vgp:951"],"lines":"953, 971, 946, 948, 951"},"geometry":{"type":"LineString","coordinates":[[11.739119,53.159836],[11.739068,53.159931],[11.738986,53.160634],[11.738885,53.161052],[11.738885,53.161066],[11.738894,53.161078],[11.738911,53.161089],[11.738969,53.161114],[11.739216,53.161147],[11.739378,53.161137],[11.739413,53.161131],[11.739439,53.161118],[11.739457,53.161099],[11.740181,53.159887]]}},{"type":"Feature","properties":{"mode":"bus","n":5,"arr":["953","971","vgp:946","vgp:948","vgp:951"],"lines":"953, 971, 946, 948, 951"},"geometry":{"type":"LineString","coordinates":[[11.750199,53.158697],[11.75018,53.16013],[11.750177,53.160146],[11.750165,53.160157],[11.750147,53.160163],[11.750121,53.160164],[11.7475,53.160095],[11.747466,53.160098],[11.747444,53.160109],[11.747434,53.160129],[11.747351,53.160522],[11.747216,53.160909],[11.746977,53.161291]]}},{"type":"Feature","properties":{"mode":"bus","n":6,"arr":["952","953","971","974","vgp:948","vgp:951"],"lines":"952, 953, 971, 974, 948, 951"},"geometry":{"type":"LineString","coordinates":[[11.739119,53.159836],[11.739355,53.159634],[11.739379,53.15962],[11.739407,53.159617],[11.739438,53.159625],[11.739945,53.159837],[11.740181,53.159887]]}},{"type":"Feature","properties":{"mode":"bus","n":6,"arr":["952","953","971","974","vgp:948","vgp:951"],"lines":"952, 953, 971, 974, 948, 951"},"geometry":{"type":"LineString","coordinates":[[11.746889,53.161444],[11.745382,53.163967],[11.745287,53.164372],[11.745259,53.165804],[11.745345,53.16931],[11.74539,53.169631],[11.745426,53.170498],[11.745396,53.170842],[11.745446,53.172338],[11.74552,53.172947],[11.745667,53.173337]]}},{"type":"Feature","properties":{"mode":"bus","n":5,"arr":["952","953","974","vgp:904","vgp:951"],"lines":"952, 953, 974, 904, 951"},"geometry":{"type":"LineString","coordinates":[[11.745667,53.173337],[11.745412,53.17337],[11.745305,53.173361],[11.744642,53.173251],[11.740914,53.172869]]}},{"type":"Feature","properties":{"mode":"bus","n":5,"arr":["952","953","974","vgp:904","vgp:951"],"lines":"952, 953, 974, 904, 951"},"geometry":{"type":"LineString","coordinates":[[11.739933,53.172771],[11.738575,53.172714],[11.735489,53.172701],[11.734507,53.172646],[11.7338,53.17255],[11.732951,53.172351],[11.732128,53.172071],[11.729523,53.170922]]}},{"type":"Feature","properties":{"mode":"bus","n":7,"arr":["956","959","966","969","bbg:958","mol:955","mol:958"],"lines":"956, 959, 966, 969, 958, 955, 958"},"geometry":{"type":"LineString","coordinates":[[14.378312,52.531833],[14.378145,52.532147]]}},{"type":"Feature","properties":{"mode":"bus","n":5,"arr":["956","959","969","mol:955","mol:958"],"lines":"956, 959, 969, 955, 958"},"geometry":{"type":"LineString","coordinates":[[14.378379,52.531707],[14.378312,52.531833]]}},{"type":"Feature","properties":{"mode":"bus","n":7,"arr":["956","966","967","968","969","bbg:958","mol:958"],"lines":"956, 966, 967, 968, 969, 958, 958"},"geometry":{"type":"LineString","coordinates":[[14.381897,52.532516],[14.380095,52.532319],[14.378336,52.532162]]}},{"type":"Feature","properties":{"mode":"bus","n":5,"arr":["966","mol:931","mol:946","mol:947","R931"],"lines":"966, 931, 946, 947, R931"},"geometry":{"type":"LineString","coordinates":[[13.894817,52.587816],[13.895427,52.587983]]}},{"type":"Feature","properties":{"mode":"bus","n":5,"arr":["966","bbg:923","mol:923","mol:931","mol:946"],"lines":"966, 923, 923, 931, 946"},"geometry":{"type":"LineString","coordinates":[[13.883285,52.583347],[13.883978,52.583763],[13.884399,52.583985],[13.8869,52.585167],[13.889889,52.586668],[13.890269,52.586823],[13.890824,52.586992],[13.892763,52.587333],[13.894471,52.587736]]}},{"type":"Feature","properties":{"mode":"bus","n":5,"arr":["966","bbg:923","mol:923","mol:931","mol:946"],"lines":"966, 923, 923, 931, 946"},"geometry":{"type":"LineString","coordinates":[[13.886089,52.57893],[13.886437,52.579286],[13.886575,52.579505],[13.886615,52.579845],[13.886512,52.580101],[13.88644,52.580233],[13.886225,52.580461],[13.884966,52.581262]]}},{"type":"Feature","properties":{"mode":"bus","n":5,"arr":["966","bbg:923","mol:923","mol:937","mol:955"],"lines":"966, 923, 923, 937, 955"},"geometry":{"type":"LineString","coordinates":[[13.881361,52.57664],[13.881264,52.576652]]}},{"type":"Feature","properties":{"mode":"bus","n":6,"arr":["966","mol:923","mol:934","mol:936","mol:950","mol:955"],"lines":"966, 923, 934, 936, 950, 955"},"geometry":{"type":"LineString","coordinates":[[13.84391,52.531774],[13.843737,52.531806],[13.838951,52.532015],[13.837825,52.532149],[13.835262,52.53235],[13.835231,52.532356],[13.835214,52.532369],[13.835211,52.532389],[13.835223,52.532454]]}},{"type":"Feature","properties":{"mode":"bus","n":5,"arr":["966","mol:923","mol:936","mol:950","mol:955"],"lines":"966, 923, 936, 950, 955"},"geometry":{"type":"LineString","coordinates":[[13.835223,52.532454],[13.835232,52.532536]]}},{"type":"Feature","properties":{"mode":"bus","n":5,"arr":["966","967","968","bbg:958","mol:958"],"lines":"966, 967, 968, 958, 958"},"geometry":{"type":"LineString","coordinates":[[14.381954,52.53241],[14.381897,52.532516]]}},{"type":"Feature","properties":{"mode":"bus","n":6,"arr":["968","969","970","980","981","ffo:N1"],"lines":"968, 969, 970, 980, 981, N1"},"geometry":{"type":"LineString","coordinates":[[14.549215,52.350447],[14.549944,52.348741],[14.550103,52.34851],[14.55044,52.347644],[14.550573,52.347206]]}},{"type":"Feature","properties":{"mode":"bus","n":5,"arr":["968","969","970","980","981"],"lines":"968, 969, 970, 980, 981"},"geometry":{"type":"LineString","coordinates":[[14.550103,52.34851],[14.550107,52.348765],[14.549924,52.349201]]}},{"type":"Feature","properties":{"mode":"bus","n":7,"arr":["968","969","970","980","981","983","ffo:N1"],"lines":"968, 969, 970, 980, 981, 983, N1"},"geometry":{"type":"LineString","coordinates":[[14.550573,52.347206],[14.550799,52.346256],[14.550906,52.345575]]}},{"type":"Feature","properties":{"mode":"bus","n":7,"arr":["968","969","970","980","981","983","ffo:N1"],"lines":"968, 969, 970, 980, 981, 983, N1"},"geometry":{"type":"LineString","coordinates":[[14.550874,52.345302],[14.55097,52.344311],[14.550972,52.343756],[14.550974,52.343748],[14.550979,52.343743],[14.550989,52.34374],[14.551002,52.343739],[14.551027,52.343739],[14.55104,52.343738],[14.551049,52.343735],[14.551055,52.34373],[14.551056,52.343722],[14.550998,52.342119],[14.550955,52.34201],[14.550831,52.341902],[14.550738,52.341862],[14.550415,52.341828]]}},{"type":"Feature","properties":{"mode":"bus","n":6,"arr":["968","969","970","980","981","983"],"lines":"968, 969, 970, 980, 981, 983"},"geometry":{"type":"LineString","coordinates":[[14.550906,52.345575],[14.550874,52.345302]]}},{"type":"Feature","properties":{"mode":"bus","n":8,"arr":["968","969","970","980","981","983","984","ffo:N1"],"lines":"968, 969, 970, 980, 981, 983, 984, N1"},"geometry":{"type":"LineString","coordinates":[[14.550415,52.341828],[14.546833,52.34194],[14.546493,52.341891]]}},{"type":"Feature","properties":{"mode":"bus","n":5,"arr":["968","969","970","982","ffo:N1"],"lines":"968, 969, 970, 982, N1"},"geometry":{"type":"LineString","coordinates":[[14.54626,52.341958],[14.546216,52.341818]]}},{"type":"Feature","properties":{"mode":"bus","n":6,"arr":["968","969","970","982","ffo:N1","los:462"],"lines":"968, 969, 970, 982, N1, 462"},"geometry":{"type":"LineString","coordinates":[[14.546216,52.341818],[14.546153,52.340021],[14.546033,52.339694],[14.545683,52.339108],[14.545519,52.338389],[14.545551,52.338204],[14.545698,52.338072]]}},{"type":"Feature","properties":{"mode":"bus","n":11,"arr":["968","969","970","980","981","982","983","984","ffo:N1","ffo:N2","los:462"],"lines":"968, 969, 970, 980, 981, 982, 983, 984, N1, N2, 462"},"geometry":{"type":"LineString","coordinates":[[14.545698,52.338072],[14.546217,52.337726]]}},{"type":"Feature","properties":{"mode":"bus","n":10,"arr":["968","969","970","980","981","982","983","984","ffo:N1","ffo:N2"],"lines":"968, 969, 970, 980, 981, 982, 983, 984, N1, N2"},"geometry":{"type":"LineString","coordinates":[[14.546217,52.337726],[14.546454,52.337547]]}},{"type":"Feature","properties":{"mode":"bus","n":8,"arr":["968","969","970","982","983","984","ffo:N1","ffo:N2"],"lines":"968, 969, 970, 982, 983, 984, N1, N2"},"geometry":{"type":"LineString","coordinates":[[14.546454,52.337547],[14.54658,52.337456]]}},{"type":"Feature","properties":{"mode":"bus","n":5,"arr":["968","969","970","982","984"],"lines":"968, 969, 970, 982, 984"},"geometry":{"type":"LineString","coordinates":[[14.54658,52.337456],[14.546678,52.337373],[14.54684,52.337327]]}},{"type":"Feature","properties":{"mode":"bus","n":5,"arr":["968","969","970","982","los:462"],"lines":"968, 969, 970, 982, 462"},"geometry":{"type":"LineString","coordinates":[[14.545634,52.338908],[14.545839,52.339144]]}},{"type":"Feature","properties":{"mode":"bus","n":5,"arr":["968","969","970","982","los:462"],"lines":"968, 969, 970, 982, 462"},"geometry":{"type":"LineString","coordinates":[[14.546333,52.341842],[14.546335,52.341899]]}},{"type":"Feature","properties":{"mode":"bus","n":10,"arr":["968","969","970","980","981","982","983","984","ffo:N1","los:462"],"lines":"968, 969, 970, 980, 981, 982, 983, 984, N1, 462"},"geometry":{"type":"LineString","coordinates":[[14.545839,52.339144],[14.546216,52.339822],[14.546279,52.34012],[14.546332,52.341809]]}},{"type":"Feature","properties":{"mode":"bus","n":6,"arr":["968","969","970","982","983","los:462"],"lines":"968, 969, 970, 982, 983, 462"},"geometry":{"type":"LineString","coordinates":[[14.546332,52.341809],[14.546333,52.341842]]}},{"type":"Feature","properties":{"mode":"bus","n":6,"arr":["968","969","970","980","983","ffo:N1"],"lines":"968, 969, 970, 980, 983, N1"},"geometry":{"type":"LineString","coordinates":[[14.550906,52.345575],[14.550823,52.345606],[14.550807,52.345611],[14.550796,52.345612],[14.550789,52.345609],[14.550786,52.345602],[14.550787,52.345591],[14.550874,52.345302]]}},{"type":"Feature","properties":{"mode":"bus","n":5,"arr":["969","970","981","987","988"],"lines":"969, 970, 981, 987, 988"},"geometry":{"type":"LineString","coordinates":[[14.524666,52.363089],[14.526019,52.36257],[14.526342,52.362518],[14.526601,52.362523]]}},{"type":"Feature","properties":{"mode":"bus","n":5,"arr":["969","970","981","987","988"],"lines":"969, 970, 981, 987, 988"},"geometry":{"type":"LineString","coordinates":[[14.524012,52.363344],[14.52443,52.36318]]}},{"type":"Feature","properties":{"mode":"bus","n":9,"arr":["974","975","977","978","vgp:935","vgp:945","vgp:946","vgp:947","vgp:955"],"lines":"974, 975, 977, 978, 935, 945, 946, 947, 955"},"geometry":{"type":"LineString","coordinates":[[11.859907,53.081846],[11.860541,53.081111],[11.860501,53.081003]]}},{"type":"Feature","properties":{"mode":"bus","n":9,"arr":["974","975","977","978","vgp:935","vgp:945","vgp:946","vgp:947","vgp:955"],"lines":"974, 975, 977, 978, 935, 945, 946, 947, 955"},"geometry":{"type":"LineString","coordinates":[[11.855539,53.075062],[11.855852,53.075069],[11.856803,53.075185]]}},{"type":"Feature","properties":{"mode":"bus","n":9,"arr":["974","975","977","978","vgp:935","vgp:945","vgp:946","vgp:947","vgp:955"],"lines":"974, 975, 977, 978, 935, 945, 946, 947, 955"},"geometry":{"type":"LineString","coordinates":[[11.856907,53.074371],[11.856549,53.073927],[11.855215,53.072811]]}},{"type":"Feature","properties":{"mode":"bus","n":10,"arr":["974","975","977","978","vgp:935","vgp:941","vgp:945","vgp:946","vgp:947","vgp:955"],"lines":"974, 975, 977, 978, 935, 941, 945, 946, 947, 955"},"geometry":{"type":"LineString","coordinates":[[11.860501,53.081003],[11.859338,53.078996],[11.859153,53.078752],[11.858187,53.077994],[11.855512,53.075993],[11.855405,53.075749],[11.85551,53.075352],[11.855539,53.075062]]}},{"type":"Feature","properties":{"mode":"bus","n":10,"arr":["974","975","977","978","vgp:935","vgp:941","vgp:945","vgp:946","vgp:947","vgp:955"],"lines":"974, 975, 977, 978, 935, 941, 945, 946, 947, 955"},"geometry":{"type":"LineString","coordinates":[[11.857163,53.074761],[11.856907,53.074371]]}},{"type":"Feature","properties":{"mode":"bus","n":10,"arr":["974","975","977","978","vgp:935","vgp:941","vgp:945","vgp:946","vgp:947","vgp:955"],"lines":"974, 975, 977, 978, 935, 941, 945, 946, 947, 955"},"geometry":{"type":"LineString","coordinates":[[11.855215,53.072811],[11.854262,53.072047],[11.854023,53.071939]]}},{"type":"Feature","properties":{"mode":"bus","n":9,"arr":["974","975","978","vgp:935","vgp:941","vgp:945","vgp:946","vgp:947","vgp:955"],"lines":"974, 975, 978, 935, 941, 945, 946, 947, 955"},"geometry":{"type":"LineString","coordinates":[[11.857419,53.075173],[11.857163,53.074761]]}},{"type":"Feature","properties":{"mode":"bus","n":9,"arr":["974","975","978","vgp:935","vgp:941","vgp:945","vgp:946","vgp:947","vgp:955"],"lines":"974, 975, 978, 935, 941, 945, 946, 947, 955"},"geometry":{"type":"LineString","coordinates":[[11.852012,53.071438],[11.852244,53.071775],[11.852269,53.071911]]}},{"type":"Feature","properties":{"mode":"bus","n":10,"arr":["974","975","977","978","vgp:935","vgp:945","vgp:946","vgp:947","vgp:950","vgp:955"],"lines":"974, 975, 977, 978, 935, 945, 946, 947, 950, 955"},"geometry":{"type":"LineString","coordinates":[[11.852269,53.071911],[11.853831,53.071993],[11.854023,53.071939]]}},{"type":"Feature","properties":{"mode":"bus","n":10,"arr":["974","975","977","978","vgp:941","vgp:945","vgp:947","vgp:949","vgp:950","vgp:955"],"lines":"974, 975, 977, 978, 941, 945, 947, 949, 950, 955"},"geometry":{"type":"LineString","coordinates":[[11.850897,53.071576],[11.851707,53.071817],[11.852269,53.071911]]}},{"type":"Feature","properties":{"mode":"bus","n":5,"arr":["974","975","vgp:941","vgp:945","vgp:949"],"lines":"974, 975, 941, 945, 949"},"geometry":{"type":"LineString","coordinates":[[11.847647,53.070612],[11.850897,53.071576]]}},{"type":"Feature","properties":{"mode":"bus","n":7,"arr":["974","975","978","vgp:935","vgp:941","vgp:947","vgp:955"],"lines":"974, 975, 978, 935, 941, 947, 955"},"geometry":{"type":"LineString","coordinates":[[11.867574,53.069335],[11.869011,53.071017]]}},{"type":"Feature","properties":{"mode":"bus","n":6,"arr":["974","975","978","vgp:935","vgp:947","vgp:955"],"lines":"974, 975, 978, 935, 947, 955"},"geometry":{"type":"LineString","coordinates":[[11.869011,53.071017],[11.867736,53.071414],[11.867709,53.071426],[11.867701,53.071443],[11.867709,53.071462],[11.869182,53.073268]]}},{"type":"Feature","properties":{"mode":"bus","n":9,"arr":["974","977","978","vgp:935","vgp:941","vgp:945","vgp:947","vgp:950","vgp:955"],"lines":"974, 977, 978, 935, 941, 945, 947, 950, 955"},"geometry":{"type":"LineString","coordinates":[[11.854023,53.071939],[11.854029,53.071849],[11.853526,53.071386],[11.85352,53.071286],[11.853634,53.071191],[11.857117,53.070169],[11.858399,53.069761],[11.858546,53.069733],[11.858723,53.069746],[11.85884,53.069784],[11.859,53.069879],[11.859551,53.070314]]}},{"type":"Feature","properties":{"mode":"bus","n":12,"arr":["974","975","977","978","vgp:935","vgp:941","vgp:945","vgp:946","vgp:947","vgp:949","vgp:950","vgp:955"],"lines":"974, 975, 977, 978, 935, 941, 945, 946, 947, 949, 950, 955"},"geometry":{"type":"LineString","coordinates":[[11.851765,53.071348],[11.85223,53.071495],[11.852329,53.071553],[11.85236,53.071581],[11.852367,53.071614],[11.852337,53.07181],[11.852269,53.071911]]}},{"type":"Feature","properties":{"mode":"bus","n":10,"arr":["974","975","978","vgp:935","vgp:941","vgp:945","vgp:946","vgp:947","vgp:949","vgp:955"],"lines":"974, 975, 978, 935, 941, 945, 946, 947, 949, 955"},"geometry":{"type":"LineString","coordinates":[[11.851031,53.071323],[11.851138,53.071352],[11.851765,53.071348]]}},{"type":"Feature","properties":{"mode":"bus","n":9,"arr":["974","975","978","vgp:935","vgp:941","vgp:946","vgp:947","vgp:949","vgp:955"],"lines":"974, 975, 978, 935, 941, 946, 947, 949, 955"},"geometry":{"type":"LineString","coordinates":[[11.850902,53.071286],[11.851031,53.071323]]}},{"type":"Feature","properties":{"mode":"bus","n":6,"arr":["974","978","vgp:935","vgp:941","vgp:947","vgp:955"],"lines":"974, 978, 935, 941, 947, 955"},"geometry":{"type":"LineString","coordinates":[[11.850772,53.071248],[11.850902,53.071286]]}},{"type":"Feature","properties":{"mode":"bus","n":5,"arr":["974","978","vgp:935","vgp:941","vgp:955"],"lines":"974, 978, 935, 941, 955"},"geometry":{"type":"LineString","coordinates":[[11.850772,53.071248],[11.850653,53.071211]]}},{"type":"Feature","properties":{"mode":"bus","n":6,"arr":["974","977","978","vgp:935","vgp:950","vgp:955"],"lines":"974, 977, 978, 935, 950, 955"},"geometry":{"type":"LineString","coordinates":[[11.850469,53.070891],[11.851275,53.071128],[11.851557,53.071288],[11.851765,53.071348]]}},{"type":"Feature","properties":{"mode":"bus","n":5,"arr":["975","977","vgp:935","vgp:945","vgp:955"],"lines":"975, 977, 935, 945, 955"},"geometry":{"type":"LineString","coordinates":[[11.874047,53.078019],[11.873682,53.078413],[11.873295,53.078738],[11.87245,53.079326],[11.87185,53.079636],[11.871225,53.079886],[11.866864,53.081264],[11.865678,53.081579],[11.863699,53.081921],[11.860229,53.082124]]}},{"type":"Feature","properties":{"mode":"bus","n":5,"arr":["977","978","vgp:935","vgp:950","vgp:955"],"lines":"977, 978, 935, 950, 955"},"geometry":{"type":"LineString","coordinates":[[11.85051,53.070973],[11.850469,53.070891]]}},{"type":"Feature","properties":{"mode":"bus","n":5,"arr":["980","981","983","984","ffo:N1"],"lines":"980, 981, 983, 984, N1"},"geometry":{"type":"LineString","coordinates":[[14.545698,52.338072],[14.545724,52.338124],[14.545682,52.338399],[14.545839,52.339144]]}},{"type":"Feature","properties":{"mode":"bus","n":5,"arr":["980","981","983","984","ffo:N1"],"lines":"980, 981, 983, 984, N1"},"geometry":{"type":"LineString","coordinates":[[14.546493,52.341891],[14.546332,52.341809]]}},{"type":"Feature","properties":{"mode":"bus","n":5,"arr":["980","981","983","ffo:N1","ffo:N2"],"lines":"980, 981, 983, N1, N2"},"geometry":{"type":"LineString","coordinates":[[14.546454,52.337547],[14.54682,52.337443]]}},{"type":"Feature","properties":{"mode":"bus","n":6,"arr":["980","981","982","983","ffo:N1","ffo:N2"],"lines":"980, 981, 982, 983, N1, N2"},"geometry":{"type":"LineString","coordinates":[[14.546368,52.337676],[14.546338,52.337633]]}},{"type":"Feature","properties":{"mode":"bus","n":7,"arr":["980","981","982","983","ffo:N1","ffo:N2","los:462"],"lines":"980, 981, 982, 983, N1, N2, 462"},"geometry":{"type":"LineString","coordinates":[[14.546217,52.337726],[14.546368,52.337676]]}},{"type":"Feature","properties":{"mode":"bus","n":5,"arr":["980","981","987","988","ffo:N1"],"lines":"980, 981, 987, 988, N1"},"geometry":{"type":"LineString","coordinates":[[14.533158,52.354676],[14.533159,52.354538]]}},{"type":"Feature","properties":{"mode":"bus","n":5,"arr":["A400","los:455","los:457","los:462","los:463"],"lines":"A400, 455, 457, 462, 463"},"geometry":{"type":"LineString","coordinates":[[14.415266,52.245775],[14.416002,52.245886],[14.417015,52.245942]]}},{"type":"Feature","properties":{"mode":"bus","n":6,"arr":["A400","los:455","los:457","los:462","los:463","los:464"],"lines":"A400, 455, 457, 462, 463, 464"},"geometry":{"type":"LineString","coordinates":[[14.414429,52.245945],[14.414775,52.246093],[14.414806,52.246102],[14.414834,52.246099],[14.41486,52.246086],[14.415229,52.245803],[14.415242,52.24579],[14.415244,52.245778],[14.415234,52.245768],[14.415213,52.245759],[14.414244,52.24546],[14.414183,52.245427],[14.414152,52.245378],[14.414141,52.245367],[14.414124,52.245362],[14.414103,52.245363],[14.414036,52.245375],[14.413764,52.245611],[14.41375,52.245629],[14.413755,52.245646],[14.413778,52.245661],[14.413924,52.245725]]}},{"type":"Feature","properties":{"mode":"bus","n":5,"arr":["A400","los:457","los:462","los:463","los:464"],"lines":"A400, 457, 462, 463, 464"},"geometry":{"type":"LineString","coordinates":[[14.412083,52.237272],[14.412068,52.237471],[14.412174,52.237886],[14.413444,52.241703],[14.413503,52.241961],[14.413468,52.242026],[14.413463,52.242058],[14.413488,52.242087],[14.413812,52.242309],[14.414475,52.243384],[14.414732,52.243692],[14.415282,52.244221],[14.415249,52.244318],[14.41428,52.245173],[14.414141,52.245315],[14.414139,52.245357]]}},{"type":"Feature","properties":{"mode":"bus","n":7,"arr":["B/522","brb:N1","D/524","F/526","L/530","N4","W/540"],"lines":"B/522, N1, D/524, F/526, L/530, N4, W/540"},"geometry":{"type":"LineString","coordinates":[[12.563155,52.40937],[12.56346,52.409603],[12.563487,52.409617],[12.563517,52.409621],[12.56355,52.409616],[12.564159,52.409439]]}},{"type":"Feature","properties":{"mode":"bus","n":7,"arr":["B/522","brb:N1","D/524","F/526","L/530","N4","W/540"],"lines":"B/522, N1, D/524, F/526, L/530, N4, W/540"},"geometry":{"type":"LineString","coordinates":[[12.563335,52.40863],[12.563114,52.408667],[12.562975,52.408662]]}},{"type":"Feature","properties":{"mode":"bus","n":7,"arr":["B/522","brb:N1","D/524","F/526","L/530","N4","W/540"],"lines":"B/522, N1, D/524, F/526, L/530, N4, W/540"},"geometry":{"type":"LineString","coordinates":[[12.557029,52.404665],[12.556216,52.404012]]}},{"type":"Feature","properties":{"mode":"bus","n":8,"arr":["B/522","brb:N1","D/524","F/526","L/530","N4","pm:558","W/540"],"lines":"B/522, N1, D/524, F/526, L/530, N4, 558, W/540"},"geometry":{"type":"LineString","coordinates":[[12.564159,52.409439],[12.5641,52.40918],[12.563335,52.40863]]}},{"type":"Feature","properties":{"mode":"bus","n":6,"arr":["brb:N1","D/524","F/526","L/530","N4","W/540"],"lines":"N1, D/524, F/526, L/530, N4, W/540"},"geometry":{"type":"LineString","coordinates":[[12.562975,52.408662],[12.562653,52.408562],[12.558091,52.405777],[12.557433,52.405039],[12.557029,52.404665]]}},{"type":"Feature","properties":{"mode":"bus","n":7,"arr":["B/522","brb:N1","D/524","L/530","N4","pm:558","W/540"],"lines":"B/522, N1, D/524, L/530, N4, 558, W/540"},"geometry":{"type":"LineString","coordinates":[[12.566446,52.407093],[12.563335,52.40863]]}},{"type":"Feature","properties":{"mode":"bus","n":7,"arr":["B/522","brb:N1","D/524","L/530","N4","pm:558","W/540"],"lines":"B/522, N1, D/524, L/530, N4, 558, W/540"},"geometry":{"type":"LineString","coordinates":[[12.56803,52.406358],[12.567942,52.406375]]}},{"type":"Feature","properties":{"mode":"bus","n":7,"arr":["B/522","brb:N1","D/524","L/530","N4","pm:558","W/540"],"lines":"B/522, N1, D/524, L/530, N4, 558, W/540"},"geometry":{"type":"LineString","coordinates":[[12.568145,52.406336],[12.56803,52.406358],[12.567905,52.406474],[12.56671,52.407135],[12.564817,52.408052],[12.564802,52.408057],[12.564787,52.408056],[12.564774,52.40805],[12.564756,52.40804],[12.564742,52.408034],[12.564728,52.408033],[12.564713,52.408038],[12.563576,52.408587]]}},{"type":"Feature","properties":{"mode":"bus","n":6,"arr":["B/522","brb:N1","D/524","N4","pm:558","W/540"],"lines":"B/522, N1, D/524, N4, 558, W/540"},"geometry":{"type":"LineString","coordinates":[[12.567942,52.406375],[12.567806,52.406405],[12.566446,52.407093]]}},{"type":"Feature","properties":{"mode":"bus","n":6,"arr":["B/522","brb:N1","D/524","N4","pm:558","W/540"],"lines":"B/522, N1, D/524, N4, 558, W/540"},"geometry":{"type":"LineString","coordinates":[[12.568256,52.405967],[12.568279,52.406107],[12.568145,52.406336]]}},{"type":"Feature","properties":{"mode":"bus","n":7,"arr":["B/522","brb:N1","D/524","H/528","N4","pm:558","W/540"],"lines":"B/522, N1, D/524, H/528, N4, 558, W/540"},"geometry":{"type":"LineString","coordinates":[[12.568256,52.405967],[12.568063,52.405078],[12.568025,52.404718],[12.568041,52.40439],[12.568169,52.403891],[12.568748,52.402533]]}},{"type":"Feature","properties":{"mode":"bus","n":5,"arr":["B/522","brb:2","brb:N2","H/528","K/529"],"lines":"B/522, 2, N2, H/528, K/529"},"geometry":{"type":"LineString","coordinates":[[12.565567,52.401234],[12.568795,52.402421]]}},{"type":"Feature","properties":{"mode":"bus","n":6,"arr":["bbg:880","bbg:885","bbg:889","bbg:958","mol:889","mol:958"],"lines":"880, 885, 889, 958, 889, 958"},"geometry":{"type":"LineString","coordinates":[[14.133,52.714883],[14.133061,52.714806],[14.133013,52.714418],[14.132893,52.71393],[14.132585,52.712981],[14.132407,52.711824],[14.132378,52.711379],[14.132439,52.71062]]}},{"type":"Feature","properties":{"mode":"bus","n":5,"arr":["bbg:920","RB66","uvg:456","uvg:457","uvg:460"],"lines":"920, RB66, 456, 457, 460"},"geometry":{"type":"LineString","coordinates":[[13.997233,53.015813],[13.996972,53.015904]]}},{"type":"Feature","properties":{"mode":"bus","n":5,"arr":["BER2","pm:602","pm:X1","tf:715","X19"],"lines":"BER2, 602, X1, 715, X19"},"geometry":{"type":"LineString","coordinates":[[13.1413,52.372134],[13.139777,52.372183],[13.138747,52.372251],[13.137488,52.372231]]}},{"type":"Feature","properties":{"mode":"bus","n":6,"arr":["BER2","pm:602","pm:N13","pm:X1","tf:715","X19"],"lines":"BER2, 602, N13, X1, 715, X19"},"geometry":{"type":"LineString","coordinates":[[13.144798,52.372199],[13.143229,52.372152],[13.1413,52.372134]]}},{"type":"Feature","properties":{"mode":"bus","n":8,"arr":["BER2","bvg:622","N12","pm:601","pm:602","pm:622","pm:N13","pm:X1"],"lines":"BER2, 622, N12, 601, 602, 622, N13, X1"},"geometry":{"type":"LineString","coordinates":[[13.210296,52.39233],[13.210055,52.393015]]}},{"type":"Feature","properties":{"mode":"bus","n":5,"arr":["BER2","pm:601","pm:602","pm:624","pm:X1"],"lines":"BER2, 601, 602, 624, X1"},"geometry":{"type":"LineString","coordinates":[[13.243565,52.397078],[13.24061,52.395829]]}},{"type":"Feature","properties":{"mode":"bus","n":5,"arr":["BER2","N7","N60","X7","X71"],"lines":"BER2, N7, N60, X7, X71"},"geometry":{"type":"LineString","coordinates":[[13.511603,52.362754],[13.511723,52.362785]]}},{"type":"Feature","properties":{"mode":"bus","n":5,"arr":["BER2","N7","N60","X7","X71"],"lines":"BER2, N7, N60, X7, X71"},"geometry":{"type":"LineString","coordinates":[[13.51751,52.365549],[13.517742,52.365718],[13.518133,52.365871],[13.528774,52.36841]]}},{"type":"Feature","properties":{"mode":"bus","n":5,"arr":["BER2","lds:741","N7","N7X","N60"],"lines":"BER2, 741, N7, N7X, N60"},"geometry":{"type":"LineString","coordinates":[[13.528428,52.385085],[13.528366,52.385158]]}},{"type":"Feature","properties":{"mode":"bus","n":5,"arr":["BER2","pm:N13","pm:X1","tf:715","X19"],"lines":"BER2, N13, X1, 715, X19"},"geometry":{"type":"LineString","coordinates":[[13.140396,52.372537],[13.140617,52.372419],[13.140877,52.372346],[13.141593,52.372243],[13.143405,52.372265],[13.14553,52.372336]]}},{"type":"Feature","properties":{"mode":"bus","n":7,"arr":["brb:2","brb:N2","D/524","K/529","L/530","N4","W/540"],"lines":"2, N2, D/524, K/529, L/530, N4, W/540"},"geometry":{"type":"LineString","coordinates":[[12.567238,52.401661],[12.566976,52.401567]]}},{"type":"Feature","properties":{"mode":"bus","n":5,"arr":["brb:N1","D/524","L/530","N4","W/540"],"lines":"N1, D/524, L/530, N4, W/540"},"geometry":{"type":"LineString","coordinates":[[12.563576,52.408587],[12.563335,52.40863]]}},{"type":"Feature","properties":{"mode":"bus","n":5,"arr":["bvg:622","N12","pm:620","pm:622","pm:N13"],"lines":"622, N12, 620, 622, N13"},"geometry":{"type":"LineString","coordinates":[[13.210243,52.393626],[13.21003,52.393594]]}},{"type":"Feature","properties":{"mode":"bus","n":7,"arr":["bvg:622","N12","pm:601","pm:602","pm:622","pm:N13","pm:X1"],"lines":"622, N12, 601, 602, 622, N13, X1"},"geometry":{"type":"LineString","coordinates":[[13.199115,52.386772],[13.199352,52.386894],[13.202396,52.388175],[13.203141,52.388557],[13.203549,52.388837],[13.205301,52.390273],[13.205758,52.390569]]}},{"type":"Feature","properties":{"mode":"bus","n":7,"arr":["bvg:622","bvg:623","N12","pm:620","pm:622","pm:623","pm:N13"],"lines":"622, 623, N12, 620, 622, 623, N13"},"geometry":{"type":"LineString","coordinates":[[13.214762,52.405576],[13.214914,52.405491],[13.215707,52.405152],[13.216252,52.404977],[13.217146,52.404772],[13.217963,52.404664],[13.218811,52.404638],[13.219884,52.40468],[13.220211,52.404748],[13.221082,52.404746],[13.225447,52.405015]]}},{"type":"Feature","properties":{"mode":"bus","n":5,"arr":["bvg:622","pm:601","pm:602","pm:N13","pm:X1"],"lines":"622, 601, 602, N13, X1"},"geometry":{"type":"LineString","coordinates":[[13.193496,52.384688],[13.195461,52.385215]]}},{"type":"Feature","properties":{"mode":"bus","n":5,"arr":["bvg:622","pm:601","pm:622","pm:N13","pm:X1"],"lines":"622, 601, 622, N13, X1"},"geometry":{"type":"LineString","coordinates":[[13.199151,52.38674],[13.199272,52.386774],[13.202023,52.387937],[13.202979,52.388389],[13.203236,52.388535],[13.203627,52.388809],[13.20527,52.390136],[13.205826,52.390521]]}},{"type":"Feature","properties":{"mode":"bus","n":8,"arr":["bvg:622","bvg:623","N12","pm:601","pm:602","pm:622","pm:N13","pm:X1"],"lines":"622, 623, N12, 601, 602, 622, N13, X1"},"geometry":{"type":"LineString","coordinates":[[13.210075,52.393295],[13.210089,52.393326]]}},{"type":"Feature","properties":{"mode":"bus","n":5,"arr":["bvg:622","pm:601","pm:620","pm:N13","pm:X1"],"lines":"622, 601, 620, N13, X1"},"geometry":{"type":"LineString","coordinates":[[13.210243,52.393626],[13.210198,52.39354]]}},{"type":"Feature","properties":{"mode":"bus","n":6,"arr":["bvg:622","N12","pm:601","pm:620","pm:N13","pm:X1"],"lines":"622, N12, 601, 620, N13, X1"},"geometry":{"type":"LineString","coordinates":[[13.210597,52.393633],[13.210243,52.393626]]}},{"type":"Feature","properties":{"mode":"bus","n":5,"arr":["N12","pm:601","pm:620","pm:N13","pm:X1"],"lines":"N12, 601, 620, N13, X1"},"geometry":{"type":"LineString","coordinates":[[13.210834,52.393637],[13.210597,52.393633]]}},{"type":"Feature","properties":{"mode":"bus","n":5,"arr":["bvg:623","N12","pm:620","pm:623","pm:N13"],"lines":"623, N12, 620, 623, N13"},"geometry":{"type":"LineString","coordinates":[[13.207069,52.401487],[13.207538,52.402162],[13.208027,52.402675],[13.208672,52.403187],[13.209371,52.403601],[13.209912,52.403858],[13.210662,52.404144],[13.2119,52.404487],[13.212213,52.404545],[13.213583,52.405023],[13.214435,52.405399],[13.214762,52.405576]]}},{"type":"Feature","properties":{"mode":"bus","n":5,"arr":["bvg:623","N12","pm:620","pm:623","pm:N13"],"lines":"623, N12, 620, 623, N13"},"geometry":{"type":"LineString","coordinates":[[13.225447,52.405015],[13.226272,52.405054],[13.228842,52.405061],[13.230107,52.405001],[13.231687,52.405004],[13.232105,52.40502],[13.232821,52.405091],[13.233006,52.405061],[13.233325,52.404885]]}},{"type":"Feature","properties":{"mode":"bus","n":5,"arr":["bvg:N1","bvg:N2","M19","M29","N26"],"lines":"N1, N2, M19, M29, N26"},"geometry":{"type":"LineString","coordinates":[[13.346416,52.501207],[13.344203,52.501674],[13.343866,52.501798],[13.343426,52.501999],[13.343169,52.502072],[13.342202,52.502189],[13.341705,52.502281]]}},{"type":"Feature","properties":{"mode":"bus","n":6,"arr":["bvg:N1","bvg:N2","M19","M29","N3","N26"],"lines":"N1, N2, M19, M29, N3, N26"},"geometry":{"type":"LineString","coordinates":[[13.341705,52.502281],[13.341096,52.502542],[13.339411,52.503196]]}},{"type":"Feature","properties":{"mode":"bus","n":7,"arr":["bvg:N1","bvg:N2","M19","M29","M46","N3","N26"],"lines":"N1, N2, M19, M29, M46, N3, N26"},"geometry":{"type":"LineString","coordinates":[[13.331418,52.503753],[13.334508,52.504409],[13.334935,52.504428],[13.33567,52.504352],[13.33604,52.504285],[13.336308,52.50421],[13.341621,52.502086]]}},{"type":"Feature","properties":{"mode":"bus","n":6,"arr":["bvg:N1","bvg:N2","M19","M29","M46","N26"],"lines":"N1, N2, M19, M29, M46, N26"},"geometry":{"type":"LineString","coordinates":[[13.341621,52.502086],[13.341955,52.501949],[13.342414,52.501705],[13.342756,52.501593],[13.343145,52.501529],[13.344231,52.501459],[13.346234,52.501031]]}},{"type":"Feature","properties":{"mode":"bus","n":5,"arr":["cb:800","cb:879","cb:880","cb:884","cb:885"],"lines":"800, 879, 880, 884, 885"},"geometry":{"type":"LineString","coordinates":[[14.374891,51.568776],[14.37509,51.568634]]}},{"type":"Feature","properties":{"mode":"bus","n":7,"arr":["hvb:604","N14","N15","N16","N17","vip:605","X15"],"lines":"604, N14, N15, N16, N17, 605, X15"},"geometry":{"type":"LineString","coordinates":[[13.063235,52.392503],[13.063346,52.39264]]}},{"type":"Feature","properties":{"mode":"bus","n":5,"arr":["lds:465","lds:471","lds:472","lds:474","lds:475"],"lines":"465, 471, 472, 474, 475"},"geometry":{"type":"LineString","coordinates":[[13.717674,51.85084],[13.718437,51.851307],[13.718824,51.851586],[13.718867,51.851605],[13.718921,51.85161],[13.720067,51.851554],[13.720516,51.851565],[13.7211,51.851622],[13.722013,51.851733],[13.722495,51.851816],[13.723108,51.852085]]}},{"type":"Feature","properties":{"mode":"bus","n":6,"arr":["lds:465","osl:604","osl:605","osl:609","osl:610","osl:611"],"lines":"465, 604, 605, 609, 610, 611"},"geometry":{"type":"LineString","coordinates":[[13.965134,51.741617],[13.954855,51.74608],[13.954622,51.746231],[13.954401,51.746417],[13.954174,51.746678]]}},{"type":"Feature","properties":{"mode":"bus","n":6,"arr":["lds:465","osl:604","osl:605","osl:609","osl:610","osl:611"],"lines":"465, 604, 605, 609, 610, 611"},"geometry":{"type":"LineString","coordinates":[[13.976265,51.736798],[13.975961,51.736939],[13.975943,51.73695],[13.975935,51.736963],[13.975938,51.736975],[13.975951,51.736989],[13.976042,51.737059],[13.979583,51.73847]]}},{"type":"Feature","properties":{"mode":"bus","n":5,"arr":["lds:465","osl:604","osl:605","osl:609","osl:611"],"lines":"465, 604, 605, 609, 611"},"geometry":{"type":"LineString","coordinates":[[13.965134,51.741617],[13.970013,51.739513],[13.970502,51.739325],[13.975914,51.736961]]}},{"type":"Feature","properties":{"mode":"bus","n":7,"arr":["lds:465","lds:467","lds:468","lds:469","lds:471","lds:474","lds:475"],"lines":"465, 467, 468, 469, 471, 474, 475"},"geometry":{"type":"LineString","coordinates":[[13.703819,51.853145],[13.704392,51.854124],[13.70442,51.854401],[13.704346,51.854952]]}},{"type":"Feature","properties":{"mode":"bus","n":5,"arr":["lds:465","lds:471","lds:473","lds:474","lds:475"],"lines":"465, 471, 473, 474, 475"},"geometry":{"type":"LineString","coordinates":[[13.708286,51.85481],[13.708256,51.855169]]}},{"type":"Feature","properties":{"mode":"bus","n":5,"arr":["lds:472","lds:502","lds:506","lds:511","lds:512"],"lines":"472, 502, 506, 511, 512"},"geometry":{"type":"LineString","coordinates":[[13.878312,51.939834],[13.87815,51.939948]]}},{"type":"Feature","properties":{"mode":"bus","n":5,"arr":["mol:931","mol:933","mol:935","mol:944","R931"],"lines":"931, 933, 935, 944, R931"},"geometry":{"type":"LineString","coordinates":[[13.724959,52.564352],[13.723619,52.562622],[13.722254,52.560641],[13.722073,52.560234],[13.721907,52.55946],[13.721737,52.559206],[13.721481,52.559091],[13.720044,52.558788],[13.71785,52.558114],[13.716316,52.557735],[13.715311,52.557374]]}},{"type":"Feature","properties":{"mode":"bus","n":5,"arr":["mol:931","mol:933","mol:935","R931","R933"],"lines":"931, 933, 935, R931, R933"},"geometry":{"type":"LineString","coordinates":[[13.726885,52.564944],[13.726498,52.564362]]}},{"type":"Feature","properties":{"mode":"bus","n":5,"arr":["mol:932","mol:933","mol:948","mol:949","R933"],"lines":"932, 933, 948, 949, R933"},"geometry":{"type":"LineString","coordinates":[[13.790531,52.529333],[13.790671,52.529374],[13.790703,52.529379],[13.79073,52.529373],[13.790751,52.529357],[13.790805,52.529293],[13.790974,52.529219]]}},{"type":"Feature","properties":{"mode":"bus","n":6,"arr":["N5","N62","N64","N91","N96","T9"],"lines":"N5, N62, N64, N91, N96, T9"},"geometry":{"type":"LineString","coordinates":[[13.575679,52.512892],[13.575986,52.512882]]}},{"type":"Feature","properties":{"mode":"bus","n":6,"arr":["N17","pm:602","pm:N13","tf:715","vip:N13","X19"],"lines":"N17, 602, N13, 715, N13, X19"},"geometry":{"type":"LineString","coordinates":[[13.089171,52.389983],[13.089894,52.390049]]}},{"type":"Feature","properties":{"mode":"bus","n":11,"arr":["orp:701","orp:702","orp:705","orp:706","orp:707","orp:711","orp:712","orp:714","orp:717","orp:744","vgp:902"],"lines":"701, 702, 705, 706, 707, 711, 712, 714, 717, 744, 902"},"geometry":{"type":"LineString","coordinates":[[12.380987,52.951102],[12.381642,52.950928]]}},{"type":"Feature","properties":{"mode":"bus","n":11,"arr":["orp:701","orp:702","orp:705","orp:706","orp:707","orp:711","orp:712","orp:714","orp:717","orp:744","vgp:902"],"lines":"701, 702, 705, 706, 707, 711, 712, 714, 717, 744, 902"},"geometry":{"type":"LineString","coordinates":[[12.391238,52.948432],[12.39208,52.948228],[12.395681,52.947276],[12.396246,52.947103],[12.396485,52.947],[12.396521,52.946975],[12.396534,52.946943],[12.396552,52.946163],[12.396478,52.945128]]}},{"type":"Feature","properties":{"mode":"bus","n":10,"arr":["orp:702","orp:705","orp:706","orp:707","orp:711","orp:712","orp:714","orp:717","orp:744","vgp:902"],"lines":"702, 705, 706, 707, 711, 712, 714, 717, 744, 902"},"geometry":{"type":"LineString","coordinates":[[12.390596,52.948595],[12.381642,52.950928]]}},{"type":"Feature","properties":{"mode":"bus","n":12,"arr":["orp:701","orp:702","orp:703","orp:705","orp:706","orp:707","orp:711","orp:712","orp:714","orp:717","orp:744","vgp:902"],"lines":"701, 702, 703, 705, 706, 707, 711, 712, 714, 717, 744, 902"},"geometry":{"type":"LineString","coordinates":[[12.390405,52.948957],[12.390494,52.948825],[12.390655,52.94876],[12.390679,52.948745],[12.390688,52.948728],[12.39068,52.948707],[12.39062,52.948628],[12.390613,52.948613],[12.390616,52.9486],[12.390628,52.948589],[12.390651,52.948581],[12.391238,52.948432]]}},{"type":"Feature","properties":{"mode":"bus","n":11,"arr":["orp:701","orp:702","orp:703","orp:705","orp:706","orp:707","orp:711","orp:712","orp:714","orp:717","orp:744"],"lines":"701, 702, 703, 705, 706, 707, 711, 712, 714, 717, 744"},"geometry":{"type":"LineString","coordinates":[[12.390704,52.94874],[12.390729,52.948825],[12.390378,52.949499],[12.390367,52.949513],[12.39035,52.949522],[12.39033,52.949524],[12.390304,52.949521],[12.390124,52.949485],[12.390101,52.949477],[12.390087,52.949468],[12.390084,52.949455],[12.39009,52.94944],[12.390405,52.948957]]}},{"type":"Feature","properties":{"mode":"bus","n":9,"arr":["orp:701","orp:702","orp:705","orp:711","orp:712","orp:714","orp:717","orp:744","vgp:902"],"lines":"701, 702, 705, 711, 712, 714, 717, 744, 902"},"geometry":{"type":"LineString","coordinates":[[12.396478,52.945128],[12.395743,52.945006],[12.395664,52.944942],[12.395667,52.944582],[12.396161,52.943326],[12.396438,52.942421],[12.39691,52.940619]]}},{"type":"Feature","properties":{"mode":"bus","n":6,"arr":["orp:701","orp:705","orp:706","orp:712","orp:717","vgp:902"],"lines":"701, 705, 706, 712, 717, 902"},"geometry":{"type":"LineString","coordinates":[[12.39691,52.940619],[12.396808,52.940543],[12.39653,52.939737],[12.396098,52.938091],[12.395945,52.937969],[12.395961,52.937861],[12.395771,52.937654],[12.394707,52.936813]]}},{"type":"Feature","properties":{"mode":"bus","n":5,"arr":["orp:701","orp:702","orp:712","orp:717","vgp:902"],"lines":"701, 702, 712, 717, 902"},"geometry":{"type":"LineString","coordinates":[[12.395945,52.937969],[12.396232,52.937965],[12.396336,52.937909]]}},{"type":"Feature","properties":{"mode":"bus","n":10,"arr":["orp:701","orp:702","orp:705","orp:706","orp:711","orp:712","orp:714","orp:717","orp:744","vgp:902"],"lines":"701, 702, 705, 706, 711, 712, 714, 717, 744, 902"},"geometry":{"type":"LineString","coordinates":[[12.398997,52.940753],[12.39709,52.940603],[12.39691,52.940619]]}},{"type":"Feature","properties":{"mode":"bus","n":8,"arr":["orp:701","orp:702","orp:707","orp:711","orp:714","orp:717","orp:744","vgp:902"],"lines":"701, 702, 707, 711, 714, 717, 744, 902"},"geometry":{"type":"LineString","coordinates":[[12.399924,52.94034],[12.398997,52.940753]]}},{"type":"Feature","properties":{"mode":"bus","n":7,"arr":["orp:701","orp:702","orp:707","orp:711","orp:714","orp:717","orp:744"],"lines":"701, 702, 707, 711, 714, 717, 744"},"geometry":{"type":"LineString","coordinates":[[12.403082,52.9406],[12.402654,52.940424],[12.402133,52.940297],[12.400774,52.940172],[12.400386,52.940199],[12.399924,52.94034]]}},{"type":"Feature","properties":{"mode":"bus","n":9,"arr":["orp:701","orp:705","orp:706","orp:707","orp:711","orp:712","orp:714","orp:744","vgp:902"],"lines":"701, 705, 706, 707, 711, 712, 714, 744, 902"},"geometry":{"type":"LineString","coordinates":[[12.396478,52.945128],[12.397622,52.944969],[12.39767,52.944954],[12.397699,52.944927],[12.398849,52.942809],[12.398939,52.942552],[12.399023,52.94219],[12.398997,52.940753]]}},{"type":"Feature","properties":{"mode":"bus","n":9,"arr":["orp:701","orp:702","orp:706","orp:707","orp:711","orp:712","orp:714","orp:744","vgp:902"],"lines":"701, 702, 706, 707, 711, 712, 714, 744, 902"},"geometry":{"type":"LineString","coordinates":[[12.380627,52.951197],[12.380987,52.951102]]}},{"type":"Feature","properties":{"mode":"bus","n":5,"arr":["orp:704","orp:707","orp:711","orp:713","orp:714"],"lines":"704, 707, 711, 713, 714"},"geometry":{"type":"LineString","coordinates":[[12.456316,52.889279],[12.456461,52.88926],[12.456517,52.889259],[12.456568,52.889272],[12.456657,52.889307],[12.456681,52.889313],[12.456704,52.889312],[12.456725,52.889302],[12.456782,52.889266],[12.457222,52.888607]]}},{"type":"Feature","properties":{"mode":"bus","n":5,"arr":["osl:601","osl:602","osl:604","osl:607","osl:661"],"lines":"601, 602, 604, 607, 661"},"geometry":{"type":"LineString","coordinates":[[13.961712,51.857143],[13.961463,51.857236],[13.961251,51.857272]]}},{"type":"Feature","properties":{"mode":"bus","n":6,"arr":["osl:601","osl:602","osl:603","osl:604","osl:607","osl:661"],"lines":"601, 602, 603, 604, 607, 661"},"geometry":{"type":"LineString","coordinates":[[13.967201,51.85949],[13.967142,51.8594],[13.966982,51.859278]]}},{"type":"Feature","properties":{"mode":"bus","n":5,"arr":["osl:602","osl:603","osl:604","osl:607","osl:661"],"lines":"602, 603, 604, 607, 661"},"geometry":{"type":"LineString","coordinates":[[13.959813,51.857733],[13.959534,51.857793],[13.959393,51.857869]]}},{"type":"Feature","properties":{"mode":"bus","n":5,"arr":["osl:613","osl:619","osl:620","osl:641","osl:642"],"lines":"613, 619, 620, 641, 642"},"geometry":{"type":"LineString","coordinates":[[14.00689,51.519949],[14.005682,51.520307],[14.005345,51.520367],[14.004958,51.520396]]}},{"type":"Feature","properties":{"mode":"bus","n":5,"arr":["pm:601","pm:602","pm:624","pm:N13","pm:X1"],"lines":"601, 602, 624, N13, X1"},"geometry":{"type":"LineString","coordinates":[[13.174242,52.380355],[13.173217,52.38018],[13.171732,52.379886],[13.171019,52.379706],[13.17036,52.379486],[13.169722,52.379246],[13.16795,52.378389],[13.166343,52.377395]]}},{"type":"Feature","properties":{"mode":"bus","n":5,"arr":["RB66","uvg:459","uvg:467","uvg:471","uvg:472"],"lines":"RB66, 459, 467, 471, 472"},"geometry":{"type":"LineString","coordinates":[[14.208561,53.211388],[14.207944,53.211473],[14.207513,53.211575],[14.206579,53.212015],[14.206144,53.212157],[14.205624,53.212266]]}},{"type":"Feature","properties":{"mode":"bus","n":5,"arr":["RB66","uvg:459","uvg:467","uvg:471","uvg:472"],"lines":"RB66, 459, 467, 471, 472"},"geometry":{"type":"LineString","coordinates":[[14.207292,53.21332],[14.20712,53.213183],[14.205651,53.212282],[14.205621,53.212271],[14.205587,53.212271],[14.205517,53.212279]]}},{"type":"Feature","properties":{"mode":"bus","n":8,"arr":["vgp:901","vgp:903","vgp:904","vgp:915","vgp:917","vgp:933","vgp:934","vgp:939"],"lines":"901, 903, 904, 915, 917, 933, 934, 939"},"geometry":{"type":"LineString","coordinates":[[12.183368,53.145896],[12.183568,53.14596],[12.18363,53.146033]]}},{"type":"Feature","properties":{"mode":"bus","n":13,"arr":["vgp:901","vgp:902","vgp:903","vgp:904","vgp:905","vgp:915","vgp:917","vgp:919","vgp:931","vgp:933","vgp:934","vgp:936","vgp:939"],"lines":"901, 902, 903, 904, 905, 915, 917, 919, 931, 933, 934, 936, 939"},"geometry":{"type":"LineString","coordinates":[[12.18363,53.146033],[12.183627,53.146141],[12.183566,53.146251]]}},{"type":"Feature","properties":{"mode":"bus","n":7,"arr":["vgp:901","vgp:902","vgp:915","vgp:919","vgp:931","vgp:936","vgp:939"],"lines":"901, 902, 915, 919, 931, 936, 939"},"geometry":{"type":"LineString","coordinates":[[12.184197,53.148052],[12.184771,53.150289]]}},{"type":"Feature","properties":{"mode":"bus","n":8,"arr":["vgp:901","vgp:902","vgp:915","vgp:917","vgp:919","vgp:931","vgp:936","vgp:939"],"lines":"901, 902, 915, 917, 919, 931, 936, 939"},"geometry":{"type":"LineString","coordinates":[[12.184771,53.150289],[12.184852,53.150295]]}},{"type":"Feature","properties":{"mode":"bus","n":7,"arr":["vgp:901","vgp:902","vgp:915","vgp:917","vgp:919","vgp:936","vgp:939"],"lines":"901, 902, 915, 917, 919, 936, 939"},"geometry":{"type":"LineString","coordinates":[[12.184852,53.150295],[12.185005,53.150652],[12.185133,53.150856],[12.185939,53.151858],[12.186285,53.152142],[12.191089,53.155193],[12.191109,53.155211],[12.191113,53.15523],[12.191102,53.155251],[12.188716,53.157969],[12.18809,53.158724],[12.187988,53.158805],[12.187971,53.158816],[12.187955,53.158819],[12.187941,53.158814],[12.187929,53.158801],[12.187021,53.157517],[12.185775,53.155647],[12.185674,53.155552],[12.181183,53.153762],[12.178574,53.152758],[12.178335,53.15272],[12.178315,53.152718],[12.178301,53.15272],[12.178293,53.152725],[12.178291,53.152734],[12.178294,53.152746],[12.179631,53.155601]]}},{"type":"Feature","properties":{"mode":"bus","n":7,"arr":["vgp:901","vgp:902","vgp:915","vgp:917","vgp:933","vgp:936","vgp:939"],"lines":"901, 902, 915, 917, 933, 936, 939"},"geometry":{"type":"LineString","coordinates":[[12.179124,53.158235],[12.175619,53.158841]]}},{"type":"Feature","properties":{"mode":"bus","n":7,"arr":["vgp:901","vgp:902","vgp:903","vgp:915","vgp:934","vgp:936","vgp:939"],"lines":"901, 902, 903, 915, 934, 936, 939"},"geometry":{"type":"LineString","coordinates":[[12.175619,53.158841],[12.175208,53.15863],[12.174809,53.158386],[12.174231,53.157931]]}},{"type":"Feature","properties":{"mode":"bus","n":8,"arr":["vgp:901","vgp:902","vgp:903","vgp:915","vgp:933","vgp:934","vgp:936","vgp:939"],"lines":"901, 902, 903, 915, 933, 934, 936, 939"},"geometry":{"type":"LineString","coordinates":[[12.17321,53.156716],[12.174231,53.157931]]}},{"type":"Feature","properties":{"mode":"bus","n":9,"arr":["vgp:901","vgp:902","vgp:903","vgp:915","vgp:919","vgp:933","vgp:934","vgp:936","vgp:939"],"lines":"901, 902, 903, 915, 919, 933, 934, 936, 939"},"geometry":{"type":"LineString","coordinates":[[12.17321,53.156716],[12.172905,53.156292],[12.172692,53.155814],[12.17269,53.154493],[12.172744,53.15391],[12.172856,53.153364],[12.173804,53.151179],[12.173859,53.150628]]}},{"type":"Feature","properties":{"mode":"bus","n":5,"arr":["vgp:901","vgp:903","vgp:915","vgp:917","vgp:933"],"lines":"901, 903, 915, 917, 933"},"geometry":{"type":"LineString","coordinates":[[12.171401,53.149817],[12.171183,53.14982],[12.167254,53.149609]]}},{"type":"Feature","properties":{"mode":"bus","n":9,"arr":["vgp:901","vgp:902","vgp:903","vgp:904","vgp:915","vgp:917","vgp:919","vgp:933","vgp:936"],"lines":"901, 902, 903, 904, 915, 917, 919, 933, 936"},"geometry":{"type":"LineString","coordinates":[[12.174074,53.149413],[12.172218,53.14926]]}},{"type":"Feature","properties":{"mode":"bus","n":6,"arr":["vgp:901","vgp:915","vgp:917","vgp:919","vgp:933","vgp:934"],"lines":"901, 915, 917, 919, 933, 934"},"geometry":{"type":"LineString","coordinates":[[12.174074,53.149413],[12.174548,53.147886],[12.174561,53.147867],[12.174584,53.147857],[12.174617,53.147857],[12.175461,53.147938],[12.176916,53.147969],[12.17695,53.147965],[12.176972,53.147954],[12.176983,53.147934],[12.177044,53.147672],[12.177126,53.14751],[12.17792,53.146521],[12.178189,53.146115]]}},{"type":"Feature","properties":{"mode":"bus","n":9,"arr":["vgp:901","vgp:902","vgp:905","vgp:915","vgp:917","vgp:919","vgp:933","vgp:934","vgp:936"],"lines":"901, 902, 905, 915, 917, 919, 933, 934, 936"},"geometry":{"type":"LineString","coordinates":[[12.178189,53.146115],[12.180566,53.146029]]}},{"type":"Feature","properties":{"mode":"bus","n":12,"arr":["vgp:901","vgp:902","vgp:903","vgp:904","vgp:905","vgp:915","vgp:917","vgp:919","vgp:933","vgp:934","vgp:936","vgp:939"],"lines":"901, 902, 903, 904, 905, 915, 917, 919, 933, 934, 936, 939"},"geometry":{"type":"LineString","coordinates":[[12.180566,53.146029],[12.18165,53.146]]}},{"type":"Feature","properties":{"mode":"bus","n":11,"arr":["vgp:901","vgp:902","vgp:903","vgp:905","vgp:915","vgp:917","vgp:919","vgp:931","vgp:934","vgp:936","vgp:939"],"lines":"901, 902, 903, 905, 915, 917, 919, 931, 934, 936, 939"},"geometry":{"type":"LineString","coordinates":[[12.182685,53.145774],[12.182202,53.14569],[12.181993,53.14568],[12.181863,53.145705],[12.181706,53.145784],[12.181667,53.145831],[12.18165,53.146]]}},{"type":"Feature","properties":{"mode":"bus","n":11,"arr":["vgp:901","vgp:902","vgp:903","vgp:904","vgp:905","vgp:915","vgp:917","vgp:931","vgp:933","vgp:934","vgp:936"],"lines":"901, 902, 903, 904, 905, 915, 917, 931, 933, 934, 936"},"geometry":{"type":"LineString","coordinates":[[12.18165,53.146],[12.18199,53.145999],[12.182449,53.146033],[12.183566,53.146251]]}},{"type":"Feature","properties":{"mode":"bus","n":6,"arr":["vgp:901","vgp:903","vgp:904","vgp:917","vgp:934","vgp:939"],"lines":"901, 903, 904, 917, 934, 939"},"geometry":{"type":"LineString","coordinates":[[12.179817,53.148338],[12.180318,53.146893],[12.180566,53.146029]]}},{"type":"Feature","properties":{"mode":"bus","n":6,"arr":["vgp:901","vgp:903","vgp:904","vgp:917","vgp:934","vgp:939"],"lines":"901, 903, 904, 917, 934, 939"},"geometry":{"type":"LineString","coordinates":[[12.173859,53.150628],[12.175958,53.150571],[12.17712,53.15045],[12.180058,53.150029]]}},{"type":"Feature","properties":{"mode":"bus","n":5,"arr":["vgp:901","vgp:903","vgp:904","vgp:917","vgp:934"],"lines":"901, 903, 904, 917, 934"},"geometry":{"type":"LineString","coordinates":[[12.180058,53.150029],[12.180598,53.149942],[12.18063,53.149933],[12.180648,53.149918],[12.180655,53.149897],[12.180653,53.149726],[12.180487,53.148809],[12.180436,53.148719],[12.180243,53.148517],[12.180034,53.148406],[12.179817,53.148338]]}},{"type":"Feature","properties":{"mode":"bus","n":6,"arr":["vgp:901","vgp:902","vgp:915","vgp:917","vgp:933","vgp:936"],"lines":"901, 902, 915, 917, 933, 936"},"geometry":{"type":"LineString","coordinates":[[12.179718,53.155785],[12.180677,53.157784],[12.180726,53.157949],[12.180726,53.157969],[12.18071,53.157984],[12.18068,53.157993],[12.179124,53.158235]]}},{"type":"Feature","properties":{"mode":"bus","n":5,"arr":["vgp:901","vgp:902","vgp:915","vgp:917","vgp:936"],"lines":"901, 902, 915, 917, 936"},"geometry":{"type":"LineString","coordinates":[[12.179631,53.155601],[12.179718,53.155785]]}},{"type":"Feature","properties":{"mode":"bus","n":9,"arr":["vgp:902","vgp:903","vgp:904","vgp:915","vgp:917","vgp:919","vgp:933","vgp:934","vgp:936"],"lines":"902, 903, 904, 915, 917, 919, 933, 934, 936"},"geometry":{"type":"LineString","coordinates":[[12.173859,53.150628],[12.173984,53.149744],[12.174074,53.149413]]}},{"type":"Feature","properties":{"mode":"bus","n":5,"arr":["vgp:902","vgp:905","vgp:919","vgp:931","vgp:936"],"lines":"902, 905, 919, 931, 936"},"geometry":{"type":"LineString","coordinates":[[12.183344,53.145954],[12.18363,53.146033]]}},{"type":"Feature","properties":{"mode":"bus","n":5,"arr":["vgp:903","vgp:904","vgp:915","vgp:917","vgp:933"],"lines":"903, 904, 915, 917, 933"},"geometry":{"type":"LineString","coordinates":[[12.171401,53.149817],[12.171666,53.149697],[12.17201,53.149325]]}},{"type":"Feature","properties":{"mode":"bus","n":5,"arr":["445","uvg:401","uvg:403","uvg:431","uvg:441"],"lines":"445, 401, 403, 431, 441"},"geometry":{"type":"LineString","coordinates":[[13.866015,53.322461],[13.865523,53.32236]]}},{"type":"Feature","properties":{"mode":"tram","n":5,"arr":["60","61","62","63","bvg:27"],"lines":"60, 61, 62, 63, 27"},"geometry":{"type":"LineString","coordinates":[[13.577034,52.455613],[13.576505,52.454845],[13.576272,52.454558],[13.57357,52.452111],[13.572897,52.451572],[13.572277,52.451118],[13.57207,52.451068],[13.571845,52.451088]]}},{"type":"Feature","properties":{"mode":"tram","n":5,"arr":["60","61","62","63","bvg:27"],"lines":"60, 61, 62, 63, 27"},"geometry":{"type":"LineString","coordinates":[[13.577138,52.455765],[13.577108,52.455717]]}},{"type":"Feature","properties":{"mode":"tram","n":5,"arr":["60","61","62","63","bvg:27"],"lines":"60, 61, 62, 63, 27"},"geometry":{"type":"LineString","coordinates":[[13.5722,52.45109],[13.573529,52.452127],[13.576222,52.454575],[13.576726,52.455251]]}},{"type":"Feature","properties":{"mode":"tram","n":6,"arr":["60","67","bvg:21","bvg:27","bvg:37","M17"],"lines":"60, 67, 21, 27, 37, M17"},"geometry":{"type":"LineString","coordinates":[[13.514032,52.462266],[13.514042,52.462296]]}},{"type":"Feature","properties":{"mode":"tram","n":5,"arr":["61","62","63","67","68"],"lines":"61, 62, 63, 67, 68"},"geometry":{"type":"LineString","coordinates":[[13.577194,52.444211],[13.576907,52.444244]]}},{"type":"Feature","properties":{"mode":"tram","n":5,"arr":["61","62","63","67","68"],"lines":"61, 62, 63, 67, 68"},"geometry":{"type":"LineString","coordinates":[[13.577628,52.444196],[13.577968,52.444144]]}},{"type":"Feature","properties":{"mode":"tram","n":6,"arr":["91","92","93","96","98","99"],"lines":"91, 92, 93, 96, 98, 99"},"geometry":{"type":"LineString","coordinates":[[13.058375,52.397228],[13.058366,52.397128],[13.05886,52.395694],[13.059141,52.395251],[13.059291,52.39468],[13.059412,52.394503],[13.059548,52.39441],[13.059729,52.394341],[13.06104,52.39416],[13.061274,52.394093],[13.063204,52.392739],[13.063392,52.392574],[13.063647,52.392219],[13.063742,52.392004],[13.063899,52.391364],[13.064006,52.391202],[13.064167,52.391092],[13.064411,52.391015],[13.064603,52.390995],[13.06669,52.390912],[13.066931,52.390859],[13.067113,52.390768],[13.067253,52.390621],[13.067294,52.390498],[13.067279,52.390381],[13.067159,52.390213],[13.0666,52.389852],[13.066443,52.389682],[13.066421,52.389481],[13.066534,52.389304],[13.0699,52.38726],[13.070514,52.386739],[13.072784,52.385186],[13.073174,52.384828],[13.074537,52.383256],[13.074903,52.382961],[13.076002,52.382211]]}},{"type":"Feature","properties":{"mode":"tram","n":6,"arr":["91","92","93","96","98","99"],"lines":"91, 92, 93, 96, 98, 99"},"geometry":{"type":"LineString","coordinates":[[13.083519,52.377085],[13.084429,52.376441],[13.084661,52.376323]]}},{"type":"Feature","properties":{"mode":"tram","n":6,"arr":["91","92","93","96","98","99"],"lines":"91, 92, 93, 96, 98, 99"},"geometry":{"type":"LineString","coordinates":[[13.064855,52.390986],[13.065127,52.39101],[13.066633,52.390951],[13.066917,52.390906],[13.067162,52.390793],[13.067315,52.390626],[13.067352,52.390499],[13.067333,52.390373],[13.067213,52.390207],[13.066638,52.389835],[13.06652,52.389709],[13.066475,52.389576],[13.066486,52.389476],[13.066539,52.389368],[13.066648,52.389259],[13.069953,52.387261],[13.070557,52.386744],[13.072964,52.385085],[13.073233,52.384823],[13.074409,52.383442],[13.07478,52.383091],[13.083282,52.377289]]}},{"type":"Feature","properties":{"mode":"tram","n":6,"arr":["bvg:16","bvg:18","bvg:27","bvg:37","M6","M17"],"lines":"16, 18, 27, 37, M6, M17"},"geometry":{"type":"LineString","coordinates":[[13.517181,52.53565],[13.517224,52.535654]]}},{"type":"Feature","properties":{"mode":"tram","n":7,"arr":["S2","S15","S25","S26","S41","S42","sbahn:S1"],"lines":"S2, S15, S25, S26, S41, S42, S1"},"geometry":{"type":"LineString","coordinates":[[13.38801,52.549089],[13.388591,52.549136],[13.390047,52.549199]]}},{"type":"Feature","properties":{"mode":"tram","n":6,"arr":["S2","S25","S26","S41","S42","sbahn:S1"],"lines":"S2, S25, S26, S41, S42, S1"},"geometry":{"type":"LineString","coordinates":[[13.390047,52.549199],[13.39089,52.549234]]}},{"type":"Feature","properties":{"mode":"tram","n":6,"arr":["S3","S5","S7","S9","S42","S75"],"lines":"S3, S5, S7, S9, S42, S75"},"geometry":{"type":"LineString","coordinates":[[13.450839,52.506229],[13.452673,52.505871],[13.456323,52.505345]]}},{"type":"Feature","properties":{"mode":"tram","n":5,"arr":["S3","S5","S7","S9","S75"],"lines":"S3, S5, S7, S9, S75"},"geometry":{"type":"LineString","coordinates":[[13.435599,52.510528],[13.43667,52.510107],[13.438305,52.509315],[13.438979,52.509031],[13.439887,52.508704],[13.442326,52.507903],[13.44342,52.507642],[13.448376,52.506725],[13.450839,52.506229]]}},{"type":"Feature","properties":{"mode":"tram","n":5,"arr":["S3","S5","S7","S9","S41"],"lines":"S3, S5, S7, S9, S41"},"geometry":{"type":"LineString","coordinates":[[13.299058,52.503826],[13.298742,52.503756]]}},{"type":"Feature","properties":{"mode":"tram","n":5,"arr":["S8","S9","S46","S47","S85"],"lines":"S8, S9, S46, S47, S85"},"geometry":{"type":"LineString","coordinates":[[13.487437,52.469076],[13.489357,52.467867],[13.491612,52.466361],[13.493518,52.465011],[13.493951,52.464732],[13.49524,52.463988],[13.497218,52.462927],[13.497783,52.4626],[13.499637,52.461362],[13.503683,52.458748],[13.505491,52.45771],[13.507407,52.456568]]}},{"type":"Feature","properties":{"mode":"tram","n":5,"arr":["S8","S9","S41","S42","S85"],"lines":"S8, S9, S41, S42, S85"},"geometry":{"type":"LineString","coordinates":[[13.465855,52.497092],[13.465525,52.496877]]}},{"type":"Feature","properties":{"mode":"tram","n":5,"arr":["S8","S9","S41","S42","S85"],"lines":"S8, S9, S41, S42, S85"},"geometry":{"type":"LineString","coordinates":[[13.459238,52.490454],[13.459696,52.491098]]}},{"type":"Feature","properties":{"mode":"tram","n":7,"arr":["S8","S9","S41","S42","S46","S47","S85"],"lines":"S8, S9, S41, S42, S46, S47, S85"},"geometry":{"type":"LineString","coordinates":[[13.506542,52.456886],[13.504408,52.458216],[13.499593,52.46134],[13.497741,52.462578],[13.494414,52.464403],[13.49162,52.466168]]}},{"type":"Feature","properties":{"mode":"tram","n":7,"arr":["S8","S9","S41","S42","S46","S47","S85"],"lines":"S8, S9, S41, S42, S46, S47, S85"},"geometry":{"type":"LineString","coordinates":[[13.51262,52.453029],[13.512063,52.453389]]}},{"type":"Feature","properties":{"mode":"tram","n":6,"arr":["S8","S9","S41","S42","S46","S85"],"lines":"S8, S9, S41, S42, S46, S85"},"geometry":{"type":"LineString","coordinates":[[13.512063,52.453389],[13.508682,52.455576],[13.506542,52.456886]]}},{"type":"Feature","properties":{"mode":"tram","n":6,"arr":["S8","S9","S41","S42","S46","S85"],"lines":"S8, S9, S41, S42, S46, S85"},"geometry":{"type":"LineString","coordinates":[[13.542524,52.433934],[13.539433,52.436123],[13.537262,52.437743],[13.526115,52.445343],[13.525199,52.445936],[13.522429,52.447548],[13.51897,52.449185],[13.517952,52.449699],[13.515459,52.451046],[13.514311,52.451748],[13.51262,52.453029]]}},{"type":"Feature","properties":{"mode":"tram","n":5,"arr":["FEX","RB10","RE4","RE8","RE20"],"lines":"FEX, RB10, RE4, RE8, RE20"},"geometry":{"type":"LineString","coordinates":[[13.369053,52.525984],[13.371248,52.522835],[13.372053,52.521418],[13.373516,52.51847]]}},{"type":"Feature","properties":{"mode":"tram","n":7,"arr":["FEX","RB10","RE3","RE4","RE5","RE8","RE20"],"lines":"FEX, RB10, RE3, RE4, RE5, RE8, RE20"},"geometry":{"type":"LineString","coordinates":[[13.373516,52.51847],[13.373968,52.517558],[13.37567,52.514406],[13.375814,52.51403],[13.375998,52.513407],[13.376224,52.512216],[13.376253,52.511796],[13.376239,52.510958],[13.376106,52.508353],[13.376036,52.50772],[13.375895,52.507075],[13.375667,52.506434],[13.375345,52.5058],[13.374267,52.503939],[13.373981,52.503355],[13.373085,52.501252],[13.372857,52.500317],[13.372812,52.49976],[13.372824,52.499178],[13.373008,52.497456],[13.373004,52.496354],[13.372758,52.4921],[13.372307,52.489192]]}},{"type":"Feature","properties":{"mode":"tram","n":7,"arr":["FEX","RB10","RE3","RE4","RE5","RE8","RE20"],"lines":"FEX, RB10, RE3, RE4, RE5, RE8, RE20"},"geometry":{"type":"LineString","coordinates":[[13.372334,52.489367],[13.37174,52.486462],[13.371451,52.485683],[13.370113,52.4831],[13.367948,52.479494]]}},{"type":"Feature","properties":{"mode":"tram","n":6,"arr":["FEX","RB10","RE4","RE5","RE8","RE20"],"lines":"FEX, RB10, RE4, RE5, RE8, RE20"},"geometry":{"type":"LineString","coordinates":[[13.372561,52.49235],[13.372428,52.490203],[13.372334,52.489367]]}},{"type":"Feature","properties":{"mode":"tram","n":6,"arr":["FEX","RB10","RE4","RE5","RE8","RE20"],"lines":"FEX, RB10, RE4, RE5, RE8, RE20"},"geometry":{"type":"LineString","coordinates":[[13.372904,52.498478],[13.37256,52.49235]]}},{"type":"Feature","properties":{"mode":"tram","n":5,"arr":["FEX","RE3","RE4","RE5","RE20"],"lines":"FEX, RE3, RE4, RE5, RE20"},"geometry":{"type":"LineString","coordinates":[[13.365358,52.475153],[13.366915,52.477824],[13.367948,52.479494]]}},{"type":"Feature","properties":{"mode":"tram","n":6,"arr":["odeg:RB33","RB20","RB21","RB22","RB23","RE1"],"lines":"RB33, RB20, RB21, RB22, RB23, RE1"},"geometry":{"type":"LineString","coordinates":[[13.027454,52.392401],[13.028287,52.392436]]}},{"type":"Feature","properties":{"mode":"tram","n":6,"arr":["odeg:RB33","RB20","RB21","RB22","RB23","RE1"],"lines":"RB33, RB20, RB21, RB22, RB23, RE1"},"geometry":{"type":"LineString","coordinates":[[13.063175,52.391642],[13.06734,52.391495]]}},{"type":"Feature","properties":{"mode":"tram","n":5,"arr":["odeg:RB33","RB20","RB21","RB22","RB23"],"lines":"RB33, RB20, RB21, RB22, RB23"},"geometry":{"type":"LineString","coordinates":[[13.028287,52.392436],[13.029933,52.392544],[13.041518,52.393044],[13.043339,52.393078],[13.046554,52.393042],[13.048742,52.392948],[13.053099,52.392602],[13.054588,52.392465],[13.057434,52.392157],[13.061523,52.391825],[13.063175,52.391642]]}},{"type":"Feature","properties":{"mode":"tram","n":5,"arr":["RB10","RB14","RB21","RE2","RE6"],"lines":"RB10, RB14, RB21, RE2, RE6"},"geometry":{"type":"LineString","coordinates":[[13.031932,52.574688],[13.033473,52.574241]]}},{"type":"Feature","properties":{"mode":"tram","n":6,"arr":["RB10","RB14","RB21","RE2","RE6","RE8"],"lines":"RB10, RB14, RB21, RE2, RE6, RE8"},"geometry":{"type":"LineString","coordinates":[[13.033473,52.574241],[13.081192,52.561869],[13.083134,52.561415],[13.099558,52.55714],[13.100816,52.556763],[13.106751,52.555214],[13.112867,52.55352],[13.114917,52.552976],[13.140352,52.54643],[13.15976,52.54138],[13.168781,52.539213],[13.170857,52.538782],[13.185201,52.53647]]}},{"type":"Feature","properties":{"mode":"tram","n":5,"arr":["RB10","RE3","RE4","RE5","RE8"],"lines":"RB10, RE3, RE4, RE5, RE8"},"geometry":{"type":"LineString","coordinates":[[13.363083,52.532114],[13.363203,52.532]]}},{"type":"Feature","properties":{"mode":"tram","n":5,"arr":["RB10","RE3","RE4","RE5","RE8"],"lines":"RB10, RE3, RE4, RE5, RE8"},"geometry":{"type":"LineString","coordinates":[[13.364697,52.530602],[13.366439,52.528976]]}},{"type":"Feature","properties":{"mode":"tram","n":5,"arr":["RB12","RB24","RB26","RB32","RE3"],"lines":"RB12, RB24, RB26, RB32, RE3"},"geometry":{"type":"LineString","coordinates":[[13.517856,52.514282],[13.514147,52.51436],[13.512813,52.514364],[13.511377,52.514324],[13.509803,52.514217],[13.508889,52.514122],[13.506838,52.513862],[13.506273,52.51377],[13.505383,52.513589],[13.504116,52.51326],[13.50293,52.512898],[13.501841,52.512515],[13.501405,52.512336],[13.500975,52.512119],[13.498504,52.510746]]}},{"type":"Feature","properties":{"mode":"tram","n":5,"arr":["RB12","RB24","RB25","RB32","RE3"],"lines":"RB12, RB24, RB25, RB32, RE3"},"geometry":{"type":"LineString","coordinates":[[13.522783,52.514266],[13.521789,52.514286],[13.520352,52.514267]]}},{"type":"Feature","properties":{"mode":"tram","n":5,"arr":["RB12","RB24","RB25","RB32","RE3"],"lines":"RB12, RB24, RB25, RB32, RE3"},"geometry":{"type":"LineString","coordinates":[[13.535967,52.527956],[13.536006,52.527848]]}},{"type":"Feature","properties":{"mode":"tram","n":5,"arr":["RB20","RB21","RB22","RB23","RE1"],"lines":"RB20, RB21, RB22, RB23, RE1"},"geometry":{"type":"LineString","coordinates":[[12.994024,52.399665],[12.995851,52.399573],[13.000045,52.399173],[13.001042,52.399031],[13.003949,52.398544],[13.005267,52.398246],[13.006748,52.397771],[13.007477,52.397484],[13.008686,52.396905]]}},{"type":"Feature","properties":{"mode":"tram","n":5,"arr":["RB20","RB21","RB22","RB23","RE1"],"lines":"RB20, RB21, RB22, RB23, RE1"},"geometry":{"type":"LineString","coordinates":[[13.06734,52.391495],[13.071524,52.391341],[13.073808,52.39119],[13.074748,52.39117],[13.076161,52.391082],[13.078134,52.39104],[13.083144,52.39065],[13.084099,52.390625],[13.085213,52.390647],[13.086665,52.390753],[13.094524,52.391431],[13.120529,52.393695],[13.121759,52.393762],[13.123014,52.393869]]}},{"type":"Feature","properties":{"mode":"tram","n":5,"arr":["RB20","RB21","RB22","RB23","RE1"],"lines":"RB20, RB21, RB22, RB23, RE1"},"geometry":{"type":"LineString","coordinates":[[13.019964,52.392554],[13.02144,52.392364],[13.022936,52.392275],[13.024549,52.392283],[13.027454,52.392401]]}},{"type":"Feature","properties":{"mode":"tram","n":5,"arr":["RB49","RE11","RE13","RE15","RE18"],"lines":"RB49, RE11, RE13, RE15, RE18"},"geometry":{"type":"LineString","coordinates":[[13.865793,51.452197],[13.865449,51.451951]]}}]}